2025-11-22 05:52:51 [INFO] [app.main] [Worker-19820] ================================================================================
2025-11-22 05:52:51 [INFO] [app.main] [Worker-19820] INITIALIZING BPR BACKEND API
2025-11-22 05:52:51 [INFO] [app.main] [Worker-19820] ================================================================================
2025-11-22 05:52:51 [INFO] [app.main] [Worker-19820] CORS locked to: ['https://bpr-g26.netlify.app', 'https://test.bachelorproject26.site', 'https://bachelorproject26.site', 'http://localhost:5173', 'http://127.0.0.1:5173', 'https://carpredict.netlify.app']
2025-11-22 05:52:51 [INFO] [app.main] [Worker-19820] Database URL configured: db:5432/car_prediction
2025-11-22 05:52:51 [INFO] [app.main] [Worker-19820] Database initialized with connection pooling
2025-11-22 05:52:51 [INFO] [app.main] [Worker-19820] Initializing ML predictor...
2025-11-22 05:52:55 [INFO] [app.ml.predictor] [Worker-19820] Loaded model from C:\Users\Igor Cretu\Desktop\Bachelor\Project\BackEnd\API\app\ml\../../models\best_model_xgboost.pkl
2025-11-22 05:52:55 [INFO] [app.main] [Worker-19820] ML Predictor initialized: {'version': 'v1.0.0-heuristic', 'loaded': False, 'type': 'heuristic', 'model_name': 'N/A', 'test_r2': 'N/A', 'test_mae': 'N/A', 'features_count': 0}
2025-11-22 05:52:55 [INFO] [app.main] [Worker-19820] Application loaded by WSGI server
2025-11-22 05:52:55 [INFO] [app.main] [Worker-19820] Configuration: {'pool_size': 10, 'pool_recycle': 3600, 'pool_pre_ping': True, 'max_overflow': 20}
2025-11-22 05:56:24 [INFO] [app.main] [Worker-71576] ================================================================================
2025-11-22 05:56:24 [INFO] [app.main] [Worker-71576] INITIALIZING BPR BACKEND API
2025-11-22 05:56:24 [INFO] [app.main] [Worker-71576] ================================================================================
2025-11-22 05:56:24 [INFO] [app.main] [Worker-71576] CORS locked to: ['https://bpr-g26.netlify.app', 'https://test.bachelorproject26.site', 'https://bachelorproject26.site', 'http://localhost:5173', 'http://127.0.0.1:5173', 'https://carpredict.netlify.app']
2025-11-22 05:56:24 [INFO] [app.main] [Worker-71576] Database URL configured: db:5432/car_prediction
2025-11-22 05:56:24 [INFO] [app.main] [Worker-71576] Database initialized with connection pooling
2025-11-22 05:56:24 [INFO] [app.main] [Worker-71576] Initializing ML predictor...
2025-11-22 05:56:27 [INFO] [app.ml.predictor] [Worker-71576] Loaded model from C:\Users\Igor Cretu\Desktop\Bachelor\Project\BackEnd\API\app\ml\../../models\best_model_xgboost.pkl
2025-11-22 05:56:27 [INFO] [app.main] [Worker-71576] ML Predictor initialized: {'version': 'v1.0.0-heuristic', 'loaded': False, 'type': 'heuristic', 'model_name': 'N/A', 'test_r2': 'N/A', 'test_mae': 'N/A', 'features_count': 0}
2025-11-22 05:56:27 [INFO] [app.main] [Worker-71576] Application loaded by WSGI server
2025-11-22 05:56:27 [INFO] [app.main] [Worker-71576] Configuration: {'pool_size': 10, 'pool_recycle': 3600, 'pool_pre_ping': True, 'max_overflow': 20}
2025-11-22 05:57:58 [INFO] [app.ml.predictor] [Worker-71576] Loaded model from C:\Users\Igor Cretu\Desktop\Bachelor\Project\BackEnd\API\app\ml\../../models\best_model_xgboost.pkl
2025-11-22 05:57:58 [INFO] [app.ml.predictor] [Worker-71576] Loaded model from C:\Users\Igor Cretu\Desktop\Bachelor\Project\BackEnd\API\app\ml\../../models\best_model_xgboost.pkl
2025-11-22 05:57:58 [INFO] [app.ml.predictor] [Worker-71576] Loaded model from C:\Users\Igor Cretu\Desktop\Bachelor\Project\BackEnd\API\app\ml\../../models\best_model_xgboost.pkl
2025-11-22 05:57:58 [INFO] [app.ml.predictor] [Worker-71576] Loaded model from C:\Users\Igor Cretu\Desktop\Bachelor\Project\BackEnd\API\app\ml\../../models\best_model_xgboost.pkl
2025-11-22 05:59:03 [INFO] [app.main] [Worker-33688] ================================================================================
2025-11-22 05:59:03 [INFO] [app.main] [Worker-33688] INITIALIZING BPR BACKEND API
2025-11-22 05:59:03 [INFO] [app.main] [Worker-33688] ================================================================================
2025-11-22 05:59:03 [INFO] [app.main] [Worker-33688] CORS locked to: ['https://bpr-g26.netlify.app', 'https://test.bachelorproject26.site', 'https://bachelorproject26.site', 'http://localhost:5173', 'http://127.0.0.1:5173', 'https://carpredict.netlify.app']
2025-11-22 05:59:03 [INFO] [app.main] [Worker-33688] Database URL configured: localhost
2025-11-22 05:59:30 [INFO] [app.main] [Worker-3192] ================================================================================
2025-11-22 05:59:30 [INFO] [app.main] [Worker-3192] INITIALIZING BPR BACKEND API
2025-11-22 05:59:30 [INFO] [app.main] [Worker-3192] ================================================================================
2025-11-22 05:59:30 [INFO] [app.main] [Worker-3192] CORS locked to: ['https://bpr-g26.netlify.app', 'https://test.bachelorproject26.site', 'https://bachelorproject26.site', 'http://localhost:5173', 'http://127.0.0.1:5173', 'https://carpredict.netlify.app']
2025-11-22 05:59:30 [INFO] [app.main] [Worker-3192] Database URL configured: localhost
2025-11-22 05:59:30 [INFO] [app.main] [Worker-3192] Database initialized with connection pooling
2025-11-22 05:59:30 [INFO] [app.main] [Worker-3192] Initializing ML predictor...
2025-11-22 05:59:32 [INFO] [app.ml.predictor] [Worker-3192] Loaded model from C:\Users\Igor Cretu\Desktop\Bachelor\Project\BackEnd\API\app\ml\../../models\best_model_xgboost.pkl
2025-11-22 05:59:32 [INFO] [app.main] [Worker-3192] ML Predictor initialized: {'version': 'v1.0.0-heuristic', 'loaded': False, 'type': 'heuristic', 'model_name': 'N/A', 'test_r2': 'N/A', 'test_mae': 'N/A', 'features_count': 0}
2025-11-22 05:59:32 [INFO] [app.main] [Worker-3192] Application loaded by WSGI server
2025-11-22 05:59:32 [INFO] [app.main] [Worker-3192] Configuration: {}
2025-11-22 05:59:33 [INFO] [app.main] [Worker-3192] [1763787573361] GET /api/cars from 127.0.0.1 User-Agent: Werkzeug/3.1.3
2025-11-22 05:59:33 [INFO] [app.main] [Worker-3192] [1763787573361] Fetching cars with filters: ImmutableMultiDict([])
2025-11-22 05:59:33 [INFO] [app.main] [Worker-3192] [1763787573361] Found 0 cars, returning page 1/0 with 0 items
2025-11-22 05:59:33 [INFO] [app.main] [Worker-3192] [1763787573361] Response: 200 Duration: 0.062s Size: 127 bytes
2025-11-22 05:59:33 [INFO] [app.main] [Worker-3192] [1763787573451] GET /api/cars from 127.0.0.1 User-Agent: Werkzeug/3.1.3
2025-11-22 05:59:33 [INFO] [app.main] [Worker-3192] [1763787573451] Fetching cars with filters: ImmutableMultiDict([])
2025-11-22 05:59:33 [INFO] [app.main] [Worker-3192] [1763787573451] Found 0 cars, returning page 1/0 with 0 items
2025-11-22 05:59:33 [INFO] [app.main] [Worker-3192] [1763787573451] Response: 200 Duration: 0.005s Size: 127 bytes
2025-11-22 05:59:33 [INFO] [app.main] [Worker-3192] [1763787573485] GET /api/cars from 127.0.0.1 User-Agent: Werkzeug/3.1.3
2025-11-22 05:59:33 [INFO] [app.main] [Worker-3192] [1763787573485] Fetching cars with filters: ImmutableMultiDict([('page', '1'), ('per_page', '10')])
2025-11-22 05:59:33 [INFO] [app.main] [Worker-3192] [1763787573485] Found 0 cars, returning page 1/0 with 0 items
2025-11-22 05:59:33 [INFO] [app.main] [Worker-3192] [1763787573485] Response: 200 Duration: 0.006s Size: 127 bytes
2025-11-22 05:59:33 [INFO] [app.main] [Worker-3192] [1763787573517] GET /api/cars from 127.0.0.1 User-Agent: Werkzeug/3.1.3
2025-11-22 05:59:33 [INFO] [app.main] [Worker-3192] [1763787573517] Fetching cars with filters: ImmutableMultiDict([('brand', 'Toyota'), ('fuel_type', 'Benzin')])
2025-11-22 05:59:33 [INFO] [app.main] [Worker-3192] [1763787573517] Found 0 cars, returning page 1/0 with 0 items
2025-11-22 05:59:33 [INFO] [app.main] [Worker-3192] [1763787573517] Response: 200 Duration: 0.029s Size: 127 bytes
2025-11-22 05:59:33 [INFO] [app.main] [Worker-3192] [1763787573572] GET /api/cars from 127.0.0.1 User-Agent: Werkzeug/3.1.3
2025-11-22 05:59:33 [INFO] [app.main] [Worker-3192] [1763787573572] Fetching cars with filters: ImmutableMultiDict([('q', 'Toyota')])
2025-11-22 05:59:33 [INFO] [app.main] [Worker-3192] [1763787573572] Found 0 cars, returning page 1/0 with 0 items
2025-11-22 05:59:33 [INFO] [app.main] [Worker-3192] [1763787573572] Response: 200 Duration: 0.028s Size: 127 bytes
2025-11-22 05:59:33 [INFO] [app.main] [Worker-3192] [1763787573622] GET /api/cars from 127.0.0.1 User-Agent: Werkzeug/3.1.3
2025-11-22 05:59:33 [INFO] [app.main] [Worker-3192] [1763787573622] Fetching cars with filters: ImmutableMultiDict([('price_min', '100000'), ('price_max', '500000')])
2025-11-22 05:59:33 [INFO] [app.main] [Worker-3192] [1763787573622] Found 0 cars, returning page 1/0 with 0 items
2025-11-22 05:59:33 [INFO] [app.main] [Worker-3192] [1763787573622] Response: 200 Duration: 0.092s Size: 127 bytes
2025-11-22 05:59:33 [INFO] [app.main] [Worker-3192] [1763787573737] GET /api/cars from 127.0.0.1 User-Agent: Werkzeug/3.1.3
2025-11-22 05:59:33 [INFO] [app.main] [Worker-3192] [1763787573737] Fetching cars with filters: ImmutableMultiDict([('year_min', '2018'), ('year_max', '2022')])
2025-11-22 05:59:33 [INFO] [app.main] [Worker-3192] [1763787573737] Found 0 cars, returning page 1/0 with 0 items
2025-11-22 05:59:33 [INFO] [app.main] [Worker-3192] [1763787573737] Response: 200 Duration: 0.028s Size: 127 bytes
2025-11-22 05:59:33 [INFO] [app.main] [Worker-3192] [1763787573792] GET /api/cars/invalid-id-999999 from 127.0.0.1 User-Agent: Werkzeug/3.1.3
2025-11-22 05:59:33 [INFO] [app.main] [Worker-3192] [1763787573792] Fetching car with ID: invalid-id-999999
2025-11-22 05:59:33 [ERROR] [app.main] [Worker-3192] [1763787573792] Unexpected error in get_car: 404 Not Found: The requested URL was not found on the server. If you entered the URL manually please check your spelling and try again.
2025-11-22 05:59:33 [ERROR] [app.main] [Worker-3192] Traceback (most recent call last):
  File "C:\Users\Igor Cretu\Desktop\Bachelor\Project\BackEnd\API\app\main.py", line 232, in decorated_function
    return f(*args, **kwargs)
           ^^^^^^^^^^^^^^^^^^
  File "C:\Users\Igor Cretu\Desktop\Bachelor\Project\BackEnd\API\app\main.py", line 408, in get_car
    car = Car.query.get_or_404(car_id)
          ^^^^^^^^^^^^^^^^^^^^^^^^^^^^
  File "C:\Users\Igor Cretu\AppData\Local\Programs\Python\Python312\Lib\site-packages\flask_sqlalchemy\query.py", line 33, in get_or_404
    abort(404, description=description)
  File "C:\Users\Igor Cretu\AppData\Local\Programs\Python\Python312\Lib\site-packages\flask\helpers.py", line 274, in abort
    current_app.aborter(code, *args, **kwargs)
  File "C:\Users\Igor Cretu\AppData\Local\Programs\Python\Python312\Lib\site-packages\werkzeug\exceptions.py", line 876, in __call__
    raise self.mapping[code](*args, **kwargs)
werkzeug.exceptions.NotFound: 404 Not Found: The requested URL was not found on the server. If you entered the URL manually please check your spelling and try again.

2025-11-22 05:59:33 [INFO] [app.main] [Worker-3192] [1763787573792] Response: 500 Duration: 0.054s Size: 64 bytes
2025-11-22 05:59:34 [INFO] [app.main] [Worker-3192] [1763787574226] GET /api/cars/test-id from 127.0.0.1 User-Agent: Werkzeug/3.1.3
2025-11-22 05:59:34 [INFO] [app.main] [Worker-3192] [1763787574226] Fetching car with ID: test-id
2025-11-22 05:59:34 [ERROR] [app.main] [Worker-3192] [1763787574226] Unexpected error in get_car: 404 Not Found: The requested URL was not found on the server. If you entered the URL manually please check your spelling and try again.
2025-11-22 05:59:34 [ERROR] [app.main] [Worker-3192] Traceback (most recent call last):
  File "C:\Users\Igor Cretu\Desktop\Bachelor\Project\BackEnd\API\app\main.py", line 232, in decorated_function
    return f(*args, **kwargs)
           ^^^^^^^^^^^^^^^^^^
  File "C:\Users\Igor Cretu\Desktop\Bachelor\Project\BackEnd\API\app\main.py", line 408, in get_car
    car = Car.query.get_or_404(car_id)
          ^^^^^^^^^^^^^^^^^^^^^^^^^^^^
  File "C:\Users\Igor Cretu\AppData\Local\Programs\Python\Python312\Lib\site-packages\flask_sqlalchemy\query.py", line 33, in get_or_404
    abort(404, description=description)
  File "C:\Users\Igor Cretu\AppData\Local\Programs\Python\Python312\Lib\site-packages\flask\helpers.py", line 274, in abort
    current_app.aborter(code, *args, **kwargs)
  File "C:\Users\Igor Cretu\AppData\Local\Programs\Python\Python312\Lib\site-packages\werkzeug\exceptions.py", line 876, in __call__
    raise self.mapping[code](*args, **kwargs)
werkzeug.exceptions.NotFound: 404 Not Found: The requested URL was not found on the server. If you entered the URL manually please check your spelling and try again.

2025-11-22 05:59:34 [INFO] [app.main] [Worker-3192] [1763787574226] Response: 500 Duration: 0.006s Size: 64 bytes
2025-11-22 05:59:34 [INFO] [app.main] [Worker-3192] [1763787574260] GET /api/brands from 127.0.0.1 User-Agent: Werkzeug/3.1.3
2025-11-22 05:59:34 [INFO] [app.main] [Worker-3192] [1763787574260] Fetching brands
2025-11-22 05:59:34 [INFO] [app.main] [Worker-3192] [1763787574260] Found 0 brands
2025-11-22 05:59:34 [INFO] [app.main] [Worker-3192] [1763787574260] Response: 200 Duration: 0.006s Size: 29 bytes
2025-11-22 05:59:34 [INFO] [app.main] [Worker-3192] [1763787574287] GET /api/brands from 127.0.0.1 User-Agent: Werkzeug/3.1.3
2025-11-22 05:59:34 [INFO] [app.main] [Worker-3192] [1763787574287] Fetching brands
2025-11-22 05:59:34 [INFO] [app.main] [Worker-3192] [1763787574287] Found 0 brands
2025-11-22 05:59:34 [INFO] [app.main] [Worker-3192] [1763787574287] Response: 200 Duration: 0.004s Size: 29 bytes
2025-11-22 05:59:34 [INFO] [app.main] [Worker-3192] [1763787574317] GET /api/brands from 127.0.0.1 User-Agent: Werkzeug/3.1.3
2025-11-22 05:59:34 [INFO] [app.main] [Worker-3192] [1763787574317] Fetching brands
2025-11-22 05:59:34 [INFO] [app.main] [Worker-3192] [1763787574317] Found 0 brands
2025-11-22 05:59:34 [INFO] [app.main] [Worker-3192] [1763787574317] Response: 200 Duration: 0.004s Size: 29 bytes
2025-11-22 05:59:34 [INFO] [app.main] [Worker-3192] [1763787574346] GET /api/filters from 127.0.0.1 User-Agent: Werkzeug/3.1.3
2025-11-22 05:59:34 [INFO] [app.main] [Worker-3192] [1763787574346] Fetching filter options
2025-11-22 05:59:34 [INFO] [app.main] [Worker-3192] [1763787574346] Retrieved all filter options successfully
2025-11-22 05:59:34 [INFO] [app.main] [Worker-3192] [1763787574346] Response: 200 Duration: 0.021s Size: 210 bytes
2025-11-22 05:59:34 [INFO] [app.main] [Worker-3192] [1763787574392] GET /api/filters from 127.0.0.1 User-Agent: Werkzeug/3.1.3
2025-11-22 05:59:34 [INFO] [app.main] [Worker-3192] [1763787574392] Fetching filter options
2025-11-22 05:59:34 [INFO] [app.main] [Worker-3192] [1763787574392] Retrieved all filter options successfully
2025-11-22 05:59:34 [INFO] [app.main] [Worker-3192] [1763787574392] Response: 200 Duration: 0.008s Size: 210 bytes
2025-11-22 05:59:34 [INFO] [app.main] [Worker-3192] [1763787574424] GET /api/filters from 127.0.0.1 User-Agent: Werkzeug/3.1.3
2025-11-22 05:59:34 [INFO] [app.main] [Worker-3192] [1763787574424] Fetching filter options
2025-11-22 05:59:34 [INFO] [app.main] [Worker-3192] [1763787574424] Retrieved all filter options successfully
2025-11-22 05:59:34 [INFO] [app.main] [Worker-3192] [1763787574424] Response: 200 Duration: 0.009s Size: 210 bytes
2025-11-22 05:59:34 [INFO] [app.main] [Worker-3192] [1763787574459] GET /api/predict from 127.0.0.1 User-Agent: Werkzeug/3.1.3
2025-11-22 05:59:34 [ERROR] [app.main] [Worker-3192] [1763787574459] Unhandled exception: 405 Method Not Allowed: The method is not allowed for the requested URL.
2025-11-22 05:59:34 [ERROR] [app.main] [Worker-3192] Traceback (most recent call last):
  File "C:\Users\Igor Cretu\AppData\Local\Programs\Python\Python312\Lib\site-packages\flask\app.py", line 867, in full_dispatch_request
    rv = self.dispatch_request()
         ^^^^^^^^^^^^^^^^^^^^^^^
  File "C:\Users\Igor Cretu\AppData\Local\Programs\Python\Python312\Lib\site-packages\flask\app.py", line 841, in dispatch_request
    self.raise_routing_exception(req)
  File "C:\Users\Igor Cretu\AppData\Local\Programs\Python\Python312\Lib\site-packages\flask\app.py", line 450, in raise_routing_exception
    raise request.routing_exception  # type: ignore
    ^^^^^^^^^^^^^^^^^^^^^^^^^^^^^^^
  File "C:\Users\Igor Cretu\AppData\Local\Programs\Python\Python312\Lib\site-packages\flask\ctx.py", line 353, in match_request
    result = self.url_adapter.match(return_rule=True)  # type: ignore
             ^^^^^^^^^^^^^^^^^^^^^^^^^^^^^^^^^^^^^^^^
  File "C:\Users\Igor Cretu\AppData\Local\Programs\Python\Python312\Lib\site-packages\werkzeug\routing\map.py", line 624, in match
    raise MethodNotAllowed(valid_methods=list(e.have_match_for)) from None
werkzeug.exceptions.MethodNotAllowed: 405 Method Not Allowed: The method is not allowed for the requested URL.

2025-11-22 05:59:34 [INFO] [app.main] [Worker-3192] [1763787574459] Response: 500 Duration: 0.052s Size: 71 bytes
2025-11-22 05:59:34 [INFO] [app.main] [Worker-3192] [1763787574550] POST /api/predict from 127.0.0.1 User-Agent: Werkzeug/3.1.3
2025-11-22 05:59:34 [INFO] [app.main] [Worker-3192] [1763787574550] Request body: {'brand': 'Toyota', 'model': 'Camry', 'year': 2020, 'mileage': 50000, 'fuel_type': 'Benzin', 'transmission': 'Automatisk', 'body_type': 'Sedan', 'horsepower': 200, 'engine_size': 2.5, 'doors': 4, 'color': 'Black'}
2025-11-22 05:59:34 [INFO] [app.main] [Worker-3192] [1763787574550] Price prediction requested for: Toyota Camry 2020
2025-11-22 05:59:34 [INFO] [app.main] [Worker-3192] [1763787574550] Prediction completed in 0.000s: 136601.59 DKK (confidence: 87.0%)
2025-11-22 05:59:34 [INFO] [app.main] [Worker-3192] [1763787574550] Response: 200 Duration: 0.006s Size: 396 bytes
2025-11-22 05:59:34 [INFO] [app.main] [Worker-3192] [1763787574581] POST /api/predict from 127.0.0.1 User-Agent: Werkzeug/3.1.3
2025-11-22 05:59:34 [WARNING] [app.main] [Worker-3192] [1763787574581] Validation error in predict_price: Request body must be valid JSON
2025-11-22 05:59:34 [INFO] [app.main] [Worker-3192] [1763787574581] Response: 400 Duration: 0.002s Size: 60 bytes
2025-11-22 05:59:34 [INFO] [app.main] [Worker-3192] [1763787574609] POST /api/predict from 127.0.0.1 User-Agent: Werkzeug/3.1.3
2025-11-22 05:59:34 [WARNING] [app.main] [Worker-3192] [1763787574609] Validation error in predict_price: Missing required fields: brand, model, year, mileage, fuel_type, transmission, body_type
2025-11-22 05:59:34 [INFO] [app.main] [Worker-3192] [1763787574609] Response: 400 Duration: 0.001s Size: 117 bytes
2025-11-22 05:59:34 [INFO] [app.main] [Worker-3192] [1763787574633] GET /api/health from 127.0.0.1 User-Agent: Werkzeug/3.1.3
2025-11-22 05:59:34 [WARNING] [app.main] [Worker-3192] [1763787574633] 404 error: /api/health
2025-11-22 05:59:34 [INFO] [app.main] [Worker-3192] [1763787574633] Response: 404 Duration: 0.002s Size: 68 bytes
2025-11-22 05:59:34 [INFO] [app.ml.predictor] [Worker-3192] Loaded model from C:\Users\Igor Cretu\Desktop\Bachelor\Project\BackEnd\API\app\ml\../../models\best_model_xgboost.pkl
2025-11-22 05:59:34 [INFO] [app.ml.predictor] [Worker-3192] Loaded model from C:\Users\Igor Cretu\Desktop\Bachelor\Project\BackEnd\API\app\ml\../../models\best_model_xgboost.pkl
2025-11-22 05:59:34 [INFO] [app.ml.predictor] [Worker-3192] Loaded model from C:\Users\Igor Cretu\Desktop\Bachelor\Project\BackEnd\API\app\ml\../../models\best_model_xgboost.pkl
2025-11-22 05:59:34 [INFO] [app.ml.predictor] [Worker-3192] Loaded model from C:\Users\Igor Cretu\Desktop\Bachelor\Project\BackEnd\API\app\ml\../../models\best_model_xgboost.pkl
2025-11-22 06:01:04 [INFO] [app.main] [Worker-63184] ================================================================================
2025-11-22 06:01:04 [INFO] [app.main] [Worker-63184] INITIALIZING BPR BACKEND API
2025-11-22 06:01:04 [INFO] [app.main] [Worker-63184] ================================================================================
2025-11-22 06:01:04 [INFO] [app.main] [Worker-63184] CORS locked to: ['https://bpr-g26.netlify.app', 'https://test.bachelorproject26.site', 'https://bachelorproject26.site', 'http://localhost:5173', 'http://127.0.0.1:5173', 'https://carpredict.netlify.app']
2025-11-22 06:01:04 [INFO] [app.main] [Worker-63184] Database URL configured: localhost
2025-11-22 06:01:04 [INFO] [app.main] [Worker-63184] Database initialized with connection pooling
2025-11-22 06:01:04 [INFO] [app.main] [Worker-63184] Initializing ML predictor...
2025-11-22 06:01:06 [INFO] [app.ml.predictor] [Worker-63184] Loaded model from C:\Users\Igor Cretu\Desktop\Bachelor\Project\BackEnd\API\app\ml\../../models\best_model_xgboost.pkl
2025-11-22 06:01:06 [INFO] [app.main] [Worker-63184] ML Predictor initialized: {'version': 'v1.0.0-heuristic', 'loaded': False, 'type': 'heuristic', 'model_name': 'N/A', 'test_r2': 'N/A', 'test_mae': 'N/A', 'features_count': 0}
2025-11-22 06:01:06 [INFO] [app.main] [Worker-63184] Application loaded by WSGI server
2025-11-22 06:01:06 [INFO] [app.main] [Worker-63184] Configuration: {}
2025-11-22 06:01:07 [INFO] [app.main] [Worker-63184] [1763787667188] GET /api/cars from 127.0.0.1 User-Agent: Werkzeug/3.1.3
2025-11-22 06:01:07 [INFO] [app.main] [Worker-63184] [1763787667188] Fetching cars with filters: ImmutableMultiDict([])
2025-11-22 06:01:07 [INFO] [app.main] [Worker-63184] [1763787667188] Found 0 cars, returning page 1/0 with 0 items
2025-11-22 06:01:07 [INFO] [app.main] [Worker-63184] [1763787667188] Response: 200 Duration: 0.061s Size: 127 bytes
2025-11-22 06:01:07 [INFO] [app.main] [Worker-63184] [1763787667276] GET /api/cars from 127.0.0.1 User-Agent: Werkzeug/3.1.3
2025-11-22 06:01:07 [INFO] [app.main] [Worker-63184] [1763787667276] Fetching cars with filters: ImmutableMultiDict([])
2025-11-22 06:01:07 [INFO] [app.main] [Worker-63184] [1763787667276] Found 0 cars, returning page 1/0 with 0 items
2025-11-22 06:01:07 [INFO] [app.main] [Worker-63184] [1763787667276] Response: 200 Duration: 0.006s Size: 127 bytes
2025-11-22 06:01:07 [INFO] [app.main] [Worker-63184] [1763787667311] GET /api/cars from 127.0.0.1 User-Agent: Werkzeug/3.1.3
2025-11-22 06:01:07 [INFO] [app.main] [Worker-63184] [1763787667311] Fetching cars with filters: ImmutableMultiDict([('page', '1'), ('per_page', '10')])
2025-11-22 06:01:07 [INFO] [app.main] [Worker-63184] [1763787667311] Found 0 cars, returning page 1/0 with 0 items
2025-11-22 06:01:07 [INFO] [app.main] [Worker-63184] [1763787667311] Response: 200 Duration: 0.004s Size: 127 bytes
2025-11-22 06:01:07 [INFO] [app.main] [Worker-63184] [1763787667348] GET /api/cars from 127.0.0.1 User-Agent: Werkzeug/3.1.3
2025-11-22 06:01:07 [INFO] [app.main] [Worker-63184] [1763787667348] Fetching cars with filters: ImmutableMultiDict([('brand', 'Toyota'), ('fuel_type', 'Benzin')])
2025-11-22 06:01:07 [INFO] [app.main] [Worker-63184] [1763787667348] Found 0 cars, returning page 1/0 with 0 items
2025-11-22 06:01:07 [INFO] [app.main] [Worker-63184] [1763787667348] Response: 200 Duration: 0.033s Size: 127 bytes
2025-11-22 06:01:07 [INFO] [app.main] [Worker-63184] [1763787667407] GET /api/cars from 127.0.0.1 User-Agent: Werkzeug/3.1.3
2025-11-22 06:01:07 [INFO] [app.main] [Worker-63184] [1763787667407] Fetching cars with filters: ImmutableMultiDict([('q', 'Toyota')])
2025-11-22 06:01:07 [INFO] [app.main] [Worker-63184] [1763787667407] Found 0 cars, returning page 1/0 with 0 items
2025-11-22 06:01:07 [INFO] [app.main] [Worker-63184] [1763787667407] Response: 200 Duration: 0.036s Size: 127 bytes
2025-11-22 06:01:07 [INFO] [app.main] [Worker-63184] [1763787667467] GET /api/cars from 127.0.0.1 User-Agent: Werkzeug/3.1.3
2025-11-22 06:01:07 [INFO] [app.main] [Worker-63184] [1763787667467] Fetching cars with filters: ImmutableMultiDict([('price_min', '100000'), ('price_max', '500000')])
2025-11-22 06:01:07 [INFO] [app.main] [Worker-63184] [1763787667467] Found 0 cars, returning page 1/0 with 0 items
2025-11-22 06:01:07 [INFO] [app.main] [Worker-63184] [1763787667467] Response: 200 Duration: 0.106s Size: 127 bytes
2025-11-22 06:01:07 [INFO] [app.main] [Worker-63184] [1763787667601] GET /api/cars from 127.0.0.1 User-Agent: Werkzeug/3.1.3
2025-11-22 06:01:07 [INFO] [app.main] [Worker-63184] [1763787667601] Fetching cars with filters: ImmutableMultiDict([('year_min', '2018'), ('year_max', '2022')])
2025-11-22 06:01:07 [INFO] [app.main] [Worker-63184] [1763787667601] Found 0 cars, returning page 1/0 with 0 items
2025-11-22 06:01:07 [INFO] [app.main] [Worker-63184] [1763787667601] Response: 200 Duration: 0.025s Size: 127 bytes
2025-11-22 06:01:07 [INFO] [app.main] [Worker-63184] [1763787667657] GET /api/cars/invalid-id-999999 from 127.0.0.1 User-Agent: Werkzeug/3.1.3
2025-11-22 06:01:07 [INFO] [app.main] [Worker-63184] [1763787667657] Fetching car with ID: invalid-id-999999
2025-11-22 06:01:07 [WARNING] [app.main] [Worker-63184] [1763787667657] 404 error: /api/cars/invalid-id-999999
2025-11-22 06:01:07 [INFO] [app.main] [Worker-63184] [1763787667657] Response: 404 Duration: 0.011s Size: 84 bytes
2025-11-22 06:01:07 [INFO] [app.main] [Worker-63184] [1763787667699] GET /api/cars/test-id from 127.0.0.1 User-Agent: Werkzeug/3.1.3
2025-11-22 06:01:07 [INFO] [app.main] [Worker-63184] [1763787667699] Fetching car with ID: test-id
2025-11-22 06:01:07 [WARNING] [app.main] [Worker-63184] [1763787667699] 404 error: /api/cars/test-id
2025-11-22 06:01:07 [INFO] [app.main] [Worker-63184] [1763787667699] Response: 404 Duration: 0.003s Size: 74 bytes
2025-11-22 06:01:07 [INFO] [app.main] [Worker-63184] [1763787667731] GET /api/brands from 127.0.0.1 User-Agent: Werkzeug/3.1.3
2025-11-22 06:01:07 [INFO] [app.main] [Worker-63184] [1763787667731] Fetching brands
2025-11-22 06:01:07 [INFO] [app.main] [Worker-63184] [1763787667731] Found 0 brands
2025-11-22 06:01:07 [INFO] [app.main] [Worker-63184] [1763787667731] Response: 200 Duration: 0.006s Size: 29 bytes
2025-11-22 06:01:07 [INFO] [app.main] [Worker-63184] [1763787667770] GET /api/brands from 127.0.0.1 User-Agent: Werkzeug/3.1.3
2025-11-22 06:01:07 [INFO] [app.main] [Worker-63184] [1763787667770] Fetching brands
2025-11-22 06:01:07 [INFO] [app.main] [Worker-63184] [1763787667770] Found 0 brands
2025-11-22 06:01:07 [INFO] [app.main] [Worker-63184] [1763787667770] Response: 200 Duration: 0.003s Size: 29 bytes
2025-11-22 06:01:07 [INFO] [app.main] [Worker-63184] [1763787667798] GET /api/brands from 127.0.0.1 User-Agent: Werkzeug/3.1.3
2025-11-22 06:01:07 [INFO] [app.main] [Worker-63184] [1763787667798] Fetching brands
2025-11-22 06:01:07 [INFO] [app.main] [Worker-63184] [1763787667798] Found 0 brands
2025-11-22 06:01:07 [INFO] [app.main] [Worker-63184] [1763787667798] Response: 200 Duration: 0.003s Size: 29 bytes
2025-11-22 06:01:07 [INFO] [app.main] [Worker-63184] [1763787667830] GET /api/filters from 127.0.0.1 User-Agent: Werkzeug/3.1.3
2025-11-22 06:01:07 [INFO] [app.main] [Worker-63184] [1763787667830] Fetching filter options
2025-11-22 06:01:07 [INFO] [app.main] [Worker-63184] [1763787667830] Retrieved all filter options successfully
2025-11-22 06:01:07 [INFO] [app.main] [Worker-63184] [1763787667830] Response: 200 Duration: 0.022s Size: 210 bytes
2025-11-22 06:01:07 [INFO] [app.main] [Worker-63184] [1763787667884] GET /api/filters from 127.0.0.1 User-Agent: Werkzeug/3.1.3
2025-11-22 06:01:07 [INFO] [app.main] [Worker-63184] [1763787667884] Fetching filter options
2025-11-22 06:01:07 [INFO] [app.main] [Worker-63184] [1763787667884] Retrieved all filter options successfully
2025-11-22 06:01:07 [INFO] [app.main] [Worker-63184] [1763787667884] Response: 200 Duration: 0.010s Size: 210 bytes
2025-11-22 06:01:07 [INFO] [app.main] [Worker-63184] [1763787667921] GET /api/filters from 127.0.0.1 User-Agent: Werkzeug/3.1.3
2025-11-22 06:01:07 [INFO] [app.main] [Worker-63184] [1763787667921] Fetching filter options
2025-11-22 06:01:07 [INFO] [app.main] [Worker-63184] [1763787667921] Retrieved all filter options successfully
2025-11-22 06:01:07 [INFO] [app.main] [Worker-63184] [1763787667921] Response: 200 Duration: 0.011s Size: 210 bytes
2025-11-22 06:01:07 [INFO] [app.main] [Worker-63184] [1763787667960] GET /api/predict from 127.0.0.1 User-Agent: Werkzeug/3.1.3
2025-11-22 06:01:07 [ERROR] [app.main] [Worker-63184] [1763787667960] Unhandled exception: 405 Method Not Allowed: The method is not allowed for the requested URL.
2025-11-22 06:01:07 [ERROR] [app.main] [Worker-63184] Traceback (most recent call last):
  File "C:\Users\Igor Cretu\AppData\Local\Programs\Python\Python312\Lib\site-packages\flask\app.py", line 867, in full_dispatch_request
    rv = self.dispatch_request()
         ^^^^^^^^^^^^^^^^^^^^^^^
  File "C:\Users\Igor Cretu\AppData\Local\Programs\Python\Python312\Lib\site-packages\flask\app.py", line 841, in dispatch_request
    self.raise_routing_exception(req)
  File "C:\Users\Igor Cretu\AppData\Local\Programs\Python\Python312\Lib\site-packages\flask\app.py", line 450, in raise_routing_exception
    raise request.routing_exception  # type: ignore
    ^^^^^^^^^^^^^^^^^^^^^^^^^^^^^^^
  File "C:\Users\Igor Cretu\AppData\Local\Programs\Python\Python312\Lib\site-packages\flask\ctx.py", line 353, in match_request
    result = self.url_adapter.match(return_rule=True)  # type: ignore
             ^^^^^^^^^^^^^^^^^^^^^^^^^^^^^^^^^^^^^^^^
  File "C:\Users\Igor Cretu\AppData\Local\Programs\Python\Python312\Lib\site-packages\werkzeug\routing\map.py", line 624, in match
    raise MethodNotAllowed(valid_methods=list(e.have_match_for)) from None
werkzeug.exceptions.MethodNotAllowed: 405 Method Not Allowed: The method is not allowed for the requested URL.

2025-11-22 06:01:07 [INFO] [app.main] [Worker-63184] [1763787667960] Response: 500 Duration: 0.006s Size: 71 bytes
2025-11-22 06:01:08 [INFO] [app.main] [Worker-63184] [1763787668395] POST /api/predict from 127.0.0.1 User-Agent: Werkzeug/3.1.3
2025-11-22 06:01:08 [INFO] [app.main] [Worker-63184] [1763787668395] Request body: {'brand': 'Toyota', 'model': 'Camry', 'year': 2020, 'mileage': 50000, 'fuel_type': 'Benzin', 'transmission': 'Automatisk', 'body_type': 'Sedan', 'horsepower': 200, 'engine_size': 2.5, 'doors': 4, 'color': 'Black'}
2025-11-22 06:01:08 [INFO] [app.main] [Worker-63184] [1763787668395] Price prediction requested for: Toyota Camry 2020
2025-11-22 06:01:08 [INFO] [app.main] [Worker-63184] [1763787668395] Prediction completed in 0.002s: 136601.59 DKK (confidence: 87.0%)
2025-11-22 06:01:08 [INFO] [app.main] [Worker-63184] [1763787668395] Response: 200 Duration: 0.007s Size: 397 bytes
2025-11-22 06:01:08 [INFO] [app.main] [Worker-63184] [1763787668431] POST /api/predict from 127.0.0.1 User-Agent: Werkzeug/3.1.3
2025-11-22 06:01:08 [WARNING] [app.main] [Worker-63184] [1763787668431] Validation error in predict_price: Request body must be valid JSON
2025-11-22 06:01:08 [INFO] [app.main] [Worker-63184] [1763787668431] Response: 400 Duration: 0.003s Size: 60 bytes
2025-11-22 06:01:08 [INFO] [app.main] [Worker-63184] [1763787668463] POST /api/predict from 127.0.0.1 User-Agent: Werkzeug/3.1.3
2025-11-22 06:01:08 [WARNING] [app.main] [Worker-63184] [1763787668463] Validation error in predict_price: Missing required fields: brand, model, year, mileage, fuel_type, transmission, body_type
2025-11-22 06:01:08 [INFO] [app.main] [Worker-63184] [1763787668463] Response: 400 Duration: 0.002s Size: 117 bytes
2025-11-22 06:01:08 [INFO] [app.main] [Worker-63184] [1763787668497] GET /api/health from 127.0.0.1 User-Agent: Werkzeug/3.1.3
2025-11-22 06:01:08 [WARNING] [app.main] [Worker-63184] [1763787668497] 404 error: /api/health
2025-11-22 06:01:08 [INFO] [app.main] [Worker-63184] [1763787668497] Response: 404 Duration: 0.002s Size: 68 bytes
2025-11-22 06:01:08 [INFO] [app.ml.predictor] [Worker-63184] Loaded model from C:\Users\Igor Cretu\Desktop\Bachelor\Project\BackEnd\API\app\ml\../../models\best_model_xgboost.pkl
2025-11-22 06:01:08 [INFO] [app.ml.predictor] [Worker-63184] Loaded model from C:\Users\Igor Cretu\Desktop\Bachelor\Project\BackEnd\API\app\ml\../../models\best_model_xgboost.pkl
2025-11-22 06:01:08 [INFO] [app.ml.predictor] [Worker-63184] Loaded model from C:\Users\Igor Cretu\Desktop\Bachelor\Project\BackEnd\API\app\ml\../../models\best_model_xgboost.pkl
2025-11-22 06:01:08 [INFO] [app.ml.predictor] [Worker-63184] Loaded model from C:\Users\Igor Cretu\Desktop\Bachelor\Project\BackEnd\API\app\ml\../../models\best_model_xgboost.pkl
2025-11-22 06:01:35 [INFO] [app.main] [Worker-26348] ================================================================================
2025-11-22 06:01:35 [INFO] [app.main] [Worker-26348] INITIALIZING BPR BACKEND API
2025-11-22 06:01:35 [INFO] [app.main] [Worker-26348] ================================================================================
2025-11-22 06:01:35 [INFO] [app.main] [Worker-26348] CORS locked to: ['https://bpr-g26.netlify.app', 'https://test.bachelorproject26.site', 'https://bachelorproject26.site', 'http://localhost:5173', 'http://127.0.0.1:5173', 'https://carpredict.netlify.app']
2025-11-22 06:01:35 [INFO] [app.main] [Worker-26348] Database URL configured: localhost
2025-11-22 06:01:35 [INFO] [app.main] [Worker-26348] Database initialized with connection pooling
2025-11-22 06:01:35 [INFO] [app.main] [Worker-26348] Initializing ML predictor...
2025-11-22 06:01:37 [INFO] [app.ml.predictor] [Worker-26348] Loaded model from C:\Users\Igor Cretu\Desktop\Bachelor\Project\BackEnd\API\app\ml\../../models\best_model_xgboost.pkl
2025-11-22 06:01:37 [INFO] [app.main] [Worker-26348] ML Predictor initialized: {'version': 'v1.0.0-heuristic', 'loaded': False, 'type': 'heuristic', 'model_name': 'N/A', 'test_r2': 'N/A', 'test_mae': 'N/A', 'features_count': 0}
2025-11-22 06:01:37 [INFO] [app.main] [Worker-26348] Application loaded by WSGI server
2025-11-22 06:01:37 [INFO] [app.main] [Worker-26348] Configuration: {}
2025-11-22 06:01:37 [INFO] [app.main] [Worker-26348] [1763787697767] GET /api/cars/invalid-id-999999 from 127.0.0.1 User-Agent: Werkzeug/3.1.3
2025-11-22 06:01:37 [INFO] [app.main] [Worker-26348] [1763787697767] Fetching car with ID: invalid-id-999999
2025-11-22 06:01:37 [WARNING] [app.main] [Worker-26348] [1763787697767] 404 error: /api/cars/invalid-id-999999
2025-11-22 06:01:37 [INFO] [app.main] [Worker-26348] [1763787697767] Response: 404 Duration: 0.039s Size: 84 bytes
2025-11-22 06:01:37 [INFO] [app.main] [Worker-26348] [1763787697835] GET /api/predict from 127.0.0.1 User-Agent: Werkzeug/3.1.3
2025-11-22 06:01:37 [WARNING] [app.main] [Worker-26348] [1763787697835] 405 error: GET /api/predict
2025-11-22 06:01:37 [INFO] [app.main] [Worker-26348] [1763787697835] Response: 405 Duration: 0.003s Size: 84 bytes
2025-11-22 06:01:48 [INFO] [app.main] [Worker-47504] ================================================================================
2025-11-22 06:01:48 [INFO] [app.main] [Worker-47504] INITIALIZING BPR BACKEND API
2025-11-22 06:01:48 [INFO] [app.main] [Worker-47504] ================================================================================
2025-11-22 06:01:48 [INFO] [app.main] [Worker-47504] CORS locked to: ['https://bpr-g26.netlify.app', 'https://test.bachelorproject26.site', 'https://bachelorproject26.site', 'http://localhost:5173', 'http://127.0.0.1:5173', 'https://carpredict.netlify.app']
2025-11-22 06:01:48 [INFO] [app.main] [Worker-47504] Database URL configured: localhost
2025-11-22 06:01:48 [INFO] [app.main] [Worker-47504] Database initialized with connection pooling
2025-11-22 06:01:48 [INFO] [app.main] [Worker-47504] Initializing ML predictor...
2025-11-22 06:01:50 [INFO] [app.ml.predictor] [Worker-47504] Loaded model from C:\Users\Igor Cretu\Desktop\Bachelor\Project\BackEnd\API\app\ml\../../models\best_model_xgboost.pkl
2025-11-22 06:01:50 [INFO] [app.main] [Worker-47504] ML Predictor initialized: {'version': 'v1.0.0-heuristic', 'loaded': False, 'type': 'heuristic', 'model_name': 'N/A', 'test_r2': 'N/A', 'test_mae': 'N/A', 'features_count': 0}
2025-11-22 06:01:50 [INFO] [app.main] [Worker-47504] Application loaded by WSGI server
2025-11-22 06:01:50 [INFO] [app.main] [Worker-47504] Configuration: {}
2025-11-22 06:01:50 [INFO] [app.main] [Worker-47504] [1763787710885] GET /api/cars from 127.0.0.1 User-Agent: Werkzeug/3.1.3
2025-11-22 06:01:50 [INFO] [app.main] [Worker-47504] [1763787710885] Fetching cars with filters: ImmutableMultiDict([])
2025-11-22 06:01:50 [INFO] [app.main] [Worker-47504] [1763787710885] Found 0 cars, returning page 1/0 with 0 items
2025-11-22 06:01:50 [INFO] [app.main] [Worker-47504] [1763787710885] Response: 200 Duration: 0.058s Size: 127 bytes
2025-11-22 06:01:50 [INFO] [app.main] [Worker-47504] [1763787710966] GET /api/cars from 127.0.0.1 User-Agent: Werkzeug/3.1.3
2025-11-22 06:01:50 [INFO] [app.main] [Worker-47504] [1763787710966] Fetching cars with filters: ImmutableMultiDict([])
2025-11-22 06:01:50 [INFO] [app.main] [Worker-47504] [1763787710966] Found 0 cars, returning page 1/0 with 0 items
2025-11-22 06:01:50 [INFO] [app.main] [Worker-47504] [1763787710966] Response: 200 Duration: 0.006s Size: 127 bytes
2025-11-22 06:01:50 [INFO] [app.main] [Worker-47504] [1763787710999] GET /api/cars from 127.0.0.1 User-Agent: Werkzeug/3.1.3
2025-11-22 06:01:50 [INFO] [app.main] [Worker-47504] [1763787710999] Fetching cars with filters: ImmutableMultiDict([('page', '1'), ('per_page', '10')])
2025-11-22 06:01:51 [INFO] [app.main] [Worker-47504] [1763787710999] Found 0 cars, returning page 1/0 with 0 items
2025-11-22 06:01:51 [INFO] [app.main] [Worker-47504] [1763787710999] Response: 200 Duration: 0.006s Size: 127 bytes
2025-11-22 06:01:51 [INFO] [app.main] [Worker-47504] [1763787711035] GET /api/cars from 127.0.0.1 User-Agent: Werkzeug/3.1.3
2025-11-22 06:01:51 [INFO] [app.main] [Worker-47504] [1763787711035] Fetching cars with filters: ImmutableMultiDict([('brand', 'Toyota'), ('fuel_type', 'Benzin')])
2025-11-22 06:01:51 [INFO] [app.main] [Worker-47504] [1763787711035] Found 0 cars, returning page 1/0 with 0 items
2025-11-22 06:01:51 [INFO] [app.main] [Worker-47504] [1763787711035] Response: 200 Duration: 0.034s Size: 127 bytes
2025-11-22 06:01:51 [INFO] [app.main] [Worker-47504] [1763787711092] GET /api/cars from 127.0.0.1 User-Agent: Werkzeug/3.1.3
2025-11-22 06:01:51 [INFO] [app.main] [Worker-47504] [1763787711092] Fetching cars with filters: ImmutableMultiDict([('q', 'Toyota')])
2025-11-22 06:01:51 [INFO] [app.main] [Worker-47504] [1763787711092] Found 0 cars, returning page 1/0 with 0 items
2025-11-22 06:01:51 [INFO] [app.main] [Worker-47504] [1763787711092] Response: 200 Duration: 0.035s Size: 127 bytes
2025-11-22 06:01:51 [INFO] [app.main] [Worker-47504] [1763787711151] GET /api/cars from 127.0.0.1 User-Agent: Werkzeug/3.1.3
2025-11-22 06:01:51 [INFO] [app.main] [Worker-47504] [1763787711151] Fetching cars with filters: ImmutableMultiDict([('price_min', '100000'), ('price_max', '500000')])
2025-11-22 06:01:51 [INFO] [app.main] [Worker-47504] [1763787711151] Found 0 cars, returning page 1/0 with 0 items
2025-11-22 06:01:51 [INFO] [app.main] [Worker-47504] [1763787711151] Response: 200 Duration: 0.106s Size: 127 bytes
2025-11-22 06:01:51 [INFO] [app.main] [Worker-47504] [1763787711281] GET /api/cars from 127.0.0.1 User-Agent: Werkzeug/3.1.3
2025-11-22 06:01:51 [INFO] [app.main] [Worker-47504] [1763787711281] Fetching cars with filters: ImmutableMultiDict([('year_min', '2018'), ('year_max', '2022')])
2025-11-22 06:01:51 [INFO] [app.main] [Worker-47504] [1763787711281] Found 0 cars, returning page 1/0 with 0 items
2025-11-22 06:01:51 [INFO] [app.main] [Worker-47504] [1763787711281] Response: 200 Duration: 0.031s Size: 127 bytes
2025-11-22 06:01:51 [INFO] [app.main] [Worker-47504] [1763787711342] GET /api/cars/invalid-id-999999 from 127.0.0.1 User-Agent: Werkzeug/3.1.3
2025-11-22 06:01:51 [INFO] [app.main] [Worker-47504] [1763787711342] Fetching car with ID: invalid-id-999999
2025-11-22 06:01:51 [WARNING] [app.main] [Worker-47504] [1763787711342] 404 error: /api/cars/invalid-id-999999
2025-11-22 06:01:51 [INFO] [app.main] [Worker-47504] [1763787711342] Response: 404 Duration: 0.010s Size: 84 bytes
2025-11-22 06:01:51 [INFO] [app.main] [Worker-47504] [1763787711380] GET /api/cars/test-id from 127.0.0.1 User-Agent: Werkzeug/3.1.3
2025-11-22 06:01:51 [INFO] [app.main] [Worker-47504] [1763787711380] Fetching car with ID: test-id
2025-11-22 06:01:51 [WARNING] [app.main] [Worker-47504] [1763787711380] 404 error: /api/cars/test-id
2025-11-22 06:01:51 [INFO] [app.main] [Worker-47504] [1763787711380] Response: 404 Duration: 0.003s Size: 74 bytes
2025-11-22 06:01:51 [INFO] [app.main] [Worker-47504] [1763787711409] GET /api/brands from 127.0.0.1 User-Agent: Werkzeug/3.1.3
2025-11-22 06:01:51 [INFO] [app.main] [Worker-47504] [1763787711409] Fetching brands
2025-11-22 06:01:51 [INFO] [app.main] [Worker-47504] [1763787711409] Found 0 brands
2025-11-22 06:01:51 [INFO] [app.main] [Worker-47504] [1763787711409] Response: 200 Duration: 0.006s Size: 29 bytes
2025-11-22 06:01:51 [INFO] [app.main] [Worker-47504] [1763787711446] GET /api/brands from 127.0.0.1 User-Agent: Werkzeug/3.1.3
2025-11-22 06:01:51 [INFO] [app.main] [Worker-47504] [1763787711446] Fetching brands
2025-11-22 06:01:51 [INFO] [app.main] [Worker-47504] [1763787711446] Found 0 brands
2025-11-22 06:01:51 [INFO] [app.main] [Worker-47504] [1763787711446] Response: 200 Duration: 0.002s Size: 29 bytes
2025-11-22 06:01:51 [INFO] [app.main] [Worker-47504] [1763787711478] GET /api/brands from 127.0.0.1 User-Agent: Werkzeug/3.1.3
2025-11-22 06:01:51 [INFO] [app.main] [Worker-47504] [1763787711478] Fetching brands
2025-11-22 06:01:51 [INFO] [app.main] [Worker-47504] [1763787711478] Found 0 brands
2025-11-22 06:01:51 [INFO] [app.main] [Worker-47504] [1763787711478] Response: 200 Duration: 0.003s Size: 29 bytes
2025-11-22 06:01:51 [INFO] [app.main] [Worker-47504] [1763787711509] GET /api/filters from 127.0.0.1 User-Agent: Werkzeug/3.1.3
2025-11-22 06:01:51 [INFO] [app.main] [Worker-47504] [1763787711509] Fetching filter options
2025-11-22 06:01:51 [INFO] [app.main] [Worker-47504] [1763787711509] Retrieved all filter options successfully
2025-11-22 06:01:51 [INFO] [app.main] [Worker-47504] [1763787711509] Response: 200 Duration: 0.022s Size: 210 bytes
2025-11-22 06:01:51 [INFO] [app.main] [Worker-47504] [1763787711559] GET /api/filters from 127.0.0.1 User-Agent: Werkzeug/3.1.3
2025-11-22 06:01:51 [INFO] [app.main] [Worker-47504] [1763787711559] Fetching filter options
2025-11-22 06:01:51 [INFO] [app.main] [Worker-47504] [1763787711559] Retrieved all filter options successfully
2025-11-22 06:01:51 [INFO] [app.main] [Worker-47504] [1763787711559] Response: 200 Duration: 0.007s Size: 210 bytes
2025-11-22 06:01:51 [INFO] [app.main] [Worker-47504] [1763787711594] GET /api/filters from 127.0.0.1 User-Agent: Werkzeug/3.1.3
2025-11-22 06:01:51 [INFO] [app.main] [Worker-47504] [1763787711594] Fetching filter options
2025-11-22 06:01:51 [INFO] [app.main] [Worker-47504] [1763787711594] Retrieved all filter options successfully
2025-11-22 06:01:51 [INFO] [app.main] [Worker-47504] [1763787711594] Response: 200 Duration: 0.009s Size: 210 bytes
2025-11-22 06:01:51 [INFO] [app.main] [Worker-47504] [1763787711630] GET /api/predict from 127.0.0.1 User-Agent: Werkzeug/3.1.3
2025-11-22 06:01:51 [WARNING] [app.main] [Worker-47504] [1763787711630] 405 error: GET /api/predict
2025-11-22 06:01:51 [INFO] [app.main] [Worker-47504] [1763787711630] Response: 405 Duration: 0.002s Size: 84 bytes
2025-11-22 06:01:51 [INFO] [app.main] [Worker-47504] [1763787711659] POST /api/predict from 127.0.0.1 User-Agent: Werkzeug/3.1.3
2025-11-22 06:01:51 [INFO] [app.main] [Worker-47504] [1763787711659] Request body: {'brand': 'Toyota', 'model': 'Camry', 'year': 2020, 'mileage': 50000, 'fuel_type': 'Benzin', 'transmission': 'Automatisk', 'body_type': 'Sedan', 'horsepower': 200, 'engine_size': 2.5, 'doors': 4, 'color': 'Black'}
2025-11-22 06:01:51 [INFO] [app.main] [Worker-47504] [1763787711659] Price prediction requested for: Toyota Camry 2020
2025-11-22 06:01:51 [INFO] [app.main] [Worker-47504] [1763787711659] Prediction completed in 0.000s: 136601.59 DKK (confidence: 87.0%)
2025-11-22 06:01:51 [INFO] [app.main] [Worker-47504] [1763787711659] Response: 200 Duration: 0.008s Size: 396 bytes
2025-11-22 06:01:51 [INFO] [app.main] [Worker-47504] [1763787711695] POST /api/predict from 127.0.0.1 User-Agent: Werkzeug/3.1.3
2025-11-22 06:01:51 [WARNING] [app.main] [Worker-47504] [1763787711695] Validation error in predict_price: Request body must be valid JSON
2025-11-22 06:01:51 [INFO] [app.main] [Worker-47504] [1763787711695] Response: 400 Duration: 0.001s Size: 60 bytes
2025-11-22 06:01:51 [INFO] [app.main] [Worker-47504] [1763787711719] POST /api/predict from 127.0.0.1 User-Agent: Werkzeug/3.1.3
2025-11-22 06:01:51 [WARNING] [app.main] [Worker-47504] [1763787711719] Validation error in predict_price: Missing required fields: brand, model, year, mileage, fuel_type, transmission, body_type
2025-11-22 06:01:51 [INFO] [app.main] [Worker-47504] [1763787711719] Response: 400 Duration: 0.003s Size: 117 bytes
2025-11-22 06:01:51 [INFO] [app.main] [Worker-47504] [1763787711751] GET /api/health from 127.0.0.1 User-Agent: Werkzeug/3.1.3
2025-11-22 06:01:51 [WARNING] [app.main] [Worker-47504] [1763787711751] 404 error: /api/health
2025-11-22 06:01:51 [INFO] [app.main] [Worker-47504] [1763787711751] Response: 404 Duration: 0.002s Size: 68 bytes
2025-11-22 06:01:51 [INFO] [app.ml.predictor] [Worker-47504] Loaded model from C:\Users\Igor Cretu\Desktop\Bachelor\Project\BackEnd\API\app\ml\../../models\best_model_xgboost.pkl
2025-11-22 06:01:51 [INFO] [app.ml.predictor] [Worker-47504] Loaded model from C:\Users\Igor Cretu\Desktop\Bachelor\Project\BackEnd\API\app\ml\../../models\best_model_xgboost.pkl
2025-11-22 06:01:51 [INFO] [app.ml.predictor] [Worker-47504] Loaded model from C:\Users\Igor Cretu\Desktop\Bachelor\Project\BackEnd\API\app\ml\../../models\best_model_xgboost.pkl
2025-11-22 06:01:51 [INFO] [app.ml.predictor] [Worker-47504] Loaded model from C:\Users\Igor Cretu\Desktop\Bachelor\Project\BackEnd\API\app\ml\../../models\best_model_xgboost.pkl
2025-11-22 06:03:02 [INFO] [app.main] [Worker-26836] ================================================================================
2025-11-22 06:03:02 [INFO] [app.main] [Worker-26836] INITIALIZING BPR BACKEND API
2025-11-22 06:03:02 [INFO] [app.main] [Worker-26836] ================================================================================
2025-11-22 06:03:02 [INFO] [app.main] [Worker-26836] CORS locked to: ['https://bpr-g26.netlify.app', 'https://test.bachelorproject26.site', 'https://bachelorproject26.site', 'http://localhost:5173', 'http://127.0.0.1:5173', 'https://carpredict.netlify.app']
2025-11-22 06:03:02 [INFO] [app.main] [Worker-26836] Database URL configured: localhost
2025-11-22 06:03:02 [INFO] [app.main] [Worker-26836] Database initialized with connection pooling
2025-11-22 06:03:02 [INFO] [app.main] [Worker-26836] Initializing ML predictor...
2025-11-22 06:03:04 [INFO] [app.ml.predictor] [Worker-26836] Loaded model from C:\Users\Igor Cretu\Desktop\Bachelor\Project\BackEnd\API\app\ml\../../models\best_model_xgboost.pkl
2025-11-22 06:03:04 [INFO] [app.main] [Worker-26836] ML Predictor initialized: {'version': 'v1.0.0-heuristic', 'loaded': False, 'type': 'heuristic', 'model_name': 'N/A', 'test_r2': 'N/A', 'test_mae': 'N/A', 'features_count': 0}
2025-11-22 06:03:04 [INFO] [app.main] [Worker-26836] Application loaded by WSGI server
2025-11-22 06:03:04 [INFO] [app.main] [Worker-26836] Configuration: {}
2025-11-22 06:03:05 [INFO] [app.main] [Worker-26836] [1763787785344] GET /api/cars from 127.0.0.1 User-Agent: Werkzeug/3.1.3
2025-11-22 06:03:05 [INFO] [app.main] [Worker-26836] [1763787785344] Fetching cars with filters: ImmutableMultiDict([])
2025-11-22 06:03:05 [INFO] [app.main] [Worker-26836] [1763787785344] Found 0 cars, returning page 1/0 with 0 items
2025-11-22 06:03:05 [INFO] [app.main] [Worker-26836] [1763787785344] Response: 200 Duration: 0.069s Size: 127 bytes
2025-11-22 06:03:05 [INFO] [app.main] [Worker-26836] [1763787785443] GET /api/cars from 127.0.0.1 User-Agent: Werkzeug/3.1.3
2025-11-22 06:03:05 [INFO] [app.main] [Worker-26836] [1763787785443] Fetching cars with filters: ImmutableMultiDict([])
2025-11-22 06:03:05 [INFO] [app.main] [Worker-26836] [1763787785443] Found 0 cars, returning page 1/0 with 0 items
2025-11-22 06:03:05 [INFO] [app.main] [Worker-26836] [1763787785443] Response: 200 Duration: 0.006s Size: 127 bytes
2025-11-22 06:03:05 [INFO] [app.main] [Worker-26836] [1763787785477] GET /api/cars from 127.0.0.1 User-Agent: Werkzeug/3.1.3
2025-11-22 06:03:05 [INFO] [app.main] [Worker-26836] [1763787785477] Fetching cars with filters: ImmutableMultiDict([('page', '1'), ('per_page', '10')])
2025-11-22 06:03:05 [INFO] [app.main] [Worker-26836] [1763787785477] Found 0 cars, returning page 1/0 with 0 items
2025-11-22 06:03:05 [INFO] [app.main] [Worker-26836] [1763787785477] Response: 200 Duration: 0.007s Size: 127 bytes
2025-11-22 06:03:05 [INFO] [app.main] [Worker-26836] [1763787785509] GET /api/cars from 127.0.0.1 User-Agent: Werkzeug/3.1.3
2025-11-22 06:03:05 [INFO] [app.main] [Worker-26836] [1763787785509] Fetching cars with filters: ImmutableMultiDict([('brand', 'Toyota'), ('fuel_type', 'Benzin')])
2025-11-22 06:03:05 [INFO] [app.main] [Worker-26836] [1763787785509] Found 0 cars, returning page 1/0 with 0 items
2025-11-22 06:03:05 [INFO] [app.main] [Worker-26836] [1763787785509] Response: 200 Duration: 0.029s Size: 127 bytes
2025-11-22 06:03:05 [INFO] [app.main] [Worker-26836] [1763787785562] GET /api/cars from 127.0.0.1 User-Agent: Werkzeug/3.1.3
2025-11-22 06:03:05 [INFO] [app.main] [Worker-26836] [1763787785562] Fetching cars with filters: ImmutableMultiDict([('q', 'Toyota')])
2025-11-22 06:03:05 [INFO] [app.main] [Worker-26836] [1763787785562] Found 0 cars, returning page 1/0 with 0 items
2025-11-22 06:03:05 [INFO] [app.main] [Worker-26836] [1763787785562] Response: 200 Duration: 0.031s Size: 127 bytes
2025-11-22 06:03:05 [INFO] [app.main] [Worker-26836] [1763787785621] GET /api/cars from 127.0.0.1 User-Agent: Werkzeug/3.1.3
2025-11-22 06:03:05 [INFO] [app.main] [Worker-26836] [1763787785621] Fetching cars with filters: ImmutableMultiDict([('price_min', '100000'), ('price_max', '500000')])
2025-11-22 06:03:05 [INFO] [app.main] [Worker-26836] [1763787785621] Found 0 cars, returning page 1/0 with 0 items
2025-11-22 06:03:05 [INFO] [app.main] [Worker-26836] [1763787785621] Response: 200 Duration: 0.032s Size: 127 bytes
2025-11-22 06:03:05 [INFO] [app.main] [Worker-26836] [1763787785680] GET /api/cars from 127.0.0.1 User-Agent: Werkzeug/3.1.3
2025-11-22 06:03:05 [INFO] [app.main] [Worker-26836] [1763787785680] Fetching cars with filters: ImmutableMultiDict([('year_min', '2018'), ('year_max', '2022')])
2025-11-22 06:03:05 [INFO] [app.main] [Worker-26836] [1763787785680] Found 0 cars, returning page 1/0 with 0 items
2025-11-22 06:03:05 [INFO] [app.main] [Worker-26836] [1763787785680] Response: 200 Duration: 0.030s Size: 127 bytes
2025-11-22 06:03:05 [INFO] [app.main] [Worker-26836] [1763787785737] GET /api/cars/invalid-id-999999 from 127.0.0.1 User-Agent: Werkzeug/3.1.3
2025-11-22 06:03:05 [INFO] [app.main] [Worker-26836] [1763787785737] Fetching car with ID: invalid-id-999999
2025-11-22 06:03:05 [WARNING] [app.main] [Worker-26836] [1763787785737] 404 error: /api/cars/invalid-id-999999
2025-11-22 06:03:05 [INFO] [app.main] [Worker-26836] [1763787785737] Response: 404 Duration: 0.011s Size: 84 bytes
2025-11-22 06:03:05 [INFO] [app.main] [Worker-26836] [1763787785777] GET /api/cars/test-id from 127.0.0.1 User-Agent: Werkzeug/3.1.3
2025-11-22 06:03:05 [INFO] [app.main] [Worker-26836] [1763787785777] Fetching car with ID: test-id
2025-11-22 06:03:05 [WARNING] [app.main] [Worker-26836] [1763787785777] 404 error: /api/cars/test-id
2025-11-22 06:03:05 [INFO] [app.main] [Worker-26836] [1763787785777] Response: 404 Duration: 0.005s Size: 74 bytes
2025-11-22 06:03:05 [INFO] [app.main] [Worker-26836] [1763787785813] GET /api/brands from 127.0.0.1 User-Agent: Werkzeug/3.1.3
2025-11-22 06:03:05 [INFO] [app.main] [Worker-26836] [1763787785813] Fetching brands
2025-11-22 06:03:05 [INFO] [app.main] [Worker-26836] [1763787785813] Found 0 brands
2025-11-22 06:03:05 [INFO] [app.main] [Worker-26836] [1763787785813] Response: 200 Duration: 0.006s Size: 29 bytes
2025-11-22 06:03:05 [INFO] [app.main] [Worker-26836] [1763787785847] GET /api/brands from 127.0.0.1 User-Agent: Werkzeug/3.1.3
2025-11-22 06:03:05 [INFO] [app.main] [Worker-26836] [1763787785847] Fetching brands
2025-11-22 06:03:05 [INFO] [app.main] [Worker-26836] [1763787785847] Found 0 brands
2025-11-22 06:03:05 [INFO] [app.main] [Worker-26836] [1763787785847] Response: 200 Duration: 0.003s Size: 29 bytes
2025-11-22 06:03:05 [INFO] [app.main] [Worker-26836] [1763787785880] GET /api/brands from 127.0.0.1 User-Agent: Werkzeug/3.1.3
2025-11-22 06:03:05 [INFO] [app.main] [Worker-26836] [1763787785880] Fetching brands
2025-11-22 06:03:05 [INFO] [app.main] [Worker-26836] [1763787785880] Found 0 brands
2025-11-22 06:03:05 [INFO] [app.main] [Worker-26836] [1763787785880] Response: 200 Duration: 0.004s Size: 29 bytes
2025-11-22 06:03:05 [INFO] [app.main] [Worker-26836] [1763787785914] GET /api/filters from 127.0.0.1 User-Agent: Werkzeug/3.1.3
2025-11-22 06:03:05 [INFO] [app.main] [Worker-26836] [1763787785914] Fetching filter options
2025-11-22 06:03:05 [INFO] [app.main] [Worker-26836] [1763787785914] Retrieved all filter options successfully
2025-11-22 06:03:05 [INFO] [app.main] [Worker-26836] [1763787785914] Response: 200 Duration: 0.019s Size: 210 bytes
2025-11-22 06:03:05 [INFO] [app.main] [Worker-26836] [1763787785962] GET /api/filters from 127.0.0.1 User-Agent: Werkzeug/3.1.3
2025-11-22 06:03:05 [INFO] [app.main] [Worker-26836] [1763787785962] Fetching filter options
2025-11-22 06:03:05 [INFO] [app.main] [Worker-26836] [1763787785962] Retrieved all filter options successfully
2025-11-22 06:03:05 [INFO] [app.main] [Worker-26836] [1763787785962] Response: 200 Duration: 0.011s Size: 210 bytes
2025-11-22 06:03:06 [INFO] [app.main] [Worker-26836] [1763787786003] GET /api/filters from 127.0.0.1 User-Agent: Werkzeug/3.1.3
2025-11-22 06:03:06 [INFO] [app.main] [Worker-26836] [1763787786003] Fetching filter options
2025-11-22 06:03:06 [INFO] [app.main] [Worker-26836] [1763787786003] Retrieved all filter options successfully
2025-11-22 06:03:06 [INFO] [app.main] [Worker-26836] [1763787786003] Response: 200 Duration: 0.008s Size: 210 bytes
2025-11-22 06:03:06 [INFO] [app.main] [Worker-26836] [1763787786037] GET /api/predict from 127.0.0.1 User-Agent: Werkzeug/3.1.3
2025-11-22 06:03:06 [WARNING] [app.main] [Worker-26836] [1763787786037] 405 error: GET /api/predict
2025-11-22 06:03:06 [INFO] [app.main] [Worker-26836] [1763787786037] Response: 405 Duration: 0.000s Size: 84 bytes
2025-11-22 06:03:06 [INFO] [app.main] [Worker-26836] [1763787786069] POST /api/predict from 127.0.0.1 User-Agent: Werkzeug/3.1.3
2025-11-22 06:03:06 [INFO] [app.main] [Worker-26836] [1763787786069] Request body: {'brand': 'Toyota', 'model': 'Camry', 'year': 2020, 'mileage': 50000, 'fuel_type': 'Benzin', 'transmission': 'Automatisk', 'body_type': 'Sedan', 'horsepower': 200, 'engine_size': 2.5, 'doors': 4, 'color': 'Black'}
2025-11-22 06:03:06 [INFO] [app.main] [Worker-26836] [1763787786069] Price prediction requested for: Toyota Camry 2020
2025-11-22 06:03:06 [INFO] [app.main] [Worker-26836] [1763787786069] Prediction completed in 0.000s: 136601.59 DKK (confidence: 87.0%)
2025-11-22 06:03:06 [INFO] [app.main] [Worker-26836] [1763787786069] Response: 200 Duration: 0.008s Size: 397 bytes
2025-11-22 06:03:06 [INFO] [app.main] [Worker-26836] [1763787786103] POST /api/predict from 127.0.0.1 User-Agent: Werkzeug/3.1.3
2025-11-22 06:03:06 [WARNING] [app.main] [Worker-26836] [1763787786103] Validation error in predict_price: Request body must be valid JSON
2025-11-22 06:03:06 [INFO] [app.main] [Worker-26836] [1763787786103] Response: 400 Duration: 0.002s Size: 60 bytes
2025-11-22 06:03:06 [INFO] [app.main] [Worker-26836] [1763787786131] POST /api/predict from 127.0.0.1 User-Agent: Werkzeug/3.1.3
2025-11-22 06:03:06 [WARNING] [app.main] [Worker-26836] [1763787786131] Validation error in predict_price: Missing required fields: brand, model, year, mileage, fuel_type, transmission, body_type
2025-11-22 06:03:06 [INFO] [app.main] [Worker-26836] [1763787786131] Response: 400 Duration: 0.002s Size: 117 bytes
2025-11-22 06:03:06 [INFO] [app.main] [Worker-26836] [1763787786160] GET /api/health from 127.0.0.1 User-Agent: Werkzeug/3.1.3
2025-11-22 06:03:06 [WARNING] [app.main] [Worker-26836] [1763787786160] 404 error: /api/health
2025-11-22 06:03:06 [INFO] [app.main] [Worker-26836] [1763787786160] Response: 404 Duration: 0.001s Size: 68 bytes
2025-11-22 06:03:06 [INFO] [app.main] [Worker-26836] [1763787786188] GET /api/models from 127.0.0.1 User-Agent: Werkzeug/3.1.3
2025-11-22 06:03:06 [WARNING] [app.main] [Worker-26836] [1763787786188] 404 error: /api/models
2025-11-22 06:03:06 [INFO] [app.main] [Worker-26836] [1763787786188] Response: 404 Duration: 0.001s Size: 68 bytes
2025-11-22 06:03:06 [INFO] [app.main] [Worker-26836] [1763787786622] GET /api/models from 127.0.0.1 User-Agent: Werkzeug/3.1.3
2025-11-22 06:03:06 [WARNING] [app.main] [Worker-26836] [1763787786622] 404 error: /api/models
2025-11-22 06:03:06 [INFO] [app.main] [Worker-26836] [1763787786622] Response: 404 Duration: 0.003s Size: 68 bytes
2025-11-22 06:03:06 [INFO] [app.main] [Worker-26836] [1763787786669] GET /api/models from 127.0.0.1 User-Agent: Werkzeug/3.1.3
2025-11-22 06:03:06 [WARNING] [app.main] [Worker-26836] [1763787786669] 404 error: /api/models
2025-11-22 06:03:06 [INFO] [app.main] [Worker-26836] [1763787786669] Response: 404 Duration: 0.003s Size: 68 bytes
2025-11-22 06:03:06 [INFO] [app.main] [Worker-26836] [1763787786698] GET /api/stats from 127.0.0.1 User-Agent: Werkzeug/3.1.3
2025-11-22 06:03:06 [INFO] [app.main] [Worker-26836] [1763787786698] Fetching market statistics
2025-11-22 06:03:06 [INFO] [app.main] [Worker-26836] [1763787786698] Statistics: 0 total cars
2025-11-22 06:03:06 [INFO] [app.main] [Worker-26836] [1763787786698] Response: 200 Duration: 0.011s Size: 136 bytes
2025-11-22 06:03:06 [INFO] [app.main] [Worker-26836] [1763787786735] GET /api/stats from 127.0.0.1 User-Agent: Werkzeug/3.1.3
2025-11-22 06:03:06 [INFO] [app.main] [Worker-26836] [1763787786735] Fetching market statistics
2025-11-22 06:03:06 [INFO] [app.main] [Worker-26836] [1763787786735] Statistics: 0 total cars
2025-11-22 06:03:06 [INFO] [app.main] [Worker-26836] [1763787786735] Response: 200 Duration: 0.006s Size: 136 bytes
2025-11-22 06:03:06 [INFO] [app.main] [Worker-26836] [1763787786766] GET /api/queue/status from 127.0.0.1 User-Agent: Werkzeug/3.1.3
2025-11-22 06:03:06 [WARNING] [app.main] [Worker-26836] [1763787786766] 404 error: /api/queue/status
2025-11-22 06:03:06 [INFO] [app.main] [Worker-26836] [1763787786766] Response: 404 Duration: 0.001s Size: 74 bytes
2025-11-22 06:03:06 [INFO] [app.main] [Worker-26836] [1763787786799] GET /api/queue/job/test-job-123 from 127.0.0.1 User-Agent: Werkzeug/3.1.3
2025-11-22 06:03:06 [WARNING] [app.main] [Worker-26836] [1763787786799] 404 error: /api/queue/job/test-job-123
2025-11-22 06:03:06 [INFO] [app.main] [Worker-26836] [1763787786799] Response: 404 Duration: 0.003s Size: 84 bytes
2025-11-22 06:03:06 [INFO] [app.main] [Worker-26836] [1763787786830] GET /api/nonexistent-endpoint from 127.0.0.1 User-Agent: Werkzeug/3.1.3
2025-11-22 06:03:06 [WARNING] [app.main] [Worker-26836] [1763787786830] 404 error: /api/nonexistent-endpoint
2025-11-22 06:03:06 [INFO] [app.main] [Worker-26836] [1763787786830] Response: 404 Duration: 0.003s Size: 82 bytes
2025-11-22 06:03:06 [INFO] [app.main] [Worker-26836] [1763787786864] POST /api/predict from 127.0.0.1 User-Agent: Werkzeug/3.1.3
2025-11-22 06:03:06 [WARNING] [app.main] [Worker-26836] [1763787786864] Validation error in predict_price: Request body must be valid JSON
2025-11-22 06:03:06 [INFO] [app.main] [Worker-26836] [1763787786864] Response: 400 Duration: 0.002s Size: 60 bytes
2025-11-22 06:03:06 [INFO] [app.main] [Worker-26836] [1763787786894] POST /api/predict from 127.0.0.1 User-Agent: Werkzeug/3.1.3
2025-11-22 06:03:06 [WARNING] [app.main] [Worker-26836] [1763787786894] Validation error in predict_price: Request body must be valid JSON
2025-11-22 06:03:06 [INFO] [app.main] [Worker-26836] [1763787786894] Response: 400 Duration: 0.001s Size: 60 bytes
2025-11-22 06:03:06 [INFO] [app.ml.predictor] [Worker-26836] Loaded model from C:\Users\Igor Cretu\Desktop\Bachelor\Project\BackEnd\API\app\ml\../../models\best_model_xgboost.pkl
2025-11-22 06:03:06 [INFO] [app.ml.predictor] [Worker-26836] Loaded model from C:\Users\Igor Cretu\Desktop\Bachelor\Project\BackEnd\API\app\ml\../../models\best_model_xgboost.pkl
2025-11-22 06:03:06 [INFO] [app.ml.predictor] [Worker-26836] Loaded model from C:\Users\Igor Cretu\Desktop\Bachelor\Project\BackEnd\API\app\ml\../../models\best_model_xgboost.pkl
2025-11-22 06:03:07 [INFO] [app.ml.predictor] [Worker-26836] Loaded model from C:\Users\Igor Cretu\Desktop\Bachelor\Project\BackEnd\API\app\ml\../../models\best_model_xgboost.pkl
2025-11-22 06:06:29 [INFO] [app.main] [Worker-37900] ================================================================================
2025-11-22 06:06:29 [INFO] [app.main] [Worker-37900] INITIALIZING BPR BACKEND API
2025-11-22 06:06:29 [INFO] [app.main] [Worker-37900] ================================================================================
2025-11-22 06:06:29 [INFO] [app.main] [Worker-37900] CORS locked to: ['https://bpr-g26.netlify.app', 'https://test.bachelorproject26.site', 'https://bachelorproject26.site', 'http://localhost:5173', 'http://127.0.0.1:5173', 'https://carpredict.netlify.app']
2025-11-22 06:06:29 [INFO] [app.main] [Worker-37900] Database URL configured: localhost
2025-11-22 06:06:29 [INFO] [app.main] [Worker-37900] Database initialized with connection pooling
2025-11-22 06:06:29 [INFO] [app.main] [Worker-37900] Initializing ML predictor...
2025-11-22 06:06:32 [INFO] [app.ml.predictor] [Worker-37900] Loaded model from C:\Users\Igor Cretu\Desktop\Bachelor\Project\BackEnd\API\app\ml\../../models\best_model_xgboost.pkl
2025-11-22 06:06:32 [INFO] [app.main] [Worker-37900] ML Predictor initialized: {'version': 'v1.0.0-heuristic', 'loaded': False, 'type': 'heuristic', 'model_name': 'N/A', 'test_r2': 'N/A', 'test_mae': 'N/A', 'features_count': 0}
2025-11-22 06:06:32 [INFO] [app.main] [Worker-37900] Application loaded by WSGI server
2025-11-22 06:06:32 [INFO] [app.main] [Worker-37900] Configuration: {}
2025-11-22 06:06:32 [INFO] [app.main] [Worker-37900] [1763787992717] GET /api/cars from 127.0.0.1 User-Agent: Werkzeug/3.1.3
2025-11-22 06:06:32 [INFO] [app.main] [Worker-37900] [1763787992717] Fetching cars with filters: ImmutableMultiDict([])
2025-11-22 06:06:32 [INFO] [app.main] [Worker-37900] [1763787992717] Found 0 cars, returning page 1/0 with 0 items
2025-11-22 06:06:32 [INFO] [app.main] [Worker-37900] [1763787992717] Response: 200 Duration: 0.125s Size: 127 bytes
2025-11-22 06:06:32 [INFO] [app.main] [Worker-37900] [1763787992881] GET /api/cars from 127.0.0.1 User-Agent: Werkzeug/3.1.3
2025-11-22 06:06:32 [INFO] [app.main] [Worker-37900] [1763787992881] Fetching cars with filters: ImmutableMultiDict([])
2025-11-22 06:06:32 [INFO] [app.main] [Worker-37900] [1763787992881] Found 0 cars, returning page 1/0 with 0 items
2025-11-22 06:06:32 [INFO] [app.main] [Worker-37900] [1763787992881] Response: 200 Duration: 0.014s Size: 127 bytes
2025-11-22 06:06:32 [INFO] [app.main] [Worker-37900] [1763787992932] GET /api/cars from 127.0.0.1 User-Agent: Werkzeug/3.1.3
2025-11-22 06:06:32 [INFO] [app.main] [Worker-37900] [1763787992932] Fetching cars with filters: ImmutableMultiDict([('page', '1'), ('per_page', '10')])
2025-11-22 06:06:32 [INFO] [app.main] [Worker-37900] [1763787992932] Found 0 cars, returning page 1/0 with 0 items
2025-11-22 06:06:32 [INFO] [app.main] [Worker-37900] [1763787992932] Response: 200 Duration: 0.006s Size: 127 bytes
2025-11-22 06:06:32 [INFO] [app.main] [Worker-37900] [1763787992969] GET /api/cars from 127.0.0.1 User-Agent: Werkzeug/3.1.3
2025-11-22 06:06:32 [INFO] [app.main] [Worker-37900] [1763787992969] Fetching cars with filters: ImmutableMultiDict([('brand', 'Toyota'), ('fuel_type', 'Benzin')])
2025-11-22 06:06:32 [INFO] [app.main] [Worker-37900] [1763787992969] Found 0 cars, returning page 1/0 with 0 items
2025-11-22 06:06:32 [INFO] [app.main] [Worker-37900] [1763787992969] Response: 200 Duration: 0.026s Size: 127 bytes
2025-11-22 06:06:33 [INFO] [app.main] [Worker-37900] [1763787993020] GET /api/cars from 127.0.0.1 User-Agent: Werkzeug/3.1.3
2025-11-22 06:06:33 [INFO] [app.main] [Worker-37900] [1763787993020] Fetching cars with filters: ImmutableMultiDict([('q', 'Toyota')])
2025-11-22 06:06:33 [INFO] [app.main] [Worker-37900] [1763787993020] Found 0 cars, returning page 1/0 with 0 items
2025-11-22 06:06:33 [INFO] [app.main] [Worker-37900] [1763787993020] Response: 200 Duration: 0.029s Size: 127 bytes
2025-11-22 06:06:33 [INFO] [app.main] [Worker-37900] [1763787993071] GET /api/cars from 127.0.0.1 User-Agent: Werkzeug/3.1.3
2025-11-22 06:06:33 [INFO] [app.main] [Worker-37900] [1763787993071] Fetching cars with filters: ImmutableMultiDict([('price_min', '100000'), ('price_max', '500000')])
2025-11-22 06:06:33 [INFO] [app.main] [Worker-37900] [1763787993071] Found 0 cars, returning page 1/0 with 0 items
2025-11-22 06:06:33 [INFO] [app.main] [Worker-37900] [1763787993071] Response: 200 Duration: 0.025s Size: 127 bytes
2025-11-22 06:06:33 [INFO] [app.main] [Worker-37900] [1763787993117] GET /api/cars from 127.0.0.1 User-Agent: Werkzeug/3.1.3
2025-11-22 06:06:33 [INFO] [app.main] [Worker-37900] [1763787993117] Fetching cars with filters: ImmutableMultiDict([('year_min', '2018'), ('year_max', '2022')])
2025-11-22 06:06:33 [INFO] [app.main] [Worker-37900] [1763787993117] Found 0 cars, returning page 1/0 with 0 items
2025-11-22 06:06:33 [INFO] [app.main] [Worker-37900] [1763787993117] Response: 200 Duration: 0.031s Size: 127 bytes
2025-11-22 06:06:33 [INFO] [app.main] [Worker-37900] [1763787993175] GET /api/cars/invalid-id-999999 from 127.0.0.1 User-Agent: Werkzeug/3.1.3
2025-11-22 06:06:33 [INFO] [app.main] [Worker-37900] [1763787993175] Fetching car with ID: invalid-id-999999
2025-11-22 06:06:33 [WARNING] [app.main] [Worker-37900] [1763787993175] 404 error: /api/cars/invalid-id-999999
2025-11-22 06:06:33 [INFO] [app.main] [Worker-37900] [1763787993175] Response: 404 Duration: 0.010s Size: 84 bytes
2025-11-22 06:06:33 [INFO] [app.main] [Worker-37900] [1763787993209] GET /api/cars/test-id from 127.0.0.1 User-Agent: Werkzeug/3.1.3
2025-11-22 06:06:33 [INFO] [app.main] [Worker-37900] [1763787993209] Fetching car with ID: test-id
2025-11-22 06:06:33 [WARNING] [app.main] [Worker-37900] [1763787993209] 404 error: /api/cars/test-id
2025-11-22 06:06:33 [INFO] [app.main] [Worker-37900] [1763787993209] Response: 404 Duration: 0.005s Size: 74 bytes
2025-11-22 06:06:33 [INFO] [app.main] [Worker-37900] [1763787993240] GET /api/brands from 127.0.0.1 User-Agent: Werkzeug/3.1.3
2025-11-22 06:06:33 [INFO] [app.main] [Worker-37900] [1763787993240] Fetching brands
2025-11-22 06:06:33 [INFO] [app.main] [Worker-37900] [1763787993240] Found 0 brands
2025-11-22 06:06:33 [INFO] [app.main] [Worker-37900] [1763787993240] Response: 200 Duration: 0.004s Size: 29 bytes
2025-11-22 06:06:33 [INFO] [app.main] [Worker-37900] [1763787993271] GET /api/brands from 127.0.0.1 User-Agent: Werkzeug/3.1.3
2025-11-22 06:06:33 [INFO] [app.main] [Worker-37900] [1763787993271] Fetching brands
2025-11-22 06:06:33 [INFO] [app.main] [Worker-37900] [1763787993271] Found 0 brands
2025-11-22 06:06:33 [INFO] [app.main] [Worker-37900] [1763787993271] Response: 200 Duration: 0.003s Size: 29 bytes
2025-11-22 06:06:33 [INFO] [app.main] [Worker-37900] [1763787993301] GET /api/brands from 127.0.0.1 User-Agent: Werkzeug/3.1.3
2025-11-22 06:06:33 [INFO] [app.main] [Worker-37900] [1763787993301] Fetching brands
2025-11-22 06:06:33 [INFO] [app.main] [Worker-37900] [1763787993301] Found 0 brands
2025-11-22 06:06:33 [INFO] [app.main] [Worker-37900] [1763787993301] Response: 200 Duration: 0.003s Size: 29 bytes
2025-11-22 06:06:33 [INFO] [app.main] [Worker-37900] [1763787993335] GET /api/filters from 127.0.0.1 User-Agent: Werkzeug/3.1.3
2025-11-22 06:06:33 [INFO] [app.main] [Worker-37900] [1763787993335] Fetching filter options
2025-11-22 06:06:33 [INFO] [app.main] [Worker-37900] [1763787993335] Retrieved all filter options successfully
2025-11-22 06:06:33 [INFO] [app.main] [Worker-37900] [1763787993335] Response: 200 Duration: 0.018s Size: 210 bytes
2025-11-22 06:06:33 [INFO] [app.main] [Worker-37900] [1763787993380] GET /api/filters from 127.0.0.1 User-Agent: Werkzeug/3.1.3
2025-11-22 06:06:33 [INFO] [app.main] [Worker-37900] [1763787993380] Fetching filter options
2025-11-22 06:06:33 [INFO] [app.main] [Worker-37900] [1763787993380] Retrieved all filter options successfully
2025-11-22 06:06:33 [INFO] [app.main] [Worker-37900] [1763787993380] Response: 200 Duration: 0.008s Size: 210 bytes
2025-11-22 06:06:33 [INFO] [app.main] [Worker-37900] [1763787993413] GET /api/filters from 127.0.0.1 User-Agent: Werkzeug/3.1.3
2025-11-22 06:06:33 [INFO] [app.main] [Worker-37900] [1763787993413] Fetching filter options
2025-11-22 06:06:33 [INFO] [app.main] [Worker-37900] [1763787993413] Retrieved all filter options successfully
2025-11-22 06:06:33 [INFO] [app.main] [Worker-37900] [1763787993413] Response: 200 Duration: 0.011s Size: 210 bytes
2025-11-22 06:06:33 [INFO] [app.main] [Worker-37900] [1763787993453] GET /api/predict from 127.0.0.1 User-Agent: Werkzeug/3.1.3
2025-11-22 06:06:33 [WARNING] [app.main] [Worker-37900] [1763787993453] 405 error: GET /api/predict
2025-11-22 06:06:33 [INFO] [app.main] [Worker-37900] [1763787993453] Response: 405 Duration: 0.002s Size: 84 bytes
2025-11-22 06:06:33 [INFO] [app.main] [Worker-37900] [1763787993482] POST /api/predict from 127.0.0.1 User-Agent: Werkzeug/3.1.3
2025-11-22 06:06:33 [INFO] [app.main] [Worker-37900] [1763787993482] Request body: {'brand': 'Toyota', 'model': 'Camry', 'year': 2020, 'mileage': 50000, 'fuel_type': 'Benzin', 'transmission': 'Automatisk', 'body_type': 'Sedan', 'horsepower': 200, 'engine_size': 2.5, 'doors': 4, 'color': 'Black'}
2025-11-22 06:06:33 [INFO] [app.main] [Worker-37900] [1763787993482] Price prediction requested for: Toyota Camry 2020
2025-11-22 06:06:33 [INFO] [app.main] [Worker-37900] [1763787993482] Prediction completed in 0.000s: 136601.59 DKK (confidence: 87.0%)
2025-11-22 06:06:33 [INFO] [app.main] [Worker-37900] [1763787993482] Response: 200 Duration: 0.007s Size: 397 bytes
2025-11-22 06:06:33 [INFO] [app.main] [Worker-37900] [1763787993518] POST /api/predict from 127.0.0.1 User-Agent: Werkzeug/3.1.3
2025-11-22 06:06:33 [WARNING] [app.main] [Worker-37900] [1763787993518] Validation error in predict_price: Request body must be valid JSON
2025-11-22 06:06:33 [INFO] [app.main] [Worker-37900] [1763787993518] Response: 400 Duration: 0.002s Size: 60 bytes
2025-11-22 06:06:33 [INFO] [app.main] [Worker-37900] [1763787993546] POST /api/predict from 127.0.0.1 User-Agent: Werkzeug/3.1.3
2025-11-22 06:06:33 [WARNING] [app.main] [Worker-37900] [1763787993546] Validation error in predict_price: Missing required fields: brand, model, year, mileage, fuel_type, transmission, body_type
2025-11-22 06:06:33 [INFO] [app.main] [Worker-37900] [1763787993546] Response: 400 Duration: 0.002s Size: 117 bytes
2025-11-22 06:06:33 [INFO] [app.main] [Worker-37900] [1763787993573] GET /api/health from 127.0.0.1 User-Agent: Werkzeug/3.1.3
2025-11-22 06:06:33 [WARNING] [app.main] [Worker-37900] [1763787993573] 404 error: /api/health
2025-11-22 06:06:33 [INFO] [app.main] [Worker-37900] [1763787993573] Response: 404 Duration: 0.000s Size: 68 bytes
2025-11-22 06:06:33 [INFO] [app.main] [Worker-37900] [1763787993595] GET /api/models from 127.0.0.1 User-Agent: Werkzeug/3.1.3
2025-11-22 06:06:33 [WARNING] [app.main] [Worker-37900] [1763787993595] 404 error: /api/models
2025-11-22 06:06:33 [INFO] [app.main] [Worker-37900] [1763787993595] Response: 404 Duration: 0.002s Size: 68 bytes
2025-11-22 06:06:33 [INFO] [app.main] [Worker-37900] [1763787993621] GET /api/models from 127.0.0.1 User-Agent: Werkzeug/3.1.3
2025-11-22 06:06:33 [WARNING] [app.main] [Worker-37900] [1763787993621] 404 error: /api/models
2025-11-22 06:06:33 [INFO] [app.main] [Worker-37900] [1763787993621] Response: 404 Duration: 0.001s Size: 68 bytes
2025-11-22 06:06:33 [INFO] [app.main] [Worker-37900] [1763787993644] GET /api/models from 127.0.0.1 User-Agent: Werkzeug/3.1.3
2025-11-22 06:06:33 [WARNING] [app.main] [Worker-37900] [1763787993644] 404 error: /api/models
2025-11-22 06:06:33 [INFO] [app.main] [Worker-37900] [1763787993644] Response: 404 Duration: 0.001s Size: 68 bytes
2025-11-22 06:06:33 [INFO] [app.main] [Worker-37900] [1763787993668] GET /api/stats from 127.0.0.1 User-Agent: Werkzeug/3.1.3
2025-11-22 06:06:33 [INFO] [app.main] [Worker-37900] [1763787993668] Fetching market statistics
2025-11-22 06:06:33 [INFO] [app.main] [Worker-37900] [1763787993668] Statistics: 0 total cars
2025-11-22 06:06:33 [INFO] [app.main] [Worker-37900] [1763787993668] Response: 200 Duration: 0.010s Size: 136 bytes
2025-11-22 06:06:33 [INFO] [app.main] [Worker-37900] [1763787993703] GET /api/stats from 127.0.0.1 User-Agent: Werkzeug/3.1.3
2025-11-22 06:06:33 [INFO] [app.main] [Worker-37900] [1763787993703] Fetching market statistics
2025-11-22 06:06:33 [INFO] [app.main] [Worker-37900] [1763787993703] Statistics: 0 total cars
2025-11-22 06:06:33 [INFO] [app.main] [Worker-37900] [1763787993703] Response: 200 Duration: 0.007s Size: 136 bytes
2025-11-22 06:06:33 [INFO] [app.main] [Worker-37900] [1763787993731] GET /api/queue/status from 127.0.0.1 User-Agent: Werkzeug/3.1.3
2025-11-22 06:06:33 [WARNING] [app.main] [Worker-37900] [1763787993731] 404 error: /api/queue/status
2025-11-22 06:06:33 [INFO] [app.main] [Worker-37900] [1763787993731] Response: 404 Duration: 0.002s Size: 74 bytes
2025-11-22 06:06:33 [INFO] [app.main] [Worker-37900] [1763787993757] GET /api/queue/job/test-job-123 from 127.0.0.1 User-Agent: Werkzeug/3.1.3
2025-11-22 06:06:33 [WARNING] [app.main] [Worker-37900] [1763787993757] 404 error: /api/queue/job/test-job-123
2025-11-22 06:06:33 [INFO] [app.main] [Worker-37900] [1763787993757] Response: 404 Duration: 0.002s Size: 84 bytes
2025-11-22 06:06:33 [INFO] [app.main] [Worker-37900] [1763787993781] GET /api/nonexistent-endpoint from 127.0.0.1 User-Agent: Werkzeug/3.1.3
2025-11-22 06:06:33 [WARNING] [app.main] [Worker-37900] [1763787993781] 404 error: /api/nonexistent-endpoint
2025-11-22 06:06:33 [INFO] [app.main] [Worker-37900] [1763787993781] Response: 404 Duration: 0.001s Size: 82 bytes
2025-11-22 06:06:33 [INFO] [app.main] [Worker-37900] [1763787993803] POST /api/predict from 127.0.0.1 User-Agent: Werkzeug/3.1.3
2025-11-22 06:06:33 [WARNING] [app.main] [Worker-37900] [1763787993803] Validation error in predict_price: Request body must be valid JSON
2025-11-22 06:06:33 [INFO] [app.main] [Worker-37900] [1763787993803] Response: 400 Duration: 0.002s Size: 60 bytes
2025-11-22 06:06:33 [INFO] [app.main] [Worker-37900] [1763787993829] POST /api/predict from 127.0.0.1 User-Agent: Werkzeug/3.1.3
2025-11-22 06:06:33 [WARNING] [app.main] [Worker-37900] [1763787993829] Validation error in predict_price: Request body must be valid JSON
2025-11-22 06:06:33 [INFO] [app.main] [Worker-37900] [1763787993829] Response: 400 Duration: 0.003s Size: 60 bytes
2025-11-22 06:06:33 [INFO] [app.ml.predictor] [Worker-37900] Loaded model from C:\Users\Igor Cretu\Desktop\Bachelor\Project\BackEnd\API\app\ml\../../models\best_model_xgboost.pkl
2025-11-22 06:06:33 [INFO] [app.ml.predictor] [Worker-37900] Loaded model from C:\Users\Igor Cretu\Desktop\Bachelor\Project\BackEnd\API\app\ml\../../models\best_model_xgboost.pkl
2025-11-22 06:06:33 [INFO] [app.ml.predictor] [Worker-37900] Loaded model from C:\Users\Igor Cretu\Desktop\Bachelor\Project\BackEnd\API\app\ml\../../models\best_model_xgboost.pkl
2025-11-22 06:06:34 [INFO] [app.ml.predictor] [Worker-37900] Loaded model from C:\Users\Igor Cretu\Desktop\Bachelor\Project\BackEnd\API\app\ml\../../models\best_model_xgboost.pkl
2025-11-22 06:07:35 [INFO] [app.main] [Worker-36916] ================================================================================
2025-11-22 06:07:35 [INFO] [app.main] [Worker-36916] INITIALIZING BPR BACKEND API
2025-11-22 06:07:35 [INFO] [app.main] [Worker-36916] ================================================================================
2025-11-22 06:07:35 [INFO] [app.main] [Worker-36916] CORS locked to: ['https://bpr-g26.netlify.app', 'https://test.bachelorproject26.site', 'https://bachelorproject26.site', 'http://localhost:5173', 'http://127.0.0.1:5173', 'https://carpredict.netlify.app']
2025-11-22 06:07:35 [INFO] [app.main] [Worker-36916] Database URL configured: localhost
2025-11-22 06:07:35 [INFO] [app.main] [Worker-36916] Database initialized with connection pooling
2025-11-22 06:07:35 [INFO] [app.main] [Worker-36916] Initializing ML predictor...
2025-11-22 06:07:37 [INFO] [app.ml.predictor] [Worker-36916] Loaded model from C:\Users\Igor Cretu\Desktop\Bachelor\Project\BackEnd\API\app\ml\../../models\best_model_xgboost.pkl
2025-11-22 06:07:37 [INFO] [app.main] [Worker-36916] ML Predictor initialized: {'version': 'v1.0.0-heuristic', 'loaded': False, 'type': 'heuristic', 'model_name': 'N/A', 'test_r2': 'N/A', 'test_mae': 'N/A', 'features_count': 0}
2025-11-22 06:07:37 [INFO] [app.main] [Worker-36916] Application loaded by WSGI server
2025-11-22 06:07:37 [INFO] [app.main] [Worker-36916] Configuration: {}
2025-11-22 06:07:38 [INFO] [app.main] [Worker-36916] [1763788058416] POST /api/cars from 127.0.0.1 User-Agent: Werkzeug/3.1.3
2025-11-22 06:07:38 [INFO] [app.main] [Worker-36916] [1763788058416] Request body: {'body_type': 'Sedan', 'brand': 'BMW', 'fuel_type': 'Diesel', 'mileage': 50000, 'model': '320d', 'price': 250000.0, 'transmission': 'Automatic', 'year': 2020}
2025-11-22 06:07:38 [INFO] [app.main] [Worker-36916] [1763788058416] Creating new car: BMW 320d
2025-11-22 06:07:38 [INFO] [app.main] [Worker-36916] [1763788058416] Successfully created car with ID: 62479afd-44c4-4e86-8043-774b08d8015f
2025-11-22 06:07:38 [INFO] [app.main] [Worker-36916] [1763788058416] Response: 201 Duration: 0.072s Size: 1213 bytes
2025-11-22 06:07:38 [INFO] [app.main] [Worker-36916] [1763788058906] POST /api/cars from 127.0.0.1 User-Agent: Werkzeug/3.1.3
2025-11-22 06:07:38 [INFO] [app.main] [Worker-36916] [1763788058906] Request body: {'brand': 'BMW', 'model': '320d'}
2025-11-22 06:07:38 [WARNING] [app.main] [Worker-36916] [1763788058906] Validation error in create_car: Missing required fields: year, mileage, fuel_type, transmission, body_type, price
2025-11-22 06:07:38 [INFO] [app.main] [Worker-36916] [1763788058906] Response: 400 Duration: 0.003s Size: 110 bytes
2025-11-22 06:07:38 [INFO] [app.main] [Worker-36916] [1763788058937] POST /api/cars from 127.0.0.1 User-Agent: Werkzeug/3.1.3
2025-11-22 06:07:38 [INFO] [app.main] [Worker-36916] [1763788058937] Request body: {'body_type': 'Sedan', 'brand': 'BMW', 'fuel_type': 'Diesel', 'mileage': 50000, 'model': '320d', 'price': 250000.0, 'transmission': 'Automatic', 'year': 'not_a_year'}
2025-11-22 06:07:38 [INFO] [app.main] [Worker-36916] [1763788058937] Creating new car: BMW 320d
2025-11-22 06:07:38 [WARNING] [app.main] [Worker-36916] [1763788058937] Validation error in create_car: Year must be an integer
2025-11-22 06:07:38 [INFO] [app.main] [Worker-36916] [1763788058937] Response: 400 Duration: 0.002s Size: 52 bytes
2025-11-22 06:07:39 [INFO] [app.main] [Worker-36916] [1763788059269] POST /api/predict from 127.0.0.1 User-Agent: Werkzeug/3.1.3
2025-11-22 06:07:39 [INFO] [app.main] [Worker-36916] [1763788059269] Request body: {'body_type': 'Sedan', 'brand': 'Audi', 'fuel_type': 'Diesel', 'mileage': 60000, 'model': 'A4', 'transmission': 'Automatic', 'year': 2019}
2025-11-22 06:07:39 [INFO] [app.main] [Worker-36916] [1763788059269] Price prediction requested for: Audi A4 2019
2025-11-22 06:07:39 [INFO] [app.main] [Worker-36916] [1763788059269] Prediction completed in 0.001s: 162121.7 DKK (confidence: 82.0%)
2025-11-22 06:07:39 [INFO] [app.main] [Worker-36916] [1763788059269] Response: 200 Duration: 0.007s Size: 328 bytes
2025-11-22 06:07:39 [INFO] [app.main] [Worker-36916] [1763788059304] GET /api/queue/job/nonexistent-id from 127.0.0.1 User-Agent: Werkzeug/3.1.3
2025-11-22 06:07:39 [WARNING] [app.main] [Worker-36916] [1763788059304] 404 error: /api/queue/job/nonexistent-id
2025-11-22 06:07:39 [INFO] [app.main] [Worker-36916] [1763788059304] Response: 404 Duration: 0.001s Size: 86 bytes
2025-11-22 06:07:39 [INFO] [app.main] [Worker-36916] [1763788059336] GET /api/cars from 127.0.0.1 User-Agent: Werkzeug/3.1.3
2025-11-22 06:07:39 [INFO] [app.main] [Worker-36916] [1763788059336] Fetching cars with filters: ImmutableMultiDict([('brand', 'Toyota'), ('fuel_type', 'Diesel'), ('min_year', '2018')])
2025-11-22 06:07:39 [INFO] [app.main] [Worker-36916] [1763788059336] Found 0 cars, returning page 1/0 with 0 items
2025-11-22 06:07:39 [INFO] [app.main] [Worker-36916] [1763788059336] Response: 200 Duration: 0.034s Size: 127 bytes
2025-11-22 06:07:39 [INFO] [app.main] [Worker-36916] [1763788059417] GET /api/cars from 127.0.0.1 User-Agent: Werkzeug/3.1.3
2025-11-22 06:07:39 [INFO] [app.main] [Worker-36916] [1763788059417] Fetching cars with filters: ImmutableMultiDict([('search', 'Toyota')])
2025-11-22 06:07:39 [INFO] [app.main] [Worker-36916] [1763788059417] Found 1 cars, returning page 1/1 with 1 items
2025-11-22 06:07:39 [INFO] [app.main] [Worker-36916] [1763788059417] Response: 200 Duration: 0.032s Size: 1266 bytes
2025-11-22 06:07:40 [INFO] [app.main] [Worker-36916] [1763788060835] GET /api/brands from 127.0.0.1 User-Agent: Werkzeug/3.1.3
2025-11-22 06:07:40 [INFO] [app.main] [Worker-36916] [1763788060835] Fetching brands
2025-11-22 06:07:40 [INFO] [app.main] [Worker-36916] [1763788060835] Found 1 brands
2025-11-22 06:07:40 [INFO] [app.main] [Worker-36916] [1763788060835] Response: 200 Duration: 0.005s Size: 56 bytes
2025-11-22 06:07:40 [INFO] [app.main] [Worker-36916] [1763788060873] POST /api/predict from 127.0.0.1 User-Agent: Werkzeug/3.1.3
2025-11-22 06:07:40 [INFO] [app.main] [Worker-36916] [1763788060873] Request body: {'body_type': 'Sedan', 'brand': 'Mercedes', 'doors': 4, 'engine_size': 2.0, 'fuel_type': 'Diesel', 'horsepower': 200, 'mileage': 30000, 'model': 'C-Class', 'seats': 5, 'transmission': 'Automatic', 'year': 2021}
2025-11-22 06:07:40 [INFO] [app.main] [Worker-36916] [1763788060873] Price prediction requested for: Mercedes C-Class 2021
2025-11-22 06:07:40 [INFO] [app.main] [Worker-36916] [1763788060873] Prediction completed in 0.000s: 145563.82 DKK (confidence: 87.0%)
2025-11-22 06:07:40 [INFO] [app.main] [Worker-36916] [1763788060873] Response: 200 Duration: 0.004s Size: 394 bytes
2025-11-22 06:07:40 [INFO] [app.main] [Worker-36916] [1763788060903] POST /api/predict from 127.0.0.1 User-Agent: Werkzeug/3.1.3
2025-11-22 06:07:40 [INFO] [app.main] [Worker-36916] [1763788060903] Request body: {'body_type': 'Sedan', 'brand': 'Mercedes', 'fuel_type': 'Diesel', 'mileage': 30000, 'model': 'C-Class', 'transmission': 'Automatic', 'year': 'invalid'}
2025-11-22 06:07:40 [INFO] [app.main] [Worker-36916] [1763788060903] Price prediction requested for: Mercedes C-Class invalid
2025-11-22 06:07:40 [WARNING] [app.main] [Worker-36916] [1763788060903] Validation error in predict_price: Year must be an integer
2025-11-22 06:07:40 [INFO] [app.main] [Worker-36916] [1763788060903] Response: 400 Duration: 0.002s Size: 52 bytes
2025-11-22 06:07:40 [INFO] [app.main] [Worker-36916] [1763788060931] GET /api/cars from 127.0.0.1 User-Agent: Werkzeug/3.1.3
2025-11-22 06:07:40 [INFO] [app.main] [Worker-36916] [1763788060931] Fetching cars with filters: ImmutableMultiDict([('page', '999999')])
2025-11-22 06:07:40 [INFO] [app.main] [Worker-36916] [1763788060931] Found 0 cars, returning page 999999/0 with 0 items
2025-11-22 06:07:40 [INFO] [app.main] [Worker-36916] [1763788060931] Response: 200 Duration: 0.005s Size: 131 bytes
2025-11-22 06:07:42 [INFO] [app.main] [Worker-36916] [1763788062351] GET /api/stats from 127.0.0.1 User-Agent: Werkzeug/3.1.3
2025-11-22 06:07:42 [INFO] [app.main] [Worker-36916] [1763788062351] Fetching market statistics
2025-11-22 06:07:42 [INFO] [app.main] [Worker-36916] [1763788062351] Statistics: 1 total cars
2025-11-22 06:07:42 [INFO] [app.main] [Worker-36916] [1763788062351] Response: 200 Duration: 0.010s Size: 217 bytes
2025-11-22 06:07:42 [INFO] [app.main] [Worker-36916] [1763788062387] GET /api/cars from 127.0.0.1 User-Agent: Werkzeug/3.1.3
2025-11-22 06:07:42 [INFO] [app.main] [Worker-36916] [1763788062387] Fetching cars with filters: ImmutableMultiDict([])
2025-11-22 06:07:42 [INFO] [app.main] [Worker-36916] [1763788062387] Found 0 cars, returning page 1/0 with 0 items
2025-11-22 06:07:42 [INFO] [app.main] [Worker-36916] [1763788062387] Response: 200 Duration: 0.004s Size: 127 bytes
2025-11-22 06:07:42 [INFO] [app.main] [Worker-36916] [1763788062418] GET /api/cars from 127.0.0.1 User-Agent: Werkzeug/3.1.3
2025-11-22 06:07:42 [INFO] [app.main] [Worker-36916] [1763788062418] Fetching cars with filters: ImmutableMultiDict([])
2025-11-22 06:07:42 [INFO] [app.main] [Worker-36916] [1763788062418] Found 0 cars, returning page 1/0 with 0 items
2025-11-22 06:07:42 [INFO] [app.main] [Worker-36916] [1763788062418] Response: 200 Duration: 0.005s Size: 127 bytes
2025-11-22 06:07:42 [INFO] [app.main] [Worker-36916] [1763788062448] GET /api/cars from 127.0.0.1 User-Agent: Werkzeug/3.1.3
2025-11-22 06:07:42 [INFO] [app.main] [Worker-36916] [1763788062448] Fetching cars with filters: ImmutableMultiDict([('page', '1'), ('per_page', '10')])
2025-11-22 06:07:42 [INFO] [app.main] [Worker-36916] [1763788062448] Found 0 cars, returning page 1/0 with 0 items
2025-11-22 06:07:42 [INFO] [app.main] [Worker-36916] [1763788062448] Response: 200 Duration: 0.005s Size: 127 bytes
2025-11-22 06:07:42 [INFO] [app.main] [Worker-36916] [1763788062477] GET /api/cars from 127.0.0.1 User-Agent: Werkzeug/3.1.3
2025-11-22 06:07:42 [INFO] [app.main] [Worker-36916] [1763788062477] Fetching cars with filters: ImmutableMultiDict([('brand', 'Toyota'), ('fuel_type', 'Benzin')])
2025-11-22 06:07:42 [INFO] [app.main] [Worker-36916] [1763788062477] Found 0 cars, returning page 1/0 with 0 items
2025-11-22 06:07:42 [INFO] [app.main] [Worker-36916] [1763788062477] Response: 200 Duration: 0.005s Size: 127 bytes
2025-11-22 06:07:42 [INFO] [app.main] [Worker-36916] [1763788062506] GET /api/cars from 127.0.0.1 User-Agent: Werkzeug/3.1.3
2025-11-22 06:07:42 [INFO] [app.main] [Worker-36916] [1763788062506] Fetching cars with filters: ImmutableMultiDict([('q', 'Toyota')])
2025-11-22 06:07:42 [INFO] [app.main] [Worker-36916] [1763788062506] Found 0 cars, returning page 1/0 with 0 items
2025-11-22 06:07:42 [INFO] [app.main] [Worker-36916] [1763788062506] Response: 200 Duration: 0.026s Size: 127 bytes
2025-11-22 06:07:42 [INFO] [app.main] [Worker-36916] [1763788062556] GET /api/cars from 127.0.0.1 User-Agent: Werkzeug/3.1.3
2025-11-22 06:07:42 [INFO] [app.main] [Worker-36916] [1763788062556] Fetching cars with filters: ImmutableMultiDict([('price_min', '100000'), ('price_max', '500000')])
2025-11-22 06:07:42 [INFO] [app.main] [Worker-36916] [1763788062556] Found 0 cars, returning page 1/0 with 0 items
2025-11-22 06:07:42 [INFO] [app.main] [Worker-36916] [1763788062556] Response: 200 Duration: 0.029s Size: 127 bytes
2025-11-22 06:07:42 [INFO] [app.main] [Worker-36916] [1763788062611] GET /api/cars from 127.0.0.1 User-Agent: Werkzeug/3.1.3
2025-11-22 06:07:42 [INFO] [app.main] [Worker-36916] [1763788062611] Fetching cars with filters: ImmutableMultiDict([('year_min', '2018'), ('year_max', '2022')])
2025-11-22 06:07:42 [INFO] [app.main] [Worker-36916] [1763788062611] Found 0 cars, returning page 1/0 with 0 items
2025-11-22 06:07:42 [INFO] [app.main] [Worker-36916] [1763788062611] Response: 200 Duration: 0.031s Size: 127 bytes
2025-11-22 06:07:42 [INFO] [app.main] [Worker-36916] [1763788062669] GET /api/cars/invalid-id-999999 from 127.0.0.1 User-Agent: Werkzeug/3.1.3
2025-11-22 06:07:42 [INFO] [app.main] [Worker-36916] [1763788062669] Fetching car with ID: invalid-id-999999
2025-11-22 06:07:42 [WARNING] [app.main] [Worker-36916] [1763788062669] 404 error: /api/cars/invalid-id-999999
2025-11-22 06:07:42 [INFO] [app.main] [Worker-36916] [1763788062669] Response: 404 Duration: 0.008s Size: 84 bytes
2025-11-22 06:07:42 [INFO] [app.main] [Worker-36916] [1763788062704] GET /api/cars/test-id from 127.0.0.1 User-Agent: Werkzeug/3.1.3
2025-11-22 06:07:42 [INFO] [app.main] [Worker-36916] [1763788062704] Fetching car with ID: test-id
2025-11-22 06:07:42 [WARNING] [app.main] [Worker-36916] [1763788062704] 404 error: /api/cars/test-id
2025-11-22 06:07:42 [INFO] [app.main] [Worker-36916] [1763788062704] Response: 404 Duration: 0.004s Size: 74 bytes
2025-11-22 06:07:42 [INFO] [app.main] [Worker-36916] [1763788062732] GET /api/brands from 127.0.0.1 User-Agent: Werkzeug/3.1.3
2025-11-22 06:07:42 [INFO] [app.main] [Worker-36916] [1763788062732] Fetching brands
2025-11-22 06:07:42 [INFO] [app.main] [Worker-36916] [1763788062732] Found 0 brands
2025-11-22 06:07:42 [INFO] [app.main] [Worker-36916] [1763788062732] Response: 200 Duration: 0.003s Size: 29 bytes
2025-11-22 06:07:42 [INFO] [app.main] [Worker-36916] [1763788062761] GET /api/brands from 127.0.0.1 User-Agent: Werkzeug/3.1.3
2025-11-22 06:07:42 [INFO] [app.main] [Worker-36916] [1763788062761] Fetching brands
2025-11-22 06:07:42 [INFO] [app.main] [Worker-36916] [1763788062761] Found 0 brands
2025-11-22 06:07:42 [INFO] [app.main] [Worker-36916] [1763788062761] Response: 200 Duration: 0.004s Size: 29 bytes
2025-11-22 06:07:42 [INFO] [app.main] [Worker-36916] [1763788062791] GET /api/brands from 127.0.0.1 User-Agent: Werkzeug/3.1.3
2025-11-22 06:07:42 [INFO] [app.main] [Worker-36916] [1763788062791] Fetching brands
2025-11-22 06:07:42 [INFO] [app.main] [Worker-36916] [1763788062791] Found 0 brands
2025-11-22 06:07:42 [INFO] [app.main] [Worker-36916] [1763788062791] Response: 200 Duration: 0.003s Size: 29 bytes
2025-11-22 06:07:42 [INFO] [app.main] [Worker-36916] [1763788062824] GET /api/filters from 127.0.0.1 User-Agent: Werkzeug/3.1.3
2025-11-22 06:07:42 [INFO] [app.main] [Worker-36916] [1763788062824] Fetching filter options
2025-11-22 06:07:42 [INFO] [app.main] [Worker-36916] [1763788062824] Retrieved all filter options successfully
2025-11-22 06:07:42 [INFO] [app.main] [Worker-36916] [1763788062824] Response: 200 Duration: 0.015s Size: 210 bytes
2025-11-22 06:07:42 [INFO] [app.main] [Worker-36916] [1763788062864] GET /api/filters from 127.0.0.1 User-Agent: Werkzeug/3.1.3
2025-11-22 06:07:42 [INFO] [app.main] [Worker-36916] [1763788062864] Fetching filter options
2025-11-22 06:07:42 [INFO] [app.main] [Worker-36916] [1763788062864] Retrieved all filter options successfully
2025-11-22 06:07:42 [INFO] [app.main] [Worker-36916] [1763788062864] Response: 200 Duration: 0.007s Size: 210 bytes
2025-11-22 06:07:42 [INFO] [app.main] [Worker-36916] [1763788062900] GET /api/filters from 127.0.0.1 User-Agent: Werkzeug/3.1.3
2025-11-22 06:07:42 [INFO] [app.main] [Worker-36916] [1763788062900] Fetching filter options
2025-11-22 06:07:42 [INFO] [app.main] [Worker-36916] [1763788062900] Retrieved all filter options successfully
2025-11-22 06:07:42 [INFO] [app.main] [Worker-36916] [1763788062900] Response: 200 Duration: 0.006s Size: 210 bytes
2025-11-22 06:07:42 [INFO] [app.main] [Worker-36916] [1763788062930] GET /api/predict from 127.0.0.1 User-Agent: Werkzeug/3.1.3
2025-11-22 06:07:42 [WARNING] [app.main] [Worker-36916] [1763788062930] 405 error: GET /api/predict
2025-11-22 06:07:42 [INFO] [app.main] [Worker-36916] [1763788062930] Response: 405 Duration: 0.001s Size: 84 bytes
2025-11-22 06:07:42 [INFO] [app.main] [Worker-36916] [1763788062956] POST /api/predict from 127.0.0.1 User-Agent: Werkzeug/3.1.3
2025-11-22 06:07:42 [INFO] [app.main] [Worker-36916] [1763788062956] Request body: {'brand': 'Toyota', 'model': 'Camry', 'year': 2020, 'mileage': 50000, 'fuel_type': 'Benzin', 'transmission': 'Automatisk', 'body_type': 'Sedan', 'horsepower': 200, 'engine_size': 2.5, 'doors': 4, 'color': 'Black'}
2025-11-22 06:07:42 [INFO] [app.main] [Worker-36916] [1763788062956] Price prediction requested for: Toyota Camry 2020
2025-11-22 06:07:42 [INFO] [app.main] [Worker-36916] [1763788062956] Prediction completed in 0.000s: 136601.59 DKK (confidence: 87.0%)
2025-11-22 06:07:42 [INFO] [app.main] [Worker-36916] [1763788062956] Response: 200 Duration: 0.004s Size: 397 bytes
2025-11-22 06:07:42 [INFO] [app.main] [Worker-36916] [1763788062983] POST /api/predict from 127.0.0.1 User-Agent: Werkzeug/3.1.3
2025-11-22 06:07:42 [WARNING] [app.main] [Worker-36916] [1763788062983] Validation error in predict_price: Request body must be valid JSON
2025-11-22 06:07:42 [INFO] [app.main] [Worker-36916] [1763788062983] Response: 400 Duration: 0.001s Size: 60 bytes
2025-11-22 06:07:43 [INFO] [app.main] [Worker-36916] [1763788063005] POST /api/predict from 127.0.0.1 User-Agent: Werkzeug/3.1.3
2025-11-22 06:07:43 [WARNING] [app.main] [Worker-36916] [1763788063005] Validation error in predict_price: Missing required fields: brand, model, year, mileage, fuel_type, transmission, body_type
2025-11-22 06:07:43 [INFO] [app.main] [Worker-36916] [1763788063005] Response: 400 Duration: 0.002s Size: 117 bytes
2025-11-22 06:07:43 [INFO] [app.main] [Worker-36916] [1763788063031] GET /api/health from 127.0.0.1 User-Agent: Werkzeug/3.1.3
2025-11-22 06:07:43 [WARNING] [app.main] [Worker-36916] [1763788063031] 404 error: /api/health
2025-11-22 06:07:43 [INFO] [app.main] [Worker-36916] [1763788063031] Response: 404 Duration: 0.001s Size: 68 bytes
2025-11-22 06:07:43 [INFO] [app.main] [Worker-36916] [1763788063055] GET /api/models from 127.0.0.1 User-Agent: Werkzeug/3.1.3
2025-11-22 06:07:43 [WARNING] [app.main] [Worker-36916] [1763788063055] 404 error: /api/models
2025-11-22 06:07:43 [INFO] [app.main] [Worker-36916] [1763788063055] Response: 404 Duration: 0.001s Size: 68 bytes
2025-11-22 06:07:43 [INFO] [app.main] [Worker-36916] [1763788063079] GET /api/models from 127.0.0.1 User-Agent: Werkzeug/3.1.3
2025-11-22 06:07:43 [WARNING] [app.main] [Worker-36916] [1763788063079] 404 error: /api/models
2025-11-22 06:07:43 [INFO] [app.main] [Worker-36916] [1763788063079] Response: 404 Duration: 0.002s Size: 68 bytes
2025-11-22 06:07:43 [INFO] [app.main] [Worker-36916] [1763788063105] GET /api/models from 127.0.0.1 User-Agent: Werkzeug/3.1.3
2025-11-22 06:07:43 [WARNING] [app.main] [Worker-36916] [1763788063105] 404 error: /api/models
2025-11-22 06:07:43 [INFO] [app.main] [Worker-36916] [1763788063105] Response: 404 Duration: 0.002s Size: 68 bytes
2025-11-22 06:07:43 [INFO] [app.main] [Worker-36916] [1763788063131] GET /api/stats from 127.0.0.1 User-Agent: Werkzeug/3.1.3
2025-11-22 06:07:43 [INFO] [app.main] [Worker-36916] [1763788063131] Fetching market statistics
2025-11-22 06:07:43 [INFO] [app.main] [Worker-36916] [1763788063131] Statistics: 0 total cars
2025-11-22 06:07:43 [INFO] [app.main] [Worker-36916] [1763788063131] Response: 200 Duration: 0.008s Size: 136 bytes
2025-11-22 06:07:43 [INFO] [app.main] [Worker-36916] [1763788063162] GET /api/stats from 127.0.0.1 User-Agent: Werkzeug/3.1.3
2025-11-22 06:07:43 [INFO] [app.main] [Worker-36916] [1763788063162] Fetching market statistics
2025-11-22 06:07:43 [INFO] [app.main] [Worker-36916] [1763788063162] Statistics: 0 total cars
2025-11-22 06:07:43 [INFO] [app.main] [Worker-36916] [1763788063162] Response: 200 Duration: 0.007s Size: 136 bytes
2025-11-22 06:07:43 [INFO] [app.main] [Worker-36916] [1763788063195] GET /api/queue/status from 127.0.0.1 User-Agent: Werkzeug/3.1.3
2025-11-22 06:07:43 [WARNING] [app.main] [Worker-36916] [1763788063195] 404 error: /api/queue/status
2025-11-22 06:07:43 [INFO] [app.main] [Worker-36916] [1763788063195] Response: 404 Duration: 0.002s Size: 74 bytes
2025-11-22 06:07:43 [INFO] [app.main] [Worker-36916] [1763788063222] GET /api/queue/job/test-job-123 from 127.0.0.1 User-Agent: Werkzeug/3.1.3
2025-11-22 06:07:43 [WARNING] [app.main] [Worker-36916] [1763788063222] 404 error: /api/queue/job/test-job-123
2025-11-22 06:07:43 [INFO] [app.main] [Worker-36916] [1763788063222] Response: 404 Duration: 0.002s Size: 84 bytes
2025-11-22 06:07:43 [INFO] [app.main] [Worker-36916] [1763788063247] GET /api/nonexistent-endpoint from 127.0.0.1 User-Agent: Werkzeug/3.1.3
2025-11-22 06:07:43 [WARNING] [app.main] [Worker-36916] [1763788063247] 404 error: /api/nonexistent-endpoint
2025-11-22 06:07:43 [INFO] [app.main] [Worker-36916] [1763788063247] Response: 404 Duration: 0.002s Size: 82 bytes
2025-11-22 06:07:43 [INFO] [app.main] [Worker-36916] [1763788063271] POST /api/predict from 127.0.0.1 User-Agent: Werkzeug/3.1.3
2025-11-22 06:07:43 [WARNING] [app.main] [Worker-36916] [1763788063271] Validation error in predict_price: Request body must be valid JSON
2025-11-22 06:07:43 [INFO] [app.main] [Worker-36916] [1763788063271] Response: 400 Duration: 0.001s Size: 60 bytes
2025-11-22 06:07:43 [INFO] [app.main] [Worker-36916] [1763788063295] POST /api/predict from 127.0.0.1 User-Agent: Werkzeug/3.1.3
2025-11-22 06:07:43 [WARNING] [app.main] [Worker-36916] [1763788063295] Validation error in predict_price: Request body must be valid JSON
2025-11-22 06:07:43 [INFO] [app.main] [Worker-36916] [1763788063295] Response: 400 Duration: 0.001s Size: 60 bytes
2025-11-22 06:07:43 [INFO] [app.ml.predictor] [Worker-36916] Loaded model from C:\Users\Igor Cretu\Desktop\Bachelor\Project\BackEnd\API\app\ml\../../models\best_model_xgboost.pkl
2025-11-22 06:07:43 [INFO] [app.ml.predictor] [Worker-36916] Loaded model from C:\Users\Igor Cretu\Desktop\Bachelor\Project\BackEnd\API\app\ml\../../models\best_model_xgboost.pkl
2025-11-22 06:07:43 [INFO] [app.ml.predictor] [Worker-36916] Loaded model from C:\Users\Igor Cretu\Desktop\Bachelor\Project\BackEnd\API\app\ml\../../models\best_model_xgboost.pkl
2025-11-22 06:07:43 [INFO] [app.ml.predictor] [Worker-36916] Loaded model from C:\Users\Igor Cretu\Desktop\Bachelor\Project\BackEnd\API\app\ml\../../models\best_model_xgboost.pkl
2025-11-22 06:09:00 [INFO] [app.main] [Worker-71588] ================================================================================
2025-11-22 06:09:00 [INFO] [app.main] [Worker-71588] INITIALIZING BPR BACKEND API
2025-11-22 06:09:00 [INFO] [app.main] [Worker-71588] ================================================================================
2025-11-22 06:09:00 [INFO] [app.main] [Worker-71588] CORS locked to: ['https://bpr-g26.netlify.app', 'https://test.bachelorproject26.site', 'https://bachelorproject26.site', 'http://localhost:5173', 'http://127.0.0.1:5173', 'https://carpredict.netlify.app']
2025-11-22 06:09:00 [INFO] [app.main] [Worker-71588] Database URL configured: localhost
2025-11-22 06:09:00 [INFO] [app.main] [Worker-71588] Database initialized with connection pooling
2025-11-22 06:09:00 [INFO] [app.main] [Worker-71588] Initializing ML predictor...
2025-11-22 06:09:02 [INFO] [app.ml.predictor] [Worker-71588] Loaded model from C:\Users\Igor Cretu\Desktop\Bachelor\Project\BackEnd\API\app\ml\../../models\best_model_xgboost.pkl
2025-11-22 06:09:02 [INFO] [app.main] [Worker-71588] ML Predictor initialized: {'version': 'v1.0.0-heuristic', 'loaded': False, 'type': 'heuristic', 'model_name': 'N/A', 'test_r2': 'N/A', 'test_mae': 'N/A', 'features_count': 0}
2025-11-22 06:09:03 [INFO] [app.main] [Worker-71588] Application loaded by WSGI server
2025-11-22 06:09:03 [INFO] [app.main] [Worker-71588] Configuration: {}
2025-11-22 06:09:03 [INFO] [app.main] [Worker-71588] [1763788143696] POST /api/cars from 127.0.0.1 User-Agent: Werkzeug/3.1.3
2025-11-22 06:09:03 [INFO] [app.main] [Worker-71588] [1763788143696] Request body: {'body_type': 'Sedan', 'brand': 'BMW', 'fuel_type': 'Diesel', 'mileage': 50000, 'model': '320d', 'price': 250000.0, 'transmission': 'Automatic', 'year': 2020}
2025-11-22 06:09:03 [INFO] [app.main] [Worker-71588] [1763788143696] Creating new car: BMW 320d
2025-11-22 06:09:03 [INFO] [app.main] [Worker-71588] [1763788143696] Successfully created car with ID: 677b33c8-3513-4422-a362-809e66394533
2025-11-22 06:09:03 [INFO] [app.main] [Worker-71588] [1763788143696] Response: 201 Duration: 0.057s Size: 1213 bytes
2025-11-22 06:09:04 [INFO] [app.main] [Worker-71588] [1763788144179] POST /api/cars from 127.0.0.1 User-Agent: Werkzeug/3.1.3
2025-11-22 06:09:04 [INFO] [app.main] [Worker-71588] [1763788144179] Request body: {'brand': 'BMW', 'model': '320d'}
2025-11-22 06:09:04 [WARNING] [app.main] [Worker-71588] [1763788144179] Validation error in create_car: Missing required fields: year, mileage, fuel_type, transmission, body_type, price
2025-11-22 06:09:04 [INFO] [app.main] [Worker-71588] [1763788144179] Response: 400 Duration: 0.002s Size: 110 bytes
2025-11-22 06:09:04 [INFO] [app.main] [Worker-71588] [1763788144205] POST /api/cars from 127.0.0.1 User-Agent: Werkzeug/3.1.3
2025-11-22 06:09:04 [INFO] [app.main] [Worker-71588] [1763788144205] Request body: {'body_type': 'Sedan', 'brand': 'BMW', 'fuel_type': 'Diesel', 'mileage': 50000, 'model': '320d', 'price': 250000.0, 'transmission': 'Automatic', 'year': 'not_a_year'}
2025-11-22 06:09:04 [INFO] [app.main] [Worker-71588] [1763788144205] Creating new car: BMW 320d
2025-11-22 06:09:04 [WARNING] [app.main] [Worker-71588] [1763788144205] Validation error in create_car: Year must be an integer
2025-11-22 06:09:04 [INFO] [app.main] [Worker-71588] [1763788144205] Response: 400 Duration: 0.002s Size: 52 bytes
2025-11-22 06:09:04 [INFO] [app.main] [Worker-71588] [1763788144307] GET /api/cars/test-car-123 from 127.0.0.1 User-Agent: Werkzeug/3.1.3
2025-11-22 06:09:04 [INFO] [app.main] [Worker-71588] [1763788144307] Fetching car with ID: test-car-123
2025-11-22 06:09:04 [INFO] [app.main] [Worker-71588] [1763788144307] Successfully retrieved car test-car-123
2025-11-22 06:09:04 [INFO] [app.main] [Worker-71588] [1763788144307] Response: 200 Duration: 0.010s Size: 1163 bytes
2025-11-22 06:09:04 [INFO] [app.main] [Worker-71588] [1763788144358] POST /api/predict from 127.0.0.1 User-Agent: Werkzeug/3.1.3
2025-11-22 06:09:04 [INFO] [app.main] [Worker-71588] [1763788144358] Request body: {'body_type': 'Sedan', 'brand': 'Audi', 'fuel_type': 'Diesel', 'mileage': 60000, 'model': 'A4', 'transmission': 'Automatic', 'year': 2019}
2025-11-22 06:09:04 [INFO] [app.main] [Worker-71588] [1763788144358] Price prediction requested for: Audi A4 2019
2025-11-22 06:09:04 [INFO] [app.main] [Worker-71588] [1763788144358] Prediction completed in 0.000s: 162121.7 DKK (confidence: 82.0%)
2025-11-22 06:09:04 [INFO] [app.main] [Worker-71588] [1763788144358] Response: 200 Duration: 0.008s Size: 328 bytes
2025-11-22 06:09:04 [INFO] [app.main] [Worker-71588] [1763788144392] GET /api/queue/job/nonexistent-id from 127.0.0.1 User-Agent: Werkzeug/3.1.3
2025-11-22 06:09:04 [WARNING] [app.main] [Worker-71588] [1763788144392] 404 error: /api/queue/job/nonexistent-id
2025-11-22 06:09:04 [INFO] [app.main] [Worker-71588] [1763788144392] Response: 404 Duration: 0.003s Size: 86 bytes
2025-11-22 06:09:04 [INFO] [app.main] [Worker-71588] [1763788144419] GET /api/cars from 127.0.0.1 User-Agent: Werkzeug/3.1.3
2025-11-22 06:09:04 [INFO] [app.main] [Worker-71588] [1763788144419] Fetching cars with filters: ImmutableMultiDict([('brand', 'Toyota'), ('fuel_type', 'Diesel'), ('min_year', '2018')])
2025-11-22 06:09:04 [INFO] [app.main] [Worker-71588] [1763788144419] Found 0 cars, returning page 1/0 with 0 items
2025-11-22 06:09:04 [INFO] [app.main] [Worker-71588] [1763788144419] Response: 200 Duration: 0.032s Size: 127 bytes
2025-11-22 06:09:04 [INFO] [app.main] [Worker-71588] [1763788144478] GET /api/cars from 127.0.0.1 User-Agent: Werkzeug/3.1.3
2025-11-22 06:09:04 [INFO] [app.main] [Worker-71588] [1763788144478] Fetching cars with filters: ImmutableMultiDict([('search', 'Toyota')])
2025-11-22 06:09:04 [INFO] [app.main] [Worker-71588] [1763788144478] Found 1 cars, returning page 1/1 with 1 items
2025-11-22 06:09:04 [INFO] [app.main] [Worker-71588] [1763788144478] Response: 200 Duration: 0.025s Size: 1266 bytes
2025-11-22 06:09:04 [INFO] [app.main] [Worker-71588] [1763788144534] GET /api/cars from 127.0.0.1 User-Agent: Werkzeug/3.1.3
2025-11-22 06:09:04 [INFO] [app.main] [Worker-71588] [1763788144534] Fetching cars with filters: ImmutableMultiDict([('sort_by', 'price'), ('sort_order', 'desc')])
2025-11-22 06:09:04 [INFO] [app.main] [Worker-71588] [1763788144534] Found 3 cars, returning page 1/1 with 3 items
2025-11-22 06:09:04 [INFO] [app.main] [Worker-71588] [1763788144534] Response: 200 Duration: 0.010s Size: 3618 bytes
2025-11-22 06:09:04 [INFO] [app.main] [Worker-71588] [1763788144571] GET /api/brands from 127.0.0.1 User-Agent: Werkzeug/3.1.3
2025-11-22 06:09:04 [INFO] [app.main] [Worker-71588] [1763788144571] Fetching brands
2025-11-22 06:09:04 [INFO] [app.main] [Worker-71588] [1763788144571] Found 1 brands
2025-11-22 06:09:04 [INFO] [app.main] [Worker-71588] [1763788144571] Response: 200 Duration: 0.003s Size: 56 bytes
2025-11-22 06:09:04 [INFO] [app.main] [Worker-71588] [1763788144598] POST /api/predict from 127.0.0.1 User-Agent: Werkzeug/3.1.3
2025-11-22 06:09:04 [INFO] [app.main] [Worker-71588] [1763788144598] Request body: {'body_type': 'Sedan', 'brand': 'Mercedes', 'doors': 4, 'engine_size': 2.0, 'fuel_type': 'Diesel', 'horsepower': 200, 'mileage': 30000, 'model': 'C-Class', 'seats': 5, 'transmission': 'Automatic', 'year': 2021}
2025-11-22 06:09:04 [INFO] [app.main] [Worker-71588] [1763788144598] Price prediction requested for: Mercedes C-Class 2021
2025-11-22 06:09:04 [INFO] [app.main] [Worker-71588] [1763788144598] Prediction completed in 0.000s: 145563.82 DKK (confidence: 87.0%)
2025-11-22 06:09:04 [INFO] [app.main] [Worker-71588] [1763788144598] Response: 200 Duration: 0.006s Size: 394 bytes
2025-11-22 06:09:04 [INFO] [app.main] [Worker-71588] [1763788144625] POST /api/predict from 127.0.0.1 User-Agent: Werkzeug/3.1.3
2025-11-22 06:09:04 [INFO] [app.main] [Worker-71588] [1763788144625] Request body: {'body_type': 'Sedan', 'brand': 'Mercedes', 'fuel_type': 'Diesel', 'mileage': 30000, 'model': 'C-Class', 'transmission': 'Automatic', 'year': 'invalid'}
2025-11-22 06:09:04 [INFO] [app.main] [Worker-71588] [1763788144625] Price prediction requested for: Mercedes C-Class invalid
2025-11-22 06:09:04 [WARNING] [app.main] [Worker-71588] [1763788144625] Validation error in predict_price: Year must be an integer
2025-11-22 06:09:04 [INFO] [app.main] [Worker-71588] [1763788144625] Response: 400 Duration: 0.001s Size: 52 bytes
2025-11-22 06:09:04 [INFO] [app.main] [Worker-71588] [1763788144649] GET /api/cars from 127.0.0.1 User-Agent: Werkzeug/3.1.3
2025-11-22 06:09:04 [INFO] [app.main] [Worker-71588] [1763788144649] Fetching cars with filters: ImmutableMultiDict([('page', '999999')])
2025-11-22 06:09:04 [INFO] [app.main] [Worker-71588] [1763788144649] Found 0 cars, returning page 999999/0 with 0 items
2025-11-22 06:09:04 [INFO] [app.main] [Worker-71588] [1763788144649] Response: 200 Duration: 0.005s Size: 131 bytes
2025-11-22 06:09:04 [INFO] [app.main] [Worker-71588] [1763788144686] GET /api/cars from 127.0.0.1 User-Agent: Werkzeug/3.1.3
2025-11-22 06:09:04 [INFO] [app.main] [Worker-71588] [1763788144686] Fetching cars with filters: ImmutableMultiDict([('per_page', '2')])
2025-11-22 06:09:04 [INFO] [app.main] [Worker-71588] [1763788144686] Found 5 cars, returning page 1/3 with 2 items
2025-11-22 06:09:04 [INFO] [app.main] [Worker-71588] [1763788144686] Response: 200 Duration: 0.005s Size: 2452 bytes
2025-11-22 06:09:04 [INFO] [app.main] [Worker-71588] [1763788144714] GET /api/stats from 127.0.0.1 User-Agent: Werkzeug/3.1.3
2025-11-22 06:09:04 [INFO] [app.main] [Worker-71588] [1763788144714] Fetching market statistics
2025-11-22 06:09:04 [INFO] [app.main] [Worker-71588] [1763788144714] Statistics: 1 total cars
2025-11-22 06:09:04 [INFO] [app.main] [Worker-71588] [1763788144714] Response: 200 Duration: 0.012s Size: 217 bytes
2025-11-22 06:09:04 [INFO] [app.main] [Worker-71588] [1763788144748] GET /api/cars from 127.0.0.1 User-Agent: Werkzeug/3.1.3
2025-11-22 06:09:04 [INFO] [app.main] [Worker-71588] [1763788144748] Fetching cars with filters: ImmutableMultiDict([])
2025-11-22 06:09:04 [INFO] [app.main] [Worker-71588] [1763788144748] Found 0 cars, returning page 1/0 with 0 items
2025-11-22 06:09:04 [INFO] [app.main] [Worker-71588] [1763788144748] Response: 200 Duration: 0.004s Size: 127 bytes
2025-11-22 06:09:04 [INFO] [app.main] [Worker-71588] [1763788144775] GET /api/cars from 127.0.0.1 User-Agent: Werkzeug/3.1.3
2025-11-22 06:09:04 [INFO] [app.main] [Worker-71588] [1763788144775] Fetching cars with filters: ImmutableMultiDict([])
2025-11-22 06:09:04 [INFO] [app.main] [Worker-71588] [1763788144775] Found 0 cars, returning page 1/0 with 0 items
2025-11-22 06:09:04 [INFO] [app.main] [Worker-71588] [1763788144775] Response: 200 Duration: 0.006s Size: 127 bytes
2025-11-22 06:09:04 [INFO] [app.main] [Worker-71588] [1763788144804] GET /api/cars from 127.0.0.1 User-Agent: Werkzeug/3.1.3
2025-11-22 06:09:04 [INFO] [app.main] [Worker-71588] [1763788144804] Fetching cars with filters: ImmutableMultiDict([('page', '1'), ('per_page', '10')])
2025-11-22 06:09:04 [INFO] [app.main] [Worker-71588] [1763788144804] Found 0 cars, returning page 1/0 with 0 items
2025-11-22 06:09:04 [INFO] [app.main] [Worker-71588] [1763788144804] Response: 200 Duration: 0.005s Size: 127 bytes
2025-11-22 06:09:04 [INFO] [app.main] [Worker-71588] [1763788144831] GET /api/cars from 127.0.0.1 User-Agent: Werkzeug/3.1.3
2025-11-22 06:09:04 [INFO] [app.main] [Worker-71588] [1763788144831] Fetching cars with filters: ImmutableMultiDict([('brand', 'Toyota'), ('fuel_type', 'Benzin')])
2025-11-22 06:09:04 [INFO] [app.main] [Worker-71588] [1763788144831] Found 0 cars, returning page 1/0 with 0 items
2025-11-22 06:09:04 [INFO] [app.main] [Worker-71588] [1763788144831] Response: 200 Duration: 0.006s Size: 127 bytes
2025-11-22 06:09:04 [INFO] [app.main] [Worker-71588] [1763788144863] GET /api/cars from 127.0.0.1 User-Agent: Werkzeug/3.1.3
2025-11-22 06:09:04 [INFO] [app.main] [Worker-71588] [1763788144863] Fetching cars with filters: ImmutableMultiDict([('q', 'Toyota')])
2025-11-22 06:09:04 [INFO] [app.main] [Worker-71588] [1763788144863] Found 0 cars, returning page 1/0 with 0 items
2025-11-22 06:09:04 [INFO] [app.main] [Worker-71588] [1763788144863] Response: 200 Duration: 0.031s Size: 127 bytes
2025-11-22 06:09:04 [INFO] [app.main] [Worker-71588] [1763788144920] GET /api/cars from 127.0.0.1 User-Agent: Werkzeug/3.1.3
2025-11-22 06:09:04 [INFO] [app.main] [Worker-71588] [1763788144920] Fetching cars with filters: ImmutableMultiDict([('price_min', '100000'), ('price_max', '500000')])
2025-11-22 06:09:04 [INFO] [app.main] [Worker-71588] [1763788144920] Found 0 cars, returning page 1/0 with 0 items
2025-11-22 06:09:04 [INFO] [app.main] [Worker-71588] [1763788144920] Response: 200 Duration: 0.036s Size: 127 bytes
2025-11-22 06:09:04 [INFO] [app.main] [Worker-71588] [1763788144990] GET /api/cars from 127.0.0.1 User-Agent: Werkzeug/3.1.3
2025-11-22 06:09:04 [INFO] [app.main] [Worker-71588] [1763788144990] Fetching cars with filters: ImmutableMultiDict([('year_min', '2018'), ('year_max', '2022')])
2025-11-22 06:09:05 [INFO] [app.main] [Worker-71588] [1763788144990] Found 0 cars, returning page 1/0 with 0 items
2025-11-22 06:09:05 [INFO] [app.main] [Worker-71588] [1763788144990] Response: 200 Duration: 0.031s Size: 127 bytes
2025-11-22 06:09:05 [INFO] [app.main] [Worker-71588] [1763788145048] GET /api/cars/invalid-id-999999 from 127.0.0.1 User-Agent: Werkzeug/3.1.3
2025-11-22 06:09:05 [INFO] [app.main] [Worker-71588] [1763788145048] Fetching car with ID: invalid-id-999999
2025-11-22 06:09:05 [WARNING] [app.main] [Worker-71588] [1763788145048] 404 error: /api/cars/invalid-id-999999
2025-11-22 06:09:05 [INFO] [app.main] [Worker-71588] [1763788145048] Response: 404 Duration: 0.010s Size: 84 bytes
2025-11-22 06:09:05 [INFO] [app.main] [Worker-71588] [1763788145084] GET /api/cars/test-id from 127.0.0.1 User-Agent: Werkzeug/3.1.3
2025-11-22 06:09:05 [INFO] [app.main] [Worker-71588] [1763788145084] Fetching car with ID: test-id
2025-11-22 06:09:05 [WARNING] [app.main] [Worker-71588] [1763788145084] 404 error: /api/cars/test-id
2025-11-22 06:09:05 [INFO] [app.main] [Worker-71588] [1763788145084] Response: 404 Duration: 0.004s Size: 74 bytes
2025-11-22 06:09:05 [INFO] [app.main] [Worker-71588] [1763788145115] GET /api/brands from 127.0.0.1 User-Agent: Werkzeug/3.1.3
2025-11-22 06:09:05 [INFO] [app.main] [Worker-71588] [1763788145115] Fetching brands
2025-11-22 06:09:05 [INFO] [app.main] [Worker-71588] [1763788145115] Found 0 brands
2025-11-22 06:09:05 [INFO] [app.main] [Worker-71588] [1763788145115] Response: 200 Duration: 0.003s Size: 29 bytes
2025-11-22 06:09:05 [INFO] [app.main] [Worker-71588] [1763788145138] GET /api/brands from 127.0.0.1 User-Agent: Werkzeug/3.1.3
2025-11-22 06:09:05 [INFO] [app.main] [Worker-71588] [1763788145138] Fetching brands
2025-11-22 06:09:05 [INFO] [app.main] [Worker-71588] [1763788145138] Found 0 brands
2025-11-22 06:09:05 [INFO] [app.main] [Worker-71588] [1763788145138] Response: 200 Duration: 0.003s Size: 29 bytes
2025-11-22 06:09:05 [INFO] [app.main] [Worker-71588] [1763788145169] GET /api/brands from 127.0.0.1 User-Agent: Werkzeug/3.1.3
2025-11-22 06:09:05 [INFO] [app.main] [Worker-71588] [1763788145169] Fetching brands
2025-11-22 06:09:05 [INFO] [app.main] [Worker-71588] [1763788145169] Found 0 brands
2025-11-22 06:09:05 [INFO] [app.main] [Worker-71588] [1763788145169] Response: 200 Duration: 0.004s Size: 29 bytes
2025-11-22 06:09:05 [INFO] [app.main] [Worker-71588] [1763788145198] GET /api/filters from 127.0.0.1 User-Agent: Werkzeug/3.1.3
2025-11-22 06:09:05 [INFO] [app.main] [Worker-71588] [1763788145198] Fetching filter options
2025-11-22 06:09:05 [INFO] [app.main] [Worker-71588] [1763788145198] Retrieved all filter options successfully
2025-11-22 06:09:05 [INFO] [app.main] [Worker-71588] [1763788145198] Response: 200 Duration: 0.015s Size: 210 bytes
2025-11-22 06:09:05 [INFO] [app.main] [Worker-71588] [1763788145235] GET /api/filters from 127.0.0.1 User-Agent: Werkzeug/3.1.3
2025-11-22 06:09:05 [INFO] [app.main] [Worker-71588] [1763788145235] Fetching filter options
2025-11-22 06:09:05 [INFO] [app.main] [Worker-71588] [1763788145235] Retrieved all filter options successfully
2025-11-22 06:09:05 [INFO] [app.main] [Worker-71588] [1763788145235] Response: 200 Duration: 0.007s Size: 210 bytes
2025-11-22 06:09:05 [INFO] [app.main] [Worker-71588] [1763788145263] GET /api/filters from 127.0.0.1 User-Agent: Werkzeug/3.1.3
2025-11-22 06:09:05 [INFO] [app.main] [Worker-71588] [1763788145263] Fetching filter options
2025-11-22 06:09:05 [INFO] [app.main] [Worker-71588] [1763788145263] Retrieved all filter options successfully
2025-11-22 06:09:05 [INFO] [app.main] [Worker-71588] [1763788145263] Response: 200 Duration: 0.008s Size: 210 bytes
2025-11-22 06:09:05 [INFO] [app.main] [Worker-71588] [1763788145294] GET /api/predict from 127.0.0.1 User-Agent: Werkzeug/3.1.3
2025-11-22 06:09:05 [WARNING] [app.main] [Worker-71588] [1763788145294] 405 error: GET /api/predict
2025-11-22 06:09:05 [INFO] [app.main] [Worker-71588] [1763788145294] Response: 405 Duration: 0.002s Size: 84 bytes
2025-11-22 06:09:05 [INFO] [app.main] [Worker-71588] [1763788145320] POST /api/predict from 127.0.0.1 User-Agent: Werkzeug/3.1.3
2025-11-22 06:09:05 [INFO] [app.main] [Worker-71588] [1763788145320] Request body: {'brand': 'Toyota', 'model': 'Camry', 'year': 2020, 'mileage': 50000, 'fuel_type': 'Benzin', 'transmission': 'Automatisk', 'body_type': 'Sedan', 'horsepower': 200, 'engine_size': 2.5, 'doors': 4, 'color': 'Black'}
2025-11-22 06:09:05 [INFO] [app.main] [Worker-71588] [1763788145320] Price prediction requested for: Toyota Camry 2020
2025-11-22 06:09:05 [INFO] [app.main] [Worker-71588] [1763788145320] Prediction completed in 0.000s: 136601.59 DKK (confidence: 87.0%)
2025-11-22 06:09:05 [INFO] [app.main] [Worker-71588] [1763788145320] Response: 200 Duration: 0.005s Size: 397 bytes
2025-11-22 06:09:05 [INFO] [app.main] [Worker-71588] [1763788145351] POST /api/predict from 127.0.0.1 User-Agent: Werkzeug/3.1.3
2025-11-22 06:09:05 [WARNING] [app.main] [Worker-71588] [1763788145351] Validation error in predict_price: Request body must be valid JSON
2025-11-22 06:09:05 [INFO] [app.main] [Worker-71588] [1763788145351] Response: 400 Duration: 0.002s Size: 60 bytes
2025-11-22 06:09:05 [INFO] [app.main] [Worker-71588] [1763788145378] POST /api/predict from 127.0.0.1 User-Agent: Werkzeug/3.1.3
2025-11-22 06:09:05 [WARNING] [app.main] [Worker-71588] [1763788145378] Validation error in predict_price: Missing required fields: brand, model, year, mileage, fuel_type, transmission, body_type
2025-11-22 06:09:05 [INFO] [app.main] [Worker-71588] [1763788145378] Response: 400 Duration: 0.002s Size: 117 bytes
2025-11-22 06:09:05 [INFO] [app.main] [Worker-71588] [1763788145401] GET /api/health from 127.0.0.1 User-Agent: Werkzeug/3.1.3
2025-11-22 06:09:05 [WARNING] [app.main] [Worker-71588] [1763788145401] 404 error: /api/health
2025-11-22 06:09:05 [INFO] [app.main] [Worker-71588] [1763788145401] Response: 404 Duration: 0.002s Size: 68 bytes
2025-11-22 06:09:05 [INFO] [app.main] [Worker-71588] [1763788145428] GET /api/models from 127.0.0.1 User-Agent: Werkzeug/3.1.3
2025-11-22 06:09:05 [WARNING] [app.main] [Worker-71588] [1763788145428] 404 error: /api/models
2025-11-22 06:09:05 [INFO] [app.main] [Worker-71588] [1763788145428] Response: 404 Duration: 0.001s Size: 68 bytes
2025-11-22 06:09:05 [INFO] [app.main] [Worker-71588] [1763788145457] GET /api/models from 127.0.0.1 User-Agent: Werkzeug/3.1.3
2025-11-22 06:09:05 [WARNING] [app.main] [Worker-71588] [1763788145457] 404 error: /api/models
2025-11-22 06:09:05 [INFO] [app.main] [Worker-71588] [1763788145457] Response: 404 Duration: 0.003s Size: 68 bytes
2025-11-22 06:09:05 [INFO] [app.main] [Worker-71588] [1763788145485] GET /api/models from 127.0.0.1 User-Agent: Werkzeug/3.1.3
2025-11-22 06:09:05 [WARNING] [app.main] [Worker-71588] [1763788145485] 404 error: /api/models
2025-11-22 06:09:05 [INFO] [app.main] [Worker-71588] [1763788145485] Response: 404 Duration: 0.002s Size: 68 bytes
2025-11-22 06:09:05 [INFO] [app.main] [Worker-71588] [1763788145510] GET /api/stats from 127.0.0.1 User-Agent: Werkzeug/3.1.3
2025-11-22 06:09:05 [INFO] [app.main] [Worker-71588] [1763788145510] Fetching market statistics
2025-11-22 06:09:05 [INFO] [app.main] [Worker-71588] [1763788145510] Statistics: 0 total cars
2025-11-22 06:09:05 [INFO] [app.main] [Worker-71588] [1763788145510] Response: 200 Duration: 0.007s Size: 136 bytes
2025-11-22 06:09:05 [INFO] [app.main] [Worker-71588] [1763788145541] GET /api/stats from 127.0.0.1 User-Agent: Werkzeug/3.1.3
2025-11-22 06:09:05 [INFO] [app.main] [Worker-71588] [1763788145541] Fetching market statistics
2025-11-22 06:09:05 [INFO] [app.main] [Worker-71588] [1763788145541] Statistics: 0 total cars
2025-11-22 06:09:05 [INFO] [app.main] [Worker-71588] [1763788145541] Response: 200 Duration: 0.007s Size: 136 bytes
2025-11-22 06:09:05 [INFO] [app.main] [Worker-71588] [1763788145570] GET /api/queue/status from 127.0.0.1 User-Agent: Werkzeug/3.1.3
2025-11-22 06:09:05 [WARNING] [app.main] [Worker-71588] [1763788145570] 404 error: /api/queue/status
2025-11-22 06:09:05 [INFO] [app.main] [Worker-71588] [1763788145570] Response: 404 Duration: 0.002s Size: 74 bytes
2025-11-22 06:09:05 [INFO] [app.main] [Worker-71588] [1763788145595] GET /api/queue/job/test-job-123 from 127.0.0.1 User-Agent: Werkzeug/3.1.3
2025-11-22 06:09:05 [WARNING] [app.main] [Worker-71588] [1763788145595] 404 error: /api/queue/job/test-job-123
2025-11-22 06:09:05 [INFO] [app.main] [Worker-71588] [1763788145595] Response: 404 Duration: 0.001s Size: 84 bytes
2025-11-22 06:09:05 [INFO] [app.main] [Worker-71588] [1763788145621] GET /api/nonexistent-endpoint from 127.0.0.1 User-Agent: Werkzeug/3.1.3
2025-11-22 06:09:05 [WARNING] [app.main] [Worker-71588] [1763788145621] 404 error: /api/nonexistent-endpoint
2025-11-22 06:09:05 [INFO] [app.main] [Worker-71588] [1763788145621] Response: 404 Duration: 0.002s Size: 82 bytes
2025-11-22 06:09:05 [INFO] [app.main] [Worker-71588] [1763788145648] POST /api/predict from 127.0.0.1 User-Agent: Werkzeug/3.1.3
2025-11-22 06:09:05 [WARNING] [app.main] [Worker-71588] [1763788145648] Validation error in predict_price: Request body must be valid JSON
2025-11-22 06:09:05 [INFO] [app.main] [Worker-71588] [1763788145648] Response: 400 Duration: 0.000s Size: 60 bytes
2025-11-22 06:09:05 [INFO] [app.main] [Worker-71588] [1763788145675] POST /api/predict from 127.0.0.1 User-Agent: Werkzeug/3.1.3
2025-11-22 06:09:05 [WARNING] [app.main] [Worker-71588] [1763788145675] Validation error in predict_price: Request body must be valid JSON
2025-11-22 06:09:05 [INFO] [app.main] [Worker-71588] [1763788145675] Response: 400 Duration: 0.001s Size: 60 bytes
2025-11-22 06:09:05 [INFO] [app.ml.predictor] [Worker-71588] Loaded model from C:\Users\Igor Cretu\Desktop\Bachelor\Project\BackEnd\API\app\ml\../../models\best_model_xgboost.pkl
2025-11-22 06:09:05 [INFO] [app.ml.predictor] [Worker-71588] Loaded model from C:\Users\Igor Cretu\Desktop\Bachelor\Project\BackEnd\API\app\ml\../../models\best_model_xgboost.pkl
2025-11-22 06:09:05 [INFO] [app.ml.predictor] [Worker-71588] Loaded model from C:\Users\Igor Cretu\Desktop\Bachelor\Project\BackEnd\API\app\ml\../../models\best_model_xgboost.pkl
2025-11-22 06:09:05 [INFO] [app.ml.predictor] [Worker-71588] Loaded model from C:\Users\Igor Cretu\Desktop\Bachelor\Project\BackEnd\API\app\ml\../../models\best_model_xgboost.pkl
2025-11-22 06:09:31 [INFO] [app.main] [Worker-76108] ================================================================================
2025-11-22 06:09:31 [INFO] [app.main] [Worker-76108] INITIALIZING BPR BACKEND API
2025-11-22 06:09:31 [INFO] [app.main] [Worker-76108] ================================================================================
2025-11-22 06:09:31 [INFO] [app.main] [Worker-76108] CORS locked to: ['https://bpr-g26.netlify.app', 'https://test.bachelorproject26.site', 'https://bachelorproject26.site', 'http://localhost:5173', 'http://127.0.0.1:5173', 'https://carpredict.netlify.app']
2025-11-22 06:09:31 [INFO] [app.main] [Worker-76108] Database URL configured: localhost
2025-11-22 06:09:31 [INFO] [app.main] [Worker-76108] Database initialized with connection pooling
2025-11-22 06:09:31 [INFO] [app.main] [Worker-76108] Initializing ML predictor...
2025-11-22 06:09:33 [INFO] [app.ml.predictor] [Worker-76108] Loaded model from C:\Users\Igor Cretu\Desktop\Bachelor\Project\BackEnd\API\app\ml\../../models\best_model_xgboost.pkl
2025-11-22 06:09:33 [INFO] [app.main] [Worker-76108] ML Predictor initialized: {'version': 'v1.0.0-heuristic', 'loaded': False, 'type': 'heuristic', 'model_name': 'N/A', 'test_r2': 'N/A', 'test_mae': 'N/A', 'features_count': 0}
2025-11-22 06:09:33 [INFO] [app.main] [Worker-76108] Application loaded by WSGI server
2025-11-22 06:09:33 [INFO] [app.main] [Worker-76108] Configuration: {}
2025-11-22 06:09:34 [INFO] [app.main] [Worker-76108] [1763788174293] POST /api/cars from 127.0.0.1 User-Agent: Werkzeug/3.1.3
2025-11-22 06:09:34 [INFO] [app.main] [Worker-76108] [1763788174293] Request body: {'body_type': 'Sedan', 'brand': 'BMW', 'fuel_type': 'Diesel', 'mileage': 50000, 'model': '320d', 'price': 250000.0, 'transmission': 'Automatic', 'year': 2020}
2025-11-22 06:09:34 [INFO] [app.main] [Worker-76108] [1763788174293] Creating new car: BMW 320d
2025-11-22 06:09:34 [INFO] [app.main] [Worker-76108] [1763788174293] Successfully created car with ID: 4636b4a4-96f1-40f7-b899-be731efa95dd
2025-11-22 06:09:34 [INFO] [app.main] [Worker-76108] [1763788174293] Response: 201 Duration: 0.052s Size: 1213 bytes
2025-11-22 06:09:34 [INFO] [app.main] [Worker-76108] [1763788174372] POST /api/cars from 127.0.0.1 User-Agent: Werkzeug/3.1.3
2025-11-22 06:09:34 [INFO] [app.main] [Worker-76108] [1763788174372] Request body: {'brand': 'BMW', 'model': '320d'}
2025-11-22 06:09:34 [WARNING] [app.main] [Worker-76108] [1763788174372] Validation error in create_car: Missing required fields: year, mileage, fuel_type, transmission, body_type, price
2025-11-22 06:09:34 [INFO] [app.main] [Worker-76108] [1763788174372] Response: 400 Duration: 0.002s Size: 110 bytes
2025-11-22 06:09:34 [INFO] [app.main] [Worker-76108] [1763788174401] POST /api/cars from 127.0.0.1 User-Agent: Werkzeug/3.1.3
2025-11-22 06:09:34 [INFO] [app.main] [Worker-76108] [1763788174401] Request body: {'body_type': 'Sedan', 'brand': 'BMW', 'fuel_type': 'Diesel', 'mileage': 50000, 'model': '320d', 'price': 250000.0, 'transmission': 'Automatic', 'year': 'not_a_year'}
2025-11-22 06:09:34 [INFO] [app.main] [Worker-76108] [1763788174401] Creating new car: BMW 320d
2025-11-22 06:09:34 [WARNING] [app.main] [Worker-76108] [1763788174401] Validation error in create_car: Year must be an integer
2025-11-22 06:09:34 [INFO] [app.main] [Worker-76108] [1763788174401] Response: 400 Duration: 0.002s Size: 52 bytes
2025-11-22 06:09:34 [INFO] [app.main] [Worker-76108] [1763788174507] GET /api/cars/test-car-123 from 127.0.0.1 User-Agent: Werkzeug/3.1.3
2025-11-22 06:09:34 [INFO] [app.main] [Worker-76108] [1763788174507] Fetching car with ID: test-car-123
2025-11-22 06:09:34 [INFO] [app.main] [Worker-76108] [1763788174507] Successfully retrieved car test-car-123
2025-11-22 06:09:34 [INFO] [app.main] [Worker-76108] [1763788174507] Response: 200 Duration: 0.010s Size: 1163 bytes
2025-11-22 06:09:34 [INFO] [app.main] [Worker-76108] [1763788174549] POST /api/predict from 127.0.0.1 User-Agent: Werkzeug/3.1.3
2025-11-22 06:09:34 [INFO] [app.main] [Worker-76108] [1763788174549] Request body: {'body_type': 'Sedan', 'brand': 'Audi', 'fuel_type': 'Diesel', 'mileage': 60000, 'model': 'A4', 'transmission': 'Automatic', 'year': 2019}
2025-11-22 06:09:34 [INFO] [app.main] [Worker-76108] [1763788174549] Price prediction requested for: Audi A4 2019
2025-11-22 06:09:34 [INFO] [app.main] [Worker-76108] [1763788174549] Prediction completed in 0.000s: 162121.7 DKK (confidence: 82.0%)
2025-11-22 06:09:34 [INFO] [app.main] [Worker-76108] [1763788174549] Response: 200 Duration: 0.008s Size: 328 bytes
2025-11-22 06:09:34 [INFO] [app.main] [Worker-76108] [1763788174587] GET /api/queue/job/nonexistent-id from 127.0.0.1 User-Agent: Werkzeug/3.1.3
2025-11-22 06:09:34 [WARNING] [app.main] [Worker-76108] [1763788174587] 404 error: /api/queue/job/nonexistent-id
2025-11-22 06:09:34 [INFO] [app.main] [Worker-76108] [1763788174587] Response: 404 Duration: 0.003s Size: 86 bytes
2025-11-22 06:09:34 [INFO] [app.main] [Worker-76108] [1763788174617] GET /api/cars from 127.0.0.1 User-Agent: Werkzeug/3.1.3
2025-11-22 06:09:34 [INFO] [app.main] [Worker-76108] [1763788174617] Fetching cars with filters: ImmutableMultiDict([('brand', 'Toyota'), ('fuel_type', 'Diesel'), ('min_year', '2018')])
2025-11-22 06:09:34 [INFO] [app.main] [Worker-76108] [1763788174617] Found 0 cars, returning page 1/0 with 0 items
2025-11-22 06:09:34 [INFO] [app.main] [Worker-76108] [1763788174617] Response: 200 Duration: 0.030s Size: 127 bytes
2025-11-22 06:09:34 [INFO] [app.main] [Worker-76108] [1763788174672] GET /api/cars from 127.0.0.1 User-Agent: Werkzeug/3.1.3
2025-11-22 06:09:34 [INFO] [app.main] [Worker-76108] [1763788174672] Fetching cars with filters: ImmutableMultiDict([('search', 'Toyota')])
2025-11-22 06:09:34 [INFO] [app.main] [Worker-76108] [1763788174672] Found 1 cars, returning page 1/1 with 1 items
2025-11-22 06:09:34 [INFO] [app.main] [Worker-76108] [1763788174672] Response: 200 Duration: 0.023s Size: 1266 bytes
2025-11-22 06:09:34 [INFO] [app.main] [Worker-76108] [1763788174723] GET /api/cars from 127.0.0.1 User-Agent: Werkzeug/3.1.3
2025-11-22 06:09:34 [INFO] [app.main] [Worker-76108] [1763788174723] Fetching cars with filters: ImmutableMultiDict([('sort_by', 'price'), ('sort_order', 'desc')])
2025-11-22 06:09:34 [INFO] [app.main] [Worker-76108] [1763788174723] Found 3 cars, returning page 1/1 with 3 items
2025-11-22 06:09:34 [INFO] [app.main] [Worker-76108] [1763788174723] Response: 200 Duration: 0.011s Size: 3618 bytes
2025-11-22 06:09:34 [INFO] [app.main] [Worker-76108] [1763788174757] GET /api/brands from 127.0.0.1 User-Agent: Werkzeug/3.1.3
2025-11-22 06:09:34 [INFO] [app.main] [Worker-76108] [1763788174757] Fetching brands
2025-11-22 06:09:34 [INFO] [app.main] [Worker-76108] [1763788174757] Found 1 brands
2025-11-22 06:09:34 [INFO] [app.main] [Worker-76108] [1763788174757] Response: 200 Duration: 0.004s Size: 56 bytes
2025-11-22 06:09:34 [INFO] [app.main] [Worker-76108] [1763788174782] POST /api/predict from 127.0.0.1 User-Agent: Werkzeug/3.1.3
2025-11-22 06:09:34 [INFO] [app.main] [Worker-76108] [1763788174782] Request body: {'body_type': 'Sedan', 'brand': 'Mercedes', 'doors': 4, 'engine_size': 2.0, 'fuel_type': 'Diesel', 'horsepower': 200, 'mileage': 30000, 'model': 'C-Class', 'seats': 5, 'transmission': 'Automatic', 'year': 2021}
2025-11-22 06:09:34 [INFO] [app.main] [Worker-76108] [1763788174782] Price prediction requested for: Mercedes C-Class 2021
2025-11-22 06:09:34 [INFO] [app.main] [Worker-76108] [1763788174782] Prediction completed in 0.000s: 145563.82 DKK (confidence: 87.0%)
2025-11-22 06:09:34 [INFO] [app.main] [Worker-76108] [1763788174782] Response: 200 Duration: 0.005s Size: 394 bytes
2025-11-22 06:09:34 [INFO] [app.main] [Worker-76108] [1763788174808] POST /api/predict from 127.0.0.1 User-Agent: Werkzeug/3.1.3
2025-11-22 06:09:34 [INFO] [app.main] [Worker-76108] [1763788174808] Request body: {'body_type': 'Sedan', 'brand': 'Mercedes', 'fuel_type': 'Diesel', 'mileage': 30000, 'model': 'C-Class', 'transmission': 'Automatic', 'year': 'invalid'}
2025-11-22 06:09:34 [INFO] [app.main] [Worker-76108] [1763788174808] Price prediction requested for: Mercedes C-Class invalid
2025-11-22 06:09:34 [WARNING] [app.main] [Worker-76108] [1763788174808] Validation error in predict_price: Year must be an integer
2025-11-22 06:09:34 [INFO] [app.main] [Worker-76108] [1763788174808] Response: 400 Duration: 0.002s Size: 52 bytes
2025-11-22 06:09:34 [INFO] [app.main] [Worker-76108] [1763788174832] GET /api/cars from 127.0.0.1 User-Agent: Werkzeug/3.1.3
2025-11-22 06:09:34 [INFO] [app.main] [Worker-76108] [1763788174832] Fetching cars with filters: ImmutableMultiDict([('page', '999999')])
2025-11-22 06:09:34 [INFO] [app.main] [Worker-76108] [1763788174832] Found 0 cars, returning page 999999/0 with 0 items
2025-11-22 06:09:34 [INFO] [app.main] [Worker-76108] [1763788174832] Response: 200 Duration: 0.004s Size: 131 bytes
2025-11-22 06:09:34 [INFO] [app.main] [Worker-76108] [1763788174861] GET /api/cars from 127.0.0.1 User-Agent: Werkzeug/3.1.3
2025-11-22 06:09:34 [INFO] [app.main] [Worker-76108] [1763788174861] Fetching cars with filters: ImmutableMultiDict([('per_page', '2')])
2025-11-22 06:09:34 [INFO] [app.main] [Worker-76108] [1763788174861] Found 5 cars, returning page 1/3 with 2 items
2025-11-22 06:09:34 [INFO] [app.main] [Worker-76108] [1763788174861] Response: 200 Duration: 0.005s Size: 2452 bytes
2025-11-22 06:09:34 [INFO] [app.main] [Worker-76108] [1763788174892] GET /api/stats from 127.0.0.1 User-Agent: Werkzeug/3.1.3
2025-11-22 06:09:34 [INFO] [app.main] [Worker-76108] [1763788174892] Fetching market statistics
2025-11-22 06:09:34 [INFO] [app.main] [Worker-76108] [1763788174892] Statistics: 1 total cars
2025-11-22 06:09:34 [INFO] [app.main] [Worker-76108] [1763788174892] Response: 200 Duration: 0.011s Size: 217 bytes
2025-11-22 06:09:34 [INFO] [app.main] [Worker-76108] [1763788174928] GET /api/cars from 127.0.0.1 User-Agent: Werkzeug/3.1.3
2025-11-22 06:09:34 [INFO] [app.main] [Worker-76108] [1763788174928] Fetching cars with filters: ImmutableMultiDict([])
2025-11-22 06:09:34 [INFO] [app.main] [Worker-76108] [1763788174928] Found 0 cars, returning page 1/0 with 0 items
2025-11-22 06:09:34 [INFO] [app.main] [Worker-76108] [1763788174928] Response: 200 Duration: 0.005s Size: 127 bytes
2025-11-22 06:09:34 [INFO] [app.main] [Worker-76108] [1763788174956] GET /api/cars from 127.0.0.1 User-Agent: Werkzeug/3.1.3
2025-11-22 06:09:34 [INFO] [app.main] [Worker-76108] [1763788174956] Fetching cars with filters: ImmutableMultiDict([])
2025-11-22 06:09:34 [INFO] [app.main] [Worker-76108] [1763788174956] Found 0 cars, returning page 1/0 with 0 items
2025-11-22 06:09:34 [INFO] [app.main] [Worker-76108] [1763788174956] Response: 200 Duration: 0.007s Size: 127 bytes
2025-11-22 06:09:34 [INFO] [app.main] [Worker-76108] [1763788174987] GET /api/cars from 127.0.0.1 User-Agent: Werkzeug/3.1.3
2025-11-22 06:09:34 [INFO] [app.main] [Worker-76108] [1763788174987] Fetching cars with filters: ImmutableMultiDict([('page', '1'), ('per_page', '10')])
2025-11-22 06:09:34 [INFO] [app.main] [Worker-76108] [1763788174987] Found 0 cars, returning page 1/0 with 0 items
2025-11-22 06:09:34 [INFO] [app.main] [Worker-76108] [1763788174987] Response: 200 Duration: 0.005s Size: 127 bytes
2025-11-22 06:09:35 [INFO] [app.main] [Worker-76108] [1763788175023] GET /api/cars from 127.0.0.1 User-Agent: Werkzeug/3.1.3
2025-11-22 06:09:35 [INFO] [app.main] [Worker-76108] [1763788175023] Fetching cars with filters: ImmutableMultiDict([('brand', 'Toyota'), ('fuel_type', 'Benzin')])
2025-11-22 06:09:35 [INFO] [app.main] [Worker-76108] [1763788175023] Found 0 cars, returning page 1/0 with 0 items
2025-11-22 06:09:35 [INFO] [app.main] [Worker-76108] [1763788175023] Response: 200 Duration: 0.008s Size: 127 bytes
2025-11-22 06:09:35 [INFO] [app.main] [Worker-76108] [1763788175053] GET /api/cars from 127.0.0.1 User-Agent: Werkzeug/3.1.3
2025-11-22 06:09:35 [INFO] [app.main] [Worker-76108] [1763788175053] Fetching cars with filters: ImmutableMultiDict([('q', 'Toyota')])
2025-11-22 06:09:35 [INFO] [app.main] [Worker-76108] [1763788175053] Found 0 cars, returning page 1/0 with 0 items
2025-11-22 06:09:35 [INFO] [app.main] [Worker-76108] [1763788175053] Response: 200 Duration: 0.027s Size: 127 bytes
2025-11-22 06:09:35 [INFO] [app.main] [Worker-76108] [1763788175106] GET /api/cars from 127.0.0.1 User-Agent: Werkzeug/3.1.3
2025-11-22 06:09:35 [INFO] [app.main] [Worker-76108] [1763788175106] Fetching cars with filters: ImmutableMultiDict([('price_min', '100000'), ('price_max', '500000')])
2025-11-22 06:09:35 [INFO] [app.main] [Worker-76108] [1763788175106] Found 0 cars, returning page 1/0 with 0 items
2025-11-22 06:09:35 [INFO] [app.main] [Worker-76108] [1763788175106] Response: 200 Duration: 0.030s Size: 127 bytes
2025-11-22 06:09:35 [INFO] [app.main] [Worker-76108] [1763788175164] GET /api/cars from 127.0.0.1 User-Agent: Werkzeug/3.1.3
2025-11-22 06:09:35 [INFO] [app.main] [Worker-76108] [1763788175164] Fetching cars with filters: ImmutableMultiDict([('year_min', '2018'), ('year_max', '2022')])
2025-11-22 06:09:35 [INFO] [app.main] [Worker-76108] [1763788175164] Found 0 cars, returning page 1/0 with 0 items
2025-11-22 06:09:35 [INFO] [app.main] [Worker-76108] [1763788175164] Response: 200 Duration: 0.029s Size: 127 bytes
2025-11-22 06:09:35 [INFO] [app.main] [Worker-76108] [1763788175218] GET /api/cars/invalid-id-999999 from 127.0.0.1 User-Agent: Werkzeug/3.1.3
2025-11-22 06:09:35 [INFO] [app.main] [Worker-76108] [1763788175218] Fetching car with ID: invalid-id-999999
2025-11-22 06:09:35 [WARNING] [app.main] [Worker-76108] [1763788175218] 404 error: /api/cars/invalid-id-999999
2025-11-22 06:09:35 [INFO] [app.main] [Worker-76108] [1763788175218] Response: 404 Duration: 0.008s Size: 84 bytes
2025-11-22 06:09:35 [INFO] [app.main] [Worker-76108] [1763788175250] GET /api/cars/test-id from 127.0.0.1 User-Agent: Werkzeug/3.1.3
2025-11-22 06:09:35 [INFO] [app.main] [Worker-76108] [1763788175250] Fetching car with ID: test-id
2025-11-22 06:09:35 [WARNING] [app.main] [Worker-76108] [1763788175250] 404 error: /api/cars/test-id
2025-11-22 06:09:35 [INFO] [app.main] [Worker-76108] [1763788175250] Response: 404 Duration: 0.006s Size: 74 bytes
2025-11-22 06:09:35 [INFO] [app.main] [Worker-76108] [1763788175314] GET /api/brands from 127.0.0.1 User-Agent: Werkzeug/3.1.3
2025-11-22 06:09:35 [INFO] [app.main] [Worker-76108] [1763788175314] Fetching brands
2025-11-22 06:09:35 [INFO] [app.main] [Worker-76108] [1763788175314] Found 0 brands
2025-11-22 06:09:35 [INFO] [app.main] [Worker-76108] [1763788175314] Response: 200 Duration: 0.005s Size: 29 bytes
2025-11-22 06:09:35 [INFO] [app.main] [Worker-76108] [1763788175355] GET /api/brands from 127.0.0.1 User-Agent: Werkzeug/3.1.3
2025-11-22 06:09:35 [INFO] [app.main] [Worker-76108] [1763788175355] Fetching brands
2025-11-22 06:09:35 [INFO] [app.main] [Worker-76108] [1763788175355] Found 0 brands
2025-11-22 06:09:35 [INFO] [app.main] [Worker-76108] [1763788175355] Response: 200 Duration: 0.003s Size: 29 bytes
2025-11-22 06:09:35 [INFO] [app.main] [Worker-76108] [1763788175381] GET /api/brands from 127.0.0.1 User-Agent: Werkzeug/3.1.3
2025-11-22 06:09:35 [INFO] [app.main] [Worker-76108] [1763788175381] Fetching brands
2025-11-22 06:09:35 [INFO] [app.main] [Worker-76108] [1763788175381] Found 0 brands
2025-11-22 06:09:35 [INFO] [app.main] [Worker-76108] [1763788175381] Response: 200 Duration: 0.004s Size: 29 bytes
2025-11-22 06:09:35 [INFO] [app.main] [Worker-76108] [1763788175408] GET /api/filters from 127.0.0.1 User-Agent: Werkzeug/3.1.3
2025-11-22 06:09:35 [INFO] [app.main] [Worker-76108] [1763788175408] Fetching filter options
2025-11-22 06:09:35 [INFO] [app.main] [Worker-76108] [1763788175408] Retrieved all filter options successfully
2025-11-22 06:09:35 [INFO] [app.main] [Worker-76108] [1763788175408] Response: 200 Duration: 0.015s Size: 210 bytes
2025-11-22 06:09:35 [INFO] [app.main] [Worker-76108] [1763788175445] GET /api/filters from 127.0.0.1 User-Agent: Werkzeug/3.1.3
2025-11-22 06:09:35 [INFO] [app.main] [Worker-76108] [1763788175445] Fetching filter options
2025-11-22 06:09:35 [INFO] [app.main] [Worker-76108] [1763788175445] Retrieved all filter options successfully
2025-11-22 06:09:35 [INFO] [app.main] [Worker-76108] [1763788175445] Response: 200 Duration: 0.006s Size: 210 bytes
2025-11-22 06:09:35 [INFO] [app.main] [Worker-76108] [1763788175473] GET /api/filters from 127.0.0.1 User-Agent: Werkzeug/3.1.3
2025-11-22 06:09:35 [INFO] [app.main] [Worker-76108] [1763788175473] Fetching filter options
2025-11-22 06:09:35 [INFO] [app.main] [Worker-76108] [1763788175473] Retrieved all filter options successfully
2025-11-22 06:09:35 [INFO] [app.main] [Worker-76108] [1763788175473] Response: 200 Duration: 0.008s Size: 210 bytes
2025-11-22 06:09:35 [INFO] [app.main] [Worker-76108] [1763788175502] GET /api/predict from 127.0.0.1 User-Agent: Werkzeug/3.1.3
2025-11-22 06:09:35 [WARNING] [app.main] [Worker-76108] [1763788175502] 405 error: GET /api/predict
2025-11-22 06:09:35 [INFO] [app.main] [Worker-76108] [1763788175502] Response: 405 Duration: 0.001s Size: 84 bytes
2025-11-22 06:09:35 [INFO] [app.main] [Worker-76108] [1763788175529] POST /api/predict from 127.0.0.1 User-Agent: Werkzeug/3.1.3
2025-11-22 06:09:35 [INFO] [app.main] [Worker-76108] [1763788175529] Request body: {'brand': 'Toyota', 'model': 'Camry', 'year': 2020, 'mileage': 50000, 'fuel_type': 'Benzin', 'transmission': 'Automatisk', 'body_type': 'Sedan', 'horsepower': 200, 'engine_size': 2.5, 'doors': 4, 'color': 'Black'}
2025-11-22 06:09:35 [INFO] [app.main] [Worker-76108] [1763788175529] Price prediction requested for: Toyota Camry 2020
2025-11-22 06:09:35 [INFO] [app.main] [Worker-76108] [1763788175529] Prediction completed in 0.000s: 136601.59 DKK (confidence: 87.0%)
2025-11-22 06:09:35 [INFO] [app.main] [Worker-76108] [1763788175529] Response: 200 Duration: 0.005s Size: 397 bytes
2025-11-22 06:09:35 [INFO] [app.main] [Worker-76108] [1763788175557] POST /api/predict from 127.0.0.1 User-Agent: Werkzeug/3.1.3
2025-11-22 06:09:35 [WARNING] [app.main] [Worker-76108] [1763788175557] Validation error in predict_price: Request body must be valid JSON
2025-11-22 06:09:35 [INFO] [app.main] [Worker-76108] [1763788175557] Response: 400 Duration: 0.001s Size: 60 bytes
2025-11-22 06:09:35 [INFO] [app.main] [Worker-76108] [1763788175583] POST /api/predict from 127.0.0.1 User-Agent: Werkzeug/3.1.3
2025-11-22 06:09:35 [WARNING] [app.main] [Worker-76108] [1763788175583] Validation error in predict_price: Missing required fields: brand, model, year, mileage, fuel_type, transmission, body_type
2025-11-22 06:09:35 [INFO] [app.main] [Worker-76108] [1763788175583] Response: 400 Duration: 0.000s Size: 117 bytes
2025-11-22 06:09:35 [INFO] [app.main] [Worker-76108] [1763788175613] GET /api/health from 127.0.0.1 User-Agent: Werkzeug/3.1.3
2025-11-22 06:09:35 [WARNING] [app.main] [Worker-76108] [1763788175613] 404 error: /api/health
2025-11-22 06:09:35 [INFO] [app.main] [Worker-76108] [1763788175613] Response: 404 Duration: 0.003s Size: 68 bytes
2025-11-22 06:09:35 [INFO] [app.main] [Worker-76108] [1763788175641] GET /api/models from 127.0.0.1 User-Agent: Werkzeug/3.1.3
2025-11-22 06:09:35 [WARNING] [app.main] [Worker-76108] [1763788175641] 404 error: /api/models
2025-11-22 06:09:35 [INFO] [app.main] [Worker-76108] [1763788175641] Response: 404 Duration: 0.001s Size: 68 bytes
2025-11-22 06:09:35 [INFO] [app.main] [Worker-76108] [1763788175674] GET /api/models from 127.0.0.1 User-Agent: Werkzeug/3.1.3
2025-11-22 06:09:35 [WARNING] [app.main] [Worker-76108] [1763788175674] 404 error: /api/models
2025-11-22 06:09:35 [INFO] [app.main] [Worker-76108] [1763788175674] Response: 404 Duration: 0.002s Size: 68 bytes
2025-11-22 06:09:35 [INFO] [app.main] [Worker-76108] [1763788175701] GET /api/models from 127.0.0.1 User-Agent: Werkzeug/3.1.3
2025-11-22 06:09:35 [WARNING] [app.main] [Worker-76108] [1763788175701] 404 error: /api/models
2025-11-22 06:09:35 [INFO] [app.main] [Worker-76108] [1763788175701] Response: 404 Duration: 0.002s Size: 68 bytes
2025-11-22 06:09:35 [INFO] [app.main] [Worker-76108] [1763788175731] GET /api/stats from 127.0.0.1 User-Agent: Werkzeug/3.1.3
2025-11-22 06:09:35 [INFO] [app.main] [Worker-76108] [1763788175731] Fetching market statistics
2025-11-22 06:09:35 [INFO] [app.main] [Worker-76108] [1763788175731] Statistics: 0 total cars
2025-11-22 06:09:35 [INFO] [app.main] [Worker-76108] [1763788175731] Response: 200 Duration: 0.007s Size: 136 bytes
2025-11-22 06:09:35 [INFO] [app.main] [Worker-76108] [1763788175763] GET /api/stats from 127.0.0.1 User-Agent: Werkzeug/3.1.3
2025-11-22 06:09:35 [INFO] [app.main] [Worker-76108] [1763788175763] Fetching market statistics
2025-11-22 06:09:35 [INFO] [app.main] [Worker-76108] [1763788175763] Statistics: 0 total cars
2025-11-22 06:09:35 [INFO] [app.main] [Worker-76108] [1763788175763] Response: 200 Duration: 0.008s Size: 136 bytes
2025-11-22 06:09:35 [INFO] [app.main] [Worker-76108] [1763788175795] GET /api/queue/status from 127.0.0.1 User-Agent: Werkzeug/3.1.3
2025-11-22 06:09:35 [WARNING] [app.main] [Worker-76108] [1763788175795] 404 error: /api/queue/status
2025-11-22 06:09:35 [INFO] [app.main] [Worker-76108] [1763788175795] Response: 404 Duration: 0.001s Size: 74 bytes
2025-11-22 06:09:35 [INFO] [app.main] [Worker-76108] [1763788175818] GET /api/queue/job/test-job-123 from 127.0.0.1 User-Agent: Werkzeug/3.1.3
2025-11-22 06:09:35 [WARNING] [app.main] [Worker-76108] [1763788175818] 404 error: /api/queue/job/test-job-123
2025-11-22 06:09:35 [INFO] [app.main] [Worker-76108] [1763788175818] Response: 404 Duration: 0.000s Size: 84 bytes
2025-11-22 06:09:35 [INFO] [app.main] [Worker-76108] [1763788175841] GET /api/nonexistent-endpoint from 127.0.0.1 User-Agent: Werkzeug/3.1.3
2025-11-22 06:09:35 [WARNING] [app.main] [Worker-76108] [1763788175841] 404 error: /api/nonexistent-endpoint
2025-11-22 06:09:35 [INFO] [app.main] [Worker-76108] [1763788175841] Response: 404 Duration: 0.000s Size: 82 bytes
2025-11-22 06:09:35 [INFO] [app.main] [Worker-76108] [1763788175866] POST /api/predict from 127.0.0.1 User-Agent: Werkzeug/3.1.3
2025-11-22 06:09:35 [WARNING] [app.main] [Worker-76108] [1763788175866] Validation error in predict_price: Request body must be valid JSON
2025-11-22 06:09:35 [INFO] [app.main] [Worker-76108] [1763788175866] Response: 400 Duration: 0.001s Size: 60 bytes
2025-11-22 06:09:35 [INFO] [app.main] [Worker-76108] [1763788175887] POST /api/predict from 127.0.0.1 User-Agent: Werkzeug/3.1.3
2025-11-22 06:09:35 [WARNING] [app.main] [Worker-76108] [1763788175887] Validation error in predict_price: Request body must be valid JSON
2025-11-22 06:09:35 [INFO] [app.main] [Worker-76108] [1763788175887] Response: 400 Duration: 0.001s Size: 60 bytes
2025-11-22 06:09:35 [INFO] [app.ml.predictor] [Worker-76108] Loaded model from C:\Users\Igor Cretu\Desktop\Bachelor\Project\BackEnd\API\app\ml\../../models\best_model_xgboost.pkl
2025-11-22 06:09:35 [INFO] [app.ml.predictor] [Worker-76108] Loaded model from C:\Users\Igor Cretu\Desktop\Bachelor\Project\BackEnd\API\app\ml\../../models\best_model_xgboost.pkl
2025-11-22 06:09:35 [INFO] [app.ml.predictor] [Worker-76108] Loaded model from C:\Users\Igor Cretu\Desktop\Bachelor\Project\BackEnd\API\app\ml\../../models\best_model_xgboost.pkl
2025-11-22 06:09:35 [INFO] [app.ml.predictor] [Worker-76108] Loaded model from C:\Users\Igor Cretu\Desktop\Bachelor\Project\BackEnd\API\app\ml\../../models\best_model_xgboost.pkl
2025-11-22 06:10:28 [INFO] [app.main] [Worker-9828] ================================================================================
2025-11-22 06:10:28 [INFO] [app.main] [Worker-9828] INITIALIZING BPR BACKEND API
2025-11-22 06:10:28 [INFO] [app.main] [Worker-9828] ================================================================================
2025-11-22 06:10:28 [INFO] [app.main] [Worker-9828] CORS locked to: ['https://bpr-g26.netlify.app', 'https://test.bachelorproject26.site', 'https://bachelorproject26.site', 'http://localhost:5173', 'http://127.0.0.1:5173', 'https://carpredict.netlify.app']
2025-11-22 06:10:28 [INFO] [app.main] [Worker-9828] Database URL configured: localhost
2025-11-22 06:10:28 [INFO] [app.main] [Worker-9828] Database initialized with connection pooling
2025-11-22 06:10:28 [INFO] [app.main] [Worker-9828] Initializing ML predictor...
2025-11-22 06:10:30 [INFO] [app.ml.predictor] [Worker-9828] Loaded model from C:\Users\Igor Cretu\Desktop\Bachelor\Project\BackEnd\API\app\ml\../../models\best_model_xgboost.pkl
2025-11-22 06:10:30 [INFO] [app.main] [Worker-9828] ML Predictor initialized: {'version': 'v1.0.0-heuristic', 'loaded': False, 'type': 'heuristic', 'model_name': 'N/A', 'test_r2': 'N/A', 'test_mae': 'N/A', 'features_count': 0}
2025-11-22 06:10:30 [INFO] [app.main] [Worker-9828] Application loaded by WSGI server
2025-11-22 06:10:30 [INFO] [app.main] [Worker-9828] Configuration: {}
2025-11-22 06:10:31 [INFO] [app.main] [Worker-9828] [1763788231218] POST /api/cars from 127.0.0.1 User-Agent: Werkzeug/3.1.3
2025-11-22 06:10:31 [INFO] [app.main] [Worker-9828] [1763788231218] Request body: {'body_type': 'Sedan', 'brand': 'BMW', 'fuel_type': 'Diesel', 'mileage': 50000, 'model': '320d', 'price': 250000.0, 'transmission': 'Automatic', 'year': 2020}
2025-11-22 06:10:31 [INFO] [app.main] [Worker-9828] [1763788231218] Creating new car: BMW 320d
2025-11-22 06:10:31 [INFO] [app.main] [Worker-9828] [1763788231218] Successfully created car with ID: 2166be01-77af-4f12-8686-b8a62a1244c9
2025-11-22 06:10:31 [INFO] [app.main] [Worker-9828] [1763788231218] Response: 201 Duration: 0.049s Size: 1213 bytes
2025-11-22 06:10:31 [INFO] [app.main] [Worker-9828] [1763788231292] POST /api/cars from 127.0.0.1 User-Agent: Werkzeug/3.1.3
2025-11-22 06:10:31 [INFO] [app.main] [Worker-9828] [1763788231292] Request body: {'brand': 'BMW', 'model': '320d'}
2025-11-22 06:10:31 [WARNING] [app.main] [Worker-9828] [1763788231292] Validation error in create_car: Missing required fields: year, mileage, fuel_type, transmission, body_type, price
2025-11-22 06:10:31 [INFO] [app.main] [Worker-9828] [1763788231292] Response: 400 Duration: 0.002s Size: 110 bytes
2025-11-22 06:10:31 [INFO] [app.main] [Worker-9828] [1763788231321] POST /api/cars from 127.0.0.1 User-Agent: Werkzeug/3.1.3
2025-11-22 06:10:31 [INFO] [app.main] [Worker-9828] [1763788231321] Request body: {'body_type': 'Sedan', 'brand': 'BMW', 'fuel_type': 'Diesel', 'mileage': 50000, 'model': '320d', 'price': 250000.0, 'transmission': 'Automatic', 'year': 'not_a_year'}
2025-11-22 06:10:31 [INFO] [app.main] [Worker-9828] [1763788231321] Creating new car: BMW 320d
2025-11-22 06:10:31 [WARNING] [app.main] [Worker-9828] [1763788231321] Validation error in create_car: Year must be an integer
2025-11-22 06:10:31 [INFO] [app.main] [Worker-9828] [1763788231321] Response: 400 Duration: 0.005s Size: 52 bytes
2025-11-22 06:10:31 [INFO] [app.main] [Worker-9828] [1763788231354] GET /api/cars/test-car-123 from 127.0.0.1 User-Agent: Werkzeug/3.1.3
2025-11-22 06:10:31 [INFO] [app.main] [Worker-9828] [1763788231354] Fetching car with ID: test-car-123
2025-11-22 06:10:31 [INFO] [app.main] [Worker-9828] [1763788231354] Successfully retrieved car test-car-123
2025-11-22 06:10:31 [INFO] [app.main] [Worker-9828] [1763788231354] Response: 200 Duration: 0.008s Size: 1163 bytes
2025-11-22 06:10:31 [INFO] [app.main] [Worker-9828] [1763788231387] POST /api/predict from 127.0.0.1 User-Agent: Werkzeug/3.1.3
2025-11-22 06:10:31 [INFO] [app.main] [Worker-9828] [1763788231387] Request body: {'body_type': 'Sedan', 'brand': 'Audi', 'fuel_type': 'Diesel', 'mileage': 60000, 'model': 'A4', 'transmission': 'Automatic', 'year': 2019}
2025-11-22 06:10:31 [INFO] [app.main] [Worker-9828] [1763788231387] Price prediction requested for: Audi A4 2019
2025-11-22 06:10:31 [INFO] [app.main] [Worker-9828] [1763788231387] Prediction completed in 0.000s: 162121.7 DKK (confidence: 82.0%)
2025-11-22 06:10:31 [INFO] [app.main] [Worker-9828] [1763788231387] Response: 200 Duration: 0.007s Size: 328 bytes
2025-11-22 06:10:31 [INFO] [app.main] [Worker-9828] [1763788231417] GET /api/queue/job/nonexistent-id from 127.0.0.1 User-Agent: Werkzeug/3.1.3
2025-11-22 06:10:31 [WARNING] [app.main] [Worker-9828] [1763788231417] 404 error: /api/queue/job/nonexistent-id
2025-11-22 06:10:31 [INFO] [app.main] [Worker-9828] [1763788231417] Response: 404 Duration: 0.002s Size: 86 bytes
2025-11-22 06:10:31 [INFO] [app.main] [Worker-9828] [1763788231449] GET /api/cars from 127.0.0.1 User-Agent: Werkzeug/3.1.3
2025-11-22 06:10:31 [INFO] [app.main] [Worker-9828] [1763788231449] Fetching cars with filters: ImmutableMultiDict([('brand', 'Toyota'), ('fuel_type', 'Diesel'), ('min_year', '2018')])
2025-11-22 06:10:31 [INFO] [app.main] [Worker-9828] [1763788231449] Found 0 cars, returning page 1/0 with 0 items
2025-11-22 06:10:31 [INFO] [app.main] [Worker-9828] [1763788231449] Response: 200 Duration: 0.101s Size: 127 bytes
2025-11-22 06:10:31 [INFO] [app.main] [Worker-9828] [1763788231577] GET /api/cars from 127.0.0.1 User-Agent: Werkzeug/3.1.3
2025-11-22 06:10:31 [INFO] [app.main] [Worker-9828] [1763788231577] Fetching cars with filters: ImmutableMultiDict([('search', 'Toyota')])
2025-11-22 06:10:31 [INFO] [app.main] [Worker-9828] [1763788231577] Found 1 cars, returning page 1/1 with 1 items
2025-11-22 06:10:31 [INFO] [app.main] [Worker-9828] [1763788231577] Response: 200 Duration: 0.030s Size: 1266 bytes
2025-11-22 06:10:31 [INFO] [app.main] [Worker-9828] [1763788231638] GET /api/cars from 127.0.0.1 User-Agent: Werkzeug/3.1.3
2025-11-22 06:10:31 [INFO] [app.main] [Worker-9828] [1763788231638] Fetching cars with filters: ImmutableMultiDict([('sort_by', 'price'), ('sort_order', 'desc')])
2025-11-22 06:10:31 [INFO] [app.main] [Worker-9828] [1763788231638] Found 3 cars, returning page 1/1 with 3 items
2025-11-22 06:10:31 [INFO] [app.main] [Worker-9828] [1763788231638] Response: 200 Duration: 0.010s Size: 3618 bytes
2025-11-22 06:10:31 [INFO] [app.main] [Worker-9828] [1763788231675] GET /api/brands from 127.0.0.1 User-Agent: Werkzeug/3.1.3
2025-11-22 06:10:31 [INFO] [app.main] [Worker-9828] [1763788231675] Fetching brands
2025-11-22 06:10:31 [INFO] [app.main] [Worker-9828] [1763788231675] Found 1 brands
2025-11-22 06:10:31 [INFO] [app.main] [Worker-9828] [1763788231675] Response: 200 Duration: 0.005s Size: 56 bytes
2025-11-22 06:10:31 [INFO] [app.main] [Worker-9828] [1763788231701] POST /api/predict from 127.0.0.1 User-Agent: Werkzeug/3.1.3
2025-11-22 06:10:31 [INFO] [app.main] [Worker-9828] [1763788231701] Request body: {'body_type': 'Sedan', 'brand': 'Mercedes', 'doors': 4, 'engine_size': 2.0, 'fuel_type': 'Diesel', 'horsepower': 200, 'mileage': 30000, 'model': 'C-Class', 'seats': 5, 'transmission': 'Automatic', 'year': 2021}
2025-11-22 06:10:31 [INFO] [app.main] [Worker-9828] [1763788231701] Price prediction requested for: Mercedes C-Class 2021
2025-11-22 06:10:31 [INFO] [app.main] [Worker-9828] [1763788231701] Prediction completed in 0.000s: 145563.82 DKK (confidence: 87.0%)
2025-11-22 06:10:31 [INFO] [app.main] [Worker-9828] [1763788231701] Response: 200 Duration: 0.004s Size: 394 bytes
2025-11-22 06:10:31 [INFO] [app.main] [Worker-9828] [1763788231728] POST /api/predict from 127.0.0.1 User-Agent: Werkzeug/3.1.3
2025-11-22 06:10:31 [INFO] [app.main] [Worker-9828] [1763788231728] Request body: {'body_type': 'Sedan', 'brand': 'Mercedes', 'fuel_type': 'Diesel', 'mileage': 30000, 'model': 'C-Class', 'transmission': 'Automatic', 'year': 'invalid'}
2025-11-22 06:10:31 [INFO] [app.main] [Worker-9828] [1763788231728] Price prediction requested for: Mercedes C-Class invalid
2025-11-22 06:10:31 [WARNING] [app.main] [Worker-9828] [1763788231728] Validation error in predict_price: Year must be an integer
2025-11-22 06:10:31 [INFO] [app.main] [Worker-9828] [1763788231728] Response: 400 Duration: 0.001s Size: 52 bytes
2025-11-22 06:10:31 [INFO] [app.main] [Worker-9828] [1763788231754] GET /api/cars from 127.0.0.1 User-Agent: Werkzeug/3.1.3
2025-11-22 06:10:31 [INFO] [app.main] [Worker-9828] [1763788231754] Fetching cars with filters: ImmutableMultiDict([('page', '999999')])
2025-11-22 06:10:31 [INFO] [app.main] [Worker-9828] [1763788231754] Found 0 cars, returning page 999999/0 with 0 items
2025-11-22 06:10:31 [INFO] [app.main] [Worker-9828] [1763788231754] Response: 200 Duration: 0.005s Size: 131 bytes
2025-11-22 06:10:31 [INFO] [app.main] [Worker-9828] [1763788231788] GET /api/cars from 127.0.0.1 User-Agent: Werkzeug/3.1.3
2025-11-22 06:10:31 [INFO] [app.main] [Worker-9828] [1763788231788] Fetching cars with filters: ImmutableMultiDict([('per_page', '2')])
2025-11-22 06:10:31 [INFO] [app.main] [Worker-9828] [1763788231788] Found 5 cars, returning page 1/3 with 2 items
2025-11-22 06:10:31 [INFO] [app.main] [Worker-9828] [1763788231788] Response: 200 Duration: 0.005s Size: 2452 bytes
2025-11-22 06:10:31 [INFO] [app.main] [Worker-9828] [1763788231822] GET /api/stats from 127.0.0.1 User-Agent: Werkzeug/3.1.3
2025-11-22 06:10:31 [INFO] [app.main] [Worker-9828] [1763788231822] Fetching market statistics
2025-11-22 06:10:31 [INFO] [app.main] [Worker-9828] [1763788231822] Statistics: 1 total cars
2025-11-22 06:10:31 [INFO] [app.main] [Worker-9828] [1763788231822] Response: 200 Duration: 0.012s Size: 217 bytes
2025-11-22 06:10:31 [INFO] [app.main] [Worker-9828] [1763788231863] GET /api/cars from 127.0.0.1 User-Agent: Werkzeug/3.1.3
2025-11-22 06:10:31 [INFO] [app.main] [Worker-9828] [1763788231863] Fetching cars with filters: ImmutableMultiDict([])
2025-11-22 06:10:31 [INFO] [app.main] [Worker-9828] [1763788231863] Found 0 cars, returning page 1/0 with 0 items
2025-11-22 06:10:31 [INFO] [app.main] [Worker-9828] [1763788231863] Response: 200 Duration: 0.004s Size: 127 bytes
2025-11-22 06:10:31 [INFO] [app.main] [Worker-9828] [1763788231895] GET /api/cars from 127.0.0.1 User-Agent: Werkzeug/3.1.3
2025-11-22 06:10:31 [INFO] [app.main] [Worker-9828] [1763788231895] Fetching cars with filters: ImmutableMultiDict([])
2025-11-22 06:10:31 [INFO] [app.main] [Worker-9828] [1763788231895] Found 0 cars, returning page 1/0 with 0 items
2025-11-22 06:10:31 [INFO] [app.main] [Worker-9828] [1763788231895] Response: 200 Duration: 0.006s Size: 127 bytes
2025-11-22 06:10:31 [INFO] [app.main] [Worker-9828] [1763788231928] GET /api/cars from 127.0.0.1 User-Agent: Werkzeug/3.1.3
2025-11-22 06:10:31 [INFO] [app.main] [Worker-9828] [1763788231928] Fetching cars with filters: ImmutableMultiDict([('page', '1'), ('per_page', '10')])
2025-11-22 06:10:31 [INFO] [app.main] [Worker-9828] [1763788231928] Found 0 cars, returning page 1/0 with 0 items
2025-11-22 06:10:31 [INFO] [app.main] [Worker-9828] [1763788231928] Response: 200 Duration: 0.005s Size: 127 bytes
2025-11-22 06:10:31 [INFO] [app.main] [Worker-9828] [1763788231962] GET /api/cars from 127.0.0.1 User-Agent: Werkzeug/3.1.3
2025-11-22 06:10:31 [INFO] [app.main] [Worker-9828] [1763788231962] Fetching cars with filters: ImmutableMultiDict([('brand', 'Toyota'), ('fuel_type', 'Benzin')])
2025-11-22 06:10:31 [INFO] [app.main] [Worker-9828] [1763788231962] Found 0 cars, returning page 1/0 with 0 items
2025-11-22 06:10:31 [INFO] [app.main] [Worker-9828] [1763788231962] Response: 200 Duration: 0.006s Size: 127 bytes
2025-11-22 06:10:31 [INFO] [app.main] [Worker-9828] [1763788231998] GET /api/cars from 127.0.0.1 User-Agent: Werkzeug/3.1.3
2025-11-22 06:10:31 [INFO] [app.main] [Worker-9828] [1763788231998] Fetching cars with filters: ImmutableMultiDict([('q', 'Toyota')])
2025-11-22 06:10:32 [INFO] [app.main] [Worker-9828] [1763788231998] Found 0 cars, returning page 1/0 with 0 items
2025-11-22 06:10:32 [INFO] [app.main] [Worker-9828] [1763788231998] Response: 200 Duration: 0.028s Size: 127 bytes
2025-11-22 06:10:32 [INFO] [app.main] [Worker-9828] [1763788232052] GET /api/cars from 127.0.0.1 User-Agent: Werkzeug/3.1.3
2025-11-22 06:10:32 [INFO] [app.main] [Worker-9828] [1763788232052] Fetching cars with filters: ImmutableMultiDict([('price_min', '100000'), ('price_max', '500000')])
2025-11-22 06:10:32 [INFO] [app.main] [Worker-9828] [1763788232052] Found 0 cars, returning page 1/0 with 0 items
2025-11-22 06:10:32 [INFO] [app.main] [Worker-9828] [1763788232052] Response: 200 Duration: 0.028s Size: 127 bytes
2025-11-22 06:10:32 [INFO] [app.main] [Worker-9828] [1763788232102] GET /api/cars from 127.0.0.1 User-Agent: Werkzeug/3.1.3
2025-11-22 06:10:32 [INFO] [app.main] [Worker-9828] [1763788232102] Fetching cars with filters: ImmutableMultiDict([('year_min', '2018'), ('year_max', '2022')])
2025-11-22 06:10:32 [INFO] [app.main] [Worker-9828] [1763788232102] Found 0 cars, returning page 1/0 with 0 items
2025-11-22 06:10:32 [INFO] [app.main] [Worker-9828] [1763788232102] Response: 200 Duration: 0.029s Size: 127 bytes
2025-11-22 06:10:32 [INFO] [app.main] [Worker-9828] [1763788232155] GET /api/cars/invalid-id-999999 from 127.0.0.1 User-Agent: Werkzeug/3.1.3
2025-11-22 06:10:32 [INFO] [app.main] [Worker-9828] [1763788232155] Fetching car with ID: invalid-id-999999
2025-11-22 06:10:32 [WARNING] [app.main] [Worker-9828] [1763788232155] 404 error: /api/cars/invalid-id-999999
2025-11-22 06:10:32 [INFO] [app.main] [Worker-9828] [1763788232155] Response: 404 Duration: 0.009s Size: 84 bytes
2025-11-22 06:10:32 [INFO] [app.main] [Worker-9828] [1763788232187] GET /api/cars/test-id from 127.0.0.1 User-Agent: Werkzeug/3.1.3
2025-11-22 06:10:32 [INFO] [app.main] [Worker-9828] [1763788232187] Fetching car with ID: test-id
2025-11-22 06:10:32 [WARNING] [app.main] [Worker-9828] [1763788232187] 404 error: /api/cars/test-id
2025-11-22 06:10:32 [INFO] [app.main] [Worker-9828] [1763788232187] Response: 404 Duration: 0.004s Size: 74 bytes
2025-11-22 06:10:32 [INFO] [app.main] [Worker-9828] [1763788232212] GET /api/brands from 127.0.0.1 User-Agent: Werkzeug/3.1.3
2025-11-22 06:10:32 [INFO] [app.main] [Worker-9828] [1763788232212] Fetching brands
2025-11-22 06:10:32 [INFO] [app.main] [Worker-9828] [1763788232212] Found 0 brands
2025-11-22 06:10:32 [INFO] [app.main] [Worker-9828] [1763788232212] Response: 200 Duration: 0.003s Size: 29 bytes
2025-11-22 06:10:32 [INFO] [app.main] [Worker-9828] [1763788232236] GET /api/brands from 127.0.0.1 User-Agent: Werkzeug/3.1.3
2025-11-22 06:10:32 [INFO] [app.main] [Worker-9828] [1763788232236] Fetching brands
2025-11-22 06:10:32 [INFO] [app.main] [Worker-9828] [1763788232236] Found 0 brands
2025-11-22 06:10:32 [INFO] [app.main] [Worker-9828] [1763788232236] Response: 200 Duration: 0.003s Size: 29 bytes
2025-11-22 06:10:32 [INFO] [app.main] [Worker-9828] [1763788232265] GET /api/brands from 127.0.0.1 User-Agent: Werkzeug/3.1.3
2025-11-22 06:10:32 [INFO] [app.main] [Worker-9828] [1763788232265] Fetching brands
2025-11-22 06:10:32 [INFO] [app.main] [Worker-9828] [1763788232265] Found 0 brands
2025-11-22 06:10:32 [INFO] [app.main] [Worker-9828] [1763788232265] Response: 200 Duration: 0.004s Size: 29 bytes
2025-11-22 06:10:32 [INFO] [app.main] [Worker-9828] [1763788232292] GET /api/filters from 127.0.0.1 User-Agent: Werkzeug/3.1.3
2025-11-22 06:10:32 [INFO] [app.main] [Worker-9828] [1763788232292] Fetching filter options
2025-11-22 06:10:32 [INFO] [app.main] [Worker-9828] [1763788232292] Retrieved all filter options successfully
2025-11-22 06:10:32 [INFO] [app.main] [Worker-9828] [1763788232292] Response: 200 Duration: 0.015s Size: 210 bytes
2025-11-22 06:10:32 [INFO] [app.main] [Worker-9828] [1763788232337] GET /api/filters from 127.0.0.1 User-Agent: Werkzeug/3.1.3
2025-11-22 06:10:32 [INFO] [app.main] [Worker-9828] [1763788232337] Fetching filter options
2025-11-22 06:10:32 [INFO] [app.main] [Worker-9828] [1763788232337] Retrieved all filter options successfully
2025-11-22 06:10:32 [INFO] [app.main] [Worker-9828] [1763788232337] Response: 200 Duration: 0.007s Size: 210 bytes
2025-11-22 06:10:32 [INFO] [app.main] [Worker-9828] [1763788232369] GET /api/filters from 127.0.0.1 User-Agent: Werkzeug/3.1.3
2025-11-22 06:10:32 [INFO] [app.main] [Worker-9828] [1763788232369] Fetching filter options
2025-11-22 06:10:32 [INFO] [app.main] [Worker-9828] [1763788232369] Retrieved all filter options successfully
2025-11-22 06:10:32 [INFO] [app.main] [Worker-9828] [1763788232369] Response: 200 Duration: 0.008s Size: 210 bytes
2025-11-22 06:10:32 [INFO] [app.main] [Worker-9828] [1763788232402] GET /api/predict from 127.0.0.1 User-Agent: Werkzeug/3.1.3
2025-11-22 06:10:32 [WARNING] [app.main] [Worker-9828] [1763788232402] 405 error: GET /api/predict
2025-11-22 06:10:32 [INFO] [app.main] [Worker-9828] [1763788232402] Response: 405 Duration: 0.002s Size: 84 bytes
2025-11-22 06:10:32 [INFO] [app.main] [Worker-9828] [1763788232426] POST /api/predict from 127.0.0.1 User-Agent: Werkzeug/3.1.3
2025-11-22 06:10:32 [INFO] [app.main] [Worker-9828] [1763788232426] Request body: {'brand': 'Toyota', 'model': 'Camry', 'year': 2020, 'mileage': 50000, 'fuel_type': 'Benzin', 'transmission': 'Automatisk', 'body_type': 'Sedan', 'horsepower': 200, 'engine_size': 2.5, 'doors': 4, 'color': 'Black'}
2025-11-22 06:10:32 [INFO] [app.main] [Worker-9828] [1763788232426] Price prediction requested for: Toyota Camry 2020
2025-11-22 06:10:32 [INFO] [app.main] [Worker-9828] [1763788232426] Prediction completed in 0.000s: 136601.59 DKK (confidence: 87.0%)
2025-11-22 06:10:32 [INFO] [app.main] [Worker-9828] [1763788232426] Response: 200 Duration: 0.003s Size: 397 bytes
2025-11-22 06:10:32 [INFO] [app.main] [Worker-9828] [1763788232452] POST /api/predict from 127.0.0.1 User-Agent: Werkzeug/3.1.3
2025-11-22 06:10:32 [WARNING] [app.main] [Worker-9828] [1763788232452] Validation error in predict_price: Request body must be valid JSON
2025-11-22 06:10:32 [INFO] [app.main] [Worker-9828] [1763788232452] Response: 400 Duration: 0.001s Size: 60 bytes
2025-11-22 06:10:32 [INFO] [app.main] [Worker-9828] [1763788232480] POST /api/predict from 127.0.0.1 User-Agent: Werkzeug/3.1.3
2025-11-22 06:10:32 [WARNING] [app.main] [Worker-9828] [1763788232480] Validation error in predict_price: Missing required fields: brand, model, year, mileage, fuel_type, transmission, body_type
2025-11-22 06:10:32 [INFO] [app.main] [Worker-9828] [1763788232480] Response: 400 Duration: 0.002s Size: 117 bytes
2025-11-22 06:10:32 [INFO] [app.main] [Worker-9828] [1763788232503] GET /api/health from 127.0.0.1 User-Agent: Werkzeug/3.1.3
2025-11-22 06:10:32 [WARNING] [app.main] [Worker-9828] [1763788232503] 404 error: /api/health
2025-11-22 06:10:32 [INFO] [app.main] [Worker-9828] [1763788232503] Response: 404 Duration: 0.002s Size: 68 bytes
2025-11-22 06:10:32 [INFO] [app.main] [Worker-9828] [1763788232530] GET /api/models from 127.0.0.1 User-Agent: Werkzeug/3.1.3
2025-11-22 06:10:32 [WARNING] [app.main] [Worker-9828] [1763788232530] 404 error: /api/models
2025-11-22 06:10:32 [INFO] [app.main] [Worker-9828] [1763788232530] Response: 404 Duration: 0.002s Size: 68 bytes
2025-11-22 06:10:32 [INFO] [app.main] [Worker-9828] [1763788232556] GET /api/models from 127.0.0.1 User-Agent: Werkzeug/3.1.3
2025-11-22 06:10:32 [WARNING] [app.main] [Worker-9828] [1763788232556] 404 error: /api/models
2025-11-22 06:10:32 [INFO] [app.main] [Worker-9828] [1763788232556] Response: 404 Duration: 0.001s Size: 68 bytes
2025-11-22 06:10:32 [INFO] [app.main] [Worker-9828] [1763788232583] GET /api/models from 127.0.0.1 User-Agent: Werkzeug/3.1.3
2025-11-22 06:10:32 [WARNING] [app.main] [Worker-9828] [1763788232583] 404 error: /api/models
2025-11-22 06:10:32 [INFO] [app.main] [Worker-9828] [1763788232583] Response: 404 Duration: 0.000s Size: 68 bytes
2025-11-22 06:10:32 [INFO] [app.main] [Worker-9828] [1763788232609] GET /api/stats from 127.0.0.1 User-Agent: Werkzeug/3.1.3
2025-11-22 06:10:32 [INFO] [app.main] [Worker-9828] [1763788232609] Fetching market statistics
2025-11-22 06:10:32 [INFO] [app.main] [Worker-9828] [1763788232609] Statistics: 0 total cars
2025-11-22 06:10:32 [INFO] [app.main] [Worker-9828] [1763788232609] Response: 200 Duration: 0.008s Size: 136 bytes
2025-11-22 06:10:32 [INFO] [app.main] [Worker-9828] [1763788232641] GET /api/stats from 127.0.0.1 User-Agent: Werkzeug/3.1.3
2025-11-22 06:10:32 [INFO] [app.main] [Worker-9828] [1763788232641] Fetching market statistics
2025-11-22 06:10:32 [INFO] [app.main] [Worker-9828] [1763788232641] Statistics: 0 total cars
2025-11-22 06:10:32 [INFO] [app.main] [Worker-9828] [1763788232641] Response: 200 Duration: 0.007s Size: 136 bytes
2025-11-22 06:10:32 [INFO] [app.main] [Worker-9828] [1763788232676] GET /api/queue/status from 127.0.0.1 User-Agent: Werkzeug/3.1.3
2025-11-22 06:10:32 [WARNING] [app.main] [Worker-9828] [1763788232676] 404 error: /api/queue/status
2025-11-22 06:10:32 [INFO] [app.main] [Worker-9828] [1763788232676] Response: 404 Duration: 0.001s Size: 74 bytes
2025-11-22 06:10:32 [INFO] [app.main] [Worker-9828] [1763788232700] GET /api/queue/job/test-job-123 from 127.0.0.1 User-Agent: Werkzeug/3.1.3
2025-11-22 06:10:32 [WARNING] [app.main] [Worker-9828] [1763788232700] 404 error: /api/queue/job/test-job-123
2025-11-22 06:10:32 [INFO] [app.main] [Worker-9828] [1763788232700] Response: 404 Duration: 0.002s Size: 84 bytes
2025-11-22 06:10:32 [INFO] [app.main] [Worker-9828] [1763788232726] GET /api/nonexistent-endpoint from 127.0.0.1 User-Agent: Werkzeug/3.1.3
2025-11-22 06:10:32 [WARNING] [app.main] [Worker-9828] [1763788232726] 404 error: /api/nonexistent-endpoint
2025-11-22 06:10:32 [INFO] [app.main] [Worker-9828] [1763788232726] Response: 404 Duration: 0.001s Size: 82 bytes
2025-11-22 06:10:32 [INFO] [app.main] [Worker-9828] [1763788232749] POST /api/predict from 127.0.0.1 User-Agent: Werkzeug/3.1.3
2025-11-22 06:10:32 [WARNING] [app.main] [Worker-9828] [1763788232749] Validation error in predict_price: Request body must be valid JSON
2025-11-22 06:10:32 [INFO] [app.main] [Worker-9828] [1763788232749] Response: 400 Duration: 0.002s Size: 60 bytes
2025-11-22 06:10:32 [INFO] [app.main] [Worker-9828] [1763788232777] POST /api/predict from 127.0.0.1 User-Agent: Werkzeug/3.1.3
2025-11-22 06:10:32 [WARNING] [app.main] [Worker-9828] [1763788232777] Validation error in predict_price: Request body must be valid JSON
2025-11-22 06:10:32 [INFO] [app.main] [Worker-9828] [1763788232777] Response: 400 Duration: 0.001s Size: 60 bytes
2025-11-22 06:10:32 [INFO] [app.main] [Worker-9828] [1763788232809] PUT /api/cars/a968de7c-c328-4568-8a70-709674d75f74 from 127.0.0.1 User-Agent: Werkzeug/3.1.3
2025-11-22 06:10:32 [INFO] [app.main] [Worker-9828] [1763788232809] Request body: {'mileage': 60000, 'price': 300000.0}
2025-11-22 06:10:32 [WARNING] [app.main] [Worker-9828] [1763788232809] 405 error: PUT /api/cars/a968de7c-c328-4568-8a70-709674d75f74
2025-11-22 06:10:32 [INFO] [app.main] [Worker-9828] [1763788232809] Response: 405 Duration: 0.003s Size: 118 bytes
2025-11-22 06:10:32 [INFO] [app.main] [Worker-9828] [1763788232841] DELETE /api/cars/2411c4c5-7b75-4a61-ab93-61c1e80c9ebc from 127.0.0.1 User-Agent: Werkzeug/3.1.3
2025-11-22 06:10:32 [WARNING] [app.main] [Worker-9828] [1763788232841] 405 error: DELETE /api/cars/2411c4c5-7b75-4a61-ab93-61c1e80c9ebc
2025-11-22 06:10:32 [INFO] [app.main] [Worker-9828] [1763788232841] Response: 405 Duration: 0.002s Size: 121 bytes
2025-11-22 06:10:32 [INFO] [app.main] [Worker-9828] [1763788232870] POST /api/predict from 127.0.0.1 User-Agent: Werkzeug/3.1.3
2025-11-22 06:10:32 [INFO] [app.main] [Worker-9828] [1763788232870] Request body: {'body_type': 'Hatchback', 'brand': 'Volkswagen', 'engine_size': 1.4, 'fuel_type': 'Benzin', 'horsepower': 150, 'mileage': 40000, 'model': 'Golf', 'transmission': 'Manual', 'year': 2019}
2025-11-22 06:10:32 [INFO] [app.main] [Worker-9828] [1763788232870] Price prediction requested for: Volkswagen Golf 2019
2025-11-22 06:10:32 [INFO] [app.main] [Worker-9828] [1763788232870] Prediction completed in 0.000s: 105764.6 DKK (confidence: 87.0%)
2025-11-22 06:10:32 [INFO] [app.main] [Worker-9828] [1763788232870] Response: 200 Duration: 0.006s Size: 372 bytes
2025-11-22 06:10:32 [INFO] [app.main] [Worker-9828] [1763788232904] POST /api/predict from 127.0.0.1 User-Agent: Werkzeug/3.1.3
2025-11-22 06:10:32 [INFO] [app.main] [Worker-9828] [1763788232904] Request body: {'body_type': 'Stationcar', 'brand': 'Ford', 'doors': 5, 'fuel_type': 'Diesel', 'horsepower': 120, 'mileage': 70000, 'model': 'Focus', 'seats': 5, 'transmission': 'Automatic', 'year': 2018}
2025-11-22 06:10:32 [INFO] [app.main] [Worker-9828] [1763788232904] Price prediction requested for: Ford Focus 2018
2025-11-22 06:10:32 [INFO] [app.main] [Worker-9828] [1763788232904] Prediction completed in 0.000s: 75874.62 DKK (confidence: 85.0%)
2025-11-22 06:10:32 [INFO] [app.main] [Worker-9828] [1763788232904] Response: 200 Duration: 0.005s Size: 372 bytes
2025-11-22 06:10:32 [INFO] [app.main] [Worker-9828] [1763788232941] POST /api/predict from 127.0.0.1 User-Agent: Werkzeug/3.1.3
2025-11-22 06:10:32 [INFO] [app.main] [Worker-9828] [1763788232941] Request body: {'body_type': 'Hatchback', 'brand': 'Audi', 'engine_size': 'not_a_number', 'fuel_type': 'Diesel', 'mileage': 30000, 'model': 'A3', 'transmission': 'Automatic', 'year': 2020}
2025-11-22 06:10:32 [INFO] [app.main] [Worker-9828] [1763788232941] Price prediction requested for: Audi A3 2020
2025-11-22 06:10:32 [WARNING] [app.main] [Worker-9828] [1763788232941] Validation error in predict_price: engine_size must be numeric
2025-11-22 06:10:32 [INFO] [app.main] [Worker-9828] [1763788232941] Response: 400 Duration: 0.003s Size: 56 bytes
2025-11-22 06:10:32 [INFO] [app.main] [Worker-9828] [1763788232967] POST /api/predict from 127.0.0.1 User-Agent: Werkzeug/3.1.3
2025-11-22 06:10:32 [INFO] [app.main] [Worker-9828] [1763788232967] Request body: {'body_type': 'Hatchback', 'brand': 'Seat', 'fuel_type': 'Benzin', 'horsepower': 'invalid', 'mileage': 50000, 'model': 'Leon', 'transmission': 'Manual', 'year': 2019}
2025-11-22 06:10:32 [INFO] [app.main] [Worker-9828] [1763788232967] Price prediction requested for: Seat Leon 2019
2025-11-22 06:10:32 [WARNING] [app.main] [Worker-9828] [1763788232967] Validation error in predict_price: horsepower must be an integer
2025-11-22 06:10:32 [INFO] [app.main] [Worker-9828] [1763788232967] Response: 400 Duration: 0.004s Size: 58 bytes
2025-11-22 06:10:32 [INFO] [app.main] [Worker-9828] [1763788232995] POST /api/predict from 127.0.0.1 User-Agent: Werkzeug/3.1.3
2025-11-22 06:10:32 [INFO] [app.main] [Worker-9828] [1763788232995] Request body: {'body_type': 'Sedan', 'brand': 'Skoda', 'fuel_type': 'Diesel', 'mileage': 20000, 'model': 'Octavia', 'transmission': 'Automatic', 'year': 2020}
2025-11-22 06:10:32 [INFO] [app.main] [Worker-9828] [1763788232995] Price prediction requested for: Skoda Octavia 2020
2025-11-22 06:10:32 [INFO] [app.main] [Worker-9828] [1763788232995] Prediction completed in 0.000s: 104229.18 DKK (confidence: 82.0%)
2025-11-22 06:10:32 [INFO] [app.main] [Worker-9828] [1763788232995] Response: 200 Duration: 0.003s Size: 335 bytes
2025-11-22 06:10:33 [INFO] [app.main] [Worker-9828] [1763788233023] POST /api/predict from 127.0.0.1 User-Agent: Werkzeug/3.1.3
2025-11-22 06:10:33 [INFO] [app.main] [Worker-9828] [1763788233023] Request body: {'body_type': 'Hatchback', 'brand': 'Renault', 'fuel_type': 'Benzin', 'mileage': 45000, 'model': 'Clio', 'transmission': 'Manual', 'year': 2019}
2025-11-22 06:10:33 [INFO] [app.main] [Worker-9828] [1763788233023] Price prediction requested for: Renault Clio 2019
2025-11-22 06:10:33 [INFO] [app.main] [Worker-9828] [1763788233023] Queued prediction job 7b0bde7a-09a1-4632-962a-cbf7a5908d59 (mode=client_force_queue, priority=100, position=0)
2025-11-22 06:10:33 [INFO] [app.main] [Worker-9828] [1763788233023] Response: 202 Duration: 0.016s Size: 403 bytes
2025-11-22 06:10:33 [INFO] [app.main] [Worker-9828] [1763788233476] GET /api/cars/nonexistent-id-12345 from 127.0.0.1 User-Agent: Werkzeug/3.1.3
2025-11-22 06:10:33 [INFO] [app.main] [Worker-9828] [1763788233476] Fetching car with ID: nonexistent-id-12345
2025-11-22 06:10:33 [WARNING] [app.main] [Worker-9828] [1763788233476] 404 error: /api/cars/nonexistent-id-12345
2025-11-22 06:10:33 [INFO] [app.main] [Worker-9828] [1763788233476] Response: 404 Duration: 0.003s Size: 87 bytes
2025-11-22 06:10:33 [INFO] [app.main] [Worker-9828] [1763788233500] POST /api/cars from 127.0.0.1 User-Agent: Werkzeug/3.1.3
2025-11-22 06:10:33 [INFO] [app.main] [Worker-9828] [1763788233500] Request body: {'body_type': 'Hatchback', 'brand': 'Peugeot', 'color': 'Blue', 'dealer_name': 'Test Dealer', 'doors': 5, 'engine_size': 1.2, 'fuel_type': 'Benzin', 'horsepower': 100, 'location': 'Aarhus', 'mileage': 15000, 'model': '208', 'price': 180000.0, 'seats': 5, 'transmission': 'Automatic', 'year': 2021}
2025-11-22 06:10:33 [INFO] [app.main] [Worker-9828] [1763788233500] Creating new car: Peugeot 208
2025-11-22 06:10:33 [INFO] [app.main] [Worker-9828] [1763788233500] Successfully created car with ID: 99afbe0e-b3db-4196-be52-a396549b8506
2025-11-22 06:10:33 [INFO] [app.main] [Worker-9828] [1763788233500] Response: 201 Duration: 0.008s Size: 1227 bytes
2025-11-22 06:10:33 [INFO] [app.main] [Worker-9828] [1763788233536] GET /api/cars from 127.0.0.1 User-Agent: Werkzeug/3.1.3
2025-11-22 06:10:33 [INFO] [app.main] [Worker-9828] [1763788233536] Fetching cars with filters: ImmutableMultiDict([('brand', 'Toyota'), ('model', 'Camry'), ('fuel_type', 'Benzin'), ('transmission', 'Automatisk'), ('body_type', 'Sedan'), ('min_year', '2015'), ('max_year', '2025'), ('min_price', '100000'), ('max_price', '500000'), ('min_mileage', '0'), ('max_mileage', '100000'), ('page', '1'), ('per_page', '10'), ('sort_by', 'price'), ('sort_order', 'asc')])
2025-11-22 06:10:33 [INFO] [app.main] [Worker-9828] [1763788233536] Found 1 cars, returning page 1/1 with 1 items
2025-11-22 06:10:33 [INFO] [app.main] [Worker-9828] [1763788233536] Response: 200 Duration: 0.032s Size: 1290 bytes
2025-11-22 06:10:33 [INFO] [app.main] [Worker-9828] [1763788233593] POST /api/predict from 127.0.0.1 User-Agent: Werkzeug/3.1.3
2025-11-22 06:10:33 [INFO] [app.main] [Worker-9828] [1763788233593] Request body: {'body_type': 'Hatchback', 'brand': 'Citroen', 'fuel_type': 'Diesel', 'mileage': 'lots', 'model': 'C3', 'transmission': 'Manual', 'year': 2019}
2025-11-22 06:10:33 [INFO] [app.main] [Worker-9828] [1763788233593] Price prediction requested for: Citroen C3 2019
2025-11-22 06:10:33 [WARNING] [app.main] [Worker-9828] [1763788233593] Validation error in predict_price: Mileage must be an integer
2025-11-22 06:10:33 [INFO] [app.main] [Worker-9828] [1763788233593] Response: 400 Duration: 0.002s Size: 55 bytes
2025-11-22 06:10:33 [INFO] [app.main] [Worker-9828] [1763788233619] GET /api/brands from 127.0.0.1 User-Agent: Werkzeug/3.1.3
2025-11-22 06:10:33 [INFO] [app.main] [Worker-9828] [1763788233619] Fetching brands
2025-11-22 06:10:33 [INFO] [app.main] [Worker-9828] [1763788233619] Found 1 brands
2025-11-22 06:10:33 [INFO] [app.main] [Worker-9828] [1763788233619] Response: 200 Duration: 0.003s Size: 56 bytes
2025-11-22 06:10:33 [INFO] [app.ml.predictor] [Worker-9828] Loaded model from C:\Users\Igor Cretu\Desktop\Bachelor\Project\BackEnd\API\app\ml\../../models\best_model_xgboost.pkl
2025-11-22 06:10:33 [INFO] [app.ml.predictor] [Worker-9828] Loaded model from C:\Users\Igor Cretu\Desktop\Bachelor\Project\BackEnd\API\app\ml\../../models\best_model_xgboost.pkl
2025-11-22 06:10:33 [INFO] [app.ml.predictor] [Worker-9828] Loaded model from C:\Users\Igor Cretu\Desktop\Bachelor\Project\BackEnd\API\app\ml\../../models\best_model_xgboost.pkl
2025-11-22 06:10:33 [INFO] [app.ml.predictor] [Worker-9828] Loaded model from C:\Users\Igor Cretu\Desktop\Bachelor\Project\BackEnd\API\app\ml\../../models\best_model_xgboost.pkl
2025-11-22 06:11:13 [INFO] [app.main] [Worker-61940] ================================================================================
2025-11-22 06:11:13 [INFO] [app.main] [Worker-61940] INITIALIZING BPR BACKEND API
2025-11-22 06:11:13 [INFO] [app.main] [Worker-61940] ================================================================================
2025-11-22 06:11:13 [INFO] [app.main] [Worker-61940] CORS locked to: ['https://bpr-g26.netlify.app', 'https://test.bachelorproject26.site', 'https://bachelorproject26.site', 'http://localhost:5173', 'http://127.0.0.1:5173', 'https://carpredict.netlify.app']
2025-11-22 06:11:13 [INFO] [app.main] [Worker-61940] Database URL configured: localhost
2025-11-22 06:11:13 [INFO] [app.main] [Worker-61940] Database initialized with connection pooling
2025-11-22 06:11:13 [INFO] [app.main] [Worker-61940] Initializing ML predictor...
2025-11-22 06:11:15 [INFO] [app.ml.predictor] [Worker-61940] Loaded model from C:\Users\Igor Cretu\Desktop\Bachelor\Project\BackEnd\API\app\ml\../../models\best_model_xgboost.pkl
2025-11-22 06:11:15 [INFO] [app.main] [Worker-61940] ML Predictor initialized: {'version': 'v1.0.0-heuristic', 'loaded': False, 'type': 'heuristic', 'model_name': 'N/A', 'test_r2': 'N/A', 'test_mae': 'N/A', 'features_count': 0}
2025-11-22 06:11:15 [INFO] [app.main] [Worker-61940] Application loaded by WSGI server
2025-11-22 06:11:15 [INFO] [app.main] [Worker-61940] Configuration: {}
2025-11-22 06:11:16 [INFO] [app.main] [Worker-61940] [1763788276752] POST /api/cars from 127.0.0.1 User-Agent: Werkzeug/3.1.3
2025-11-22 06:11:16 [INFO] [app.main] [Worker-61940] [1763788276752] Request body: {'body_type': 'Sedan', 'brand': 'BMW', 'fuel_type': 'Diesel', 'mileage': 50000, 'model': '320d', 'price': 250000.0, 'transmission': 'Automatic', 'year': 2020}
2025-11-22 06:11:16 [INFO] [app.main] [Worker-61940] [1763788276752] Creating new car: BMW 320d
2025-11-22 06:11:16 [INFO] [app.main] [Worker-61940] [1763788276752] Successfully created car with ID: 1ba04f12-1a18-4f20-8887-664a07c68dba
2025-11-22 06:11:16 [INFO] [app.main] [Worker-61940] [1763788276752] Response: 201 Duration: 0.119s Size: 1213 bytes
2025-11-22 06:11:16 [INFO] [app.main] [Worker-61940] [1763788276906] POST /api/cars from 127.0.0.1 User-Agent: Werkzeug/3.1.3
2025-11-22 06:11:16 [INFO] [app.main] [Worker-61940] [1763788276906] Request body: {'brand': 'BMW', 'model': '320d'}
2025-11-22 06:11:16 [WARNING] [app.main] [Worker-61940] [1763788276906] Validation error in create_car: Missing required fields: year, mileage, fuel_type, transmission, body_type, price
2025-11-22 06:11:16 [INFO] [app.main] [Worker-61940] [1763788276906] Response: 400 Duration: 0.002s Size: 110 bytes
2025-11-22 06:11:16 [INFO] [app.main] [Worker-61940] [1763788276936] POST /api/cars from 127.0.0.1 User-Agent: Werkzeug/3.1.3
2025-11-22 06:11:16 [INFO] [app.main] [Worker-61940] [1763788276936] Request body: {'body_type': 'Sedan', 'brand': 'BMW', 'fuel_type': 'Diesel', 'mileage': 50000, 'model': '320d', 'price': 250000.0, 'transmission': 'Automatic', 'year': 'not_a_year'}
2025-11-22 06:11:16 [INFO] [app.main] [Worker-61940] [1763788276936] Creating new car: BMW 320d
2025-11-22 06:11:16 [WARNING] [app.main] [Worker-61940] [1763788276936] Validation error in create_car: Year must be an integer
2025-11-22 06:11:16 [INFO] [app.main] [Worker-61940] [1763788276936] Response: 400 Duration: 0.001s Size: 52 bytes
2025-11-22 06:11:16 [INFO] [app.main] [Worker-61940] [1763788276976] GET /api/cars/test-car-123 from 127.0.0.1 User-Agent: Werkzeug/3.1.3
2025-11-22 06:11:16 [INFO] [app.main] [Worker-61940] [1763788276976] Fetching car with ID: test-car-123
2025-11-22 06:11:16 [INFO] [app.main] [Worker-61940] [1763788276976] Successfully retrieved car test-car-123
2025-11-22 06:11:16 [INFO] [app.main] [Worker-61940] [1763788276976] Response: 200 Duration: 0.009s Size: 1163 bytes
2025-11-22 06:11:17 [INFO] [app.main] [Worker-61940] [1763788277016] POST /api/predict from 127.0.0.1 User-Agent: Werkzeug/3.1.3
2025-11-22 06:11:17 [INFO] [app.main] [Worker-61940] [1763788277016] Request body: {'body_type': 'Sedan', 'brand': 'Audi', 'fuel_type': 'Diesel', 'mileage': 60000, 'model': 'A4', 'transmission': 'Automatic', 'year': 2019}
2025-11-22 06:11:17 [INFO] [app.main] [Worker-61940] [1763788277016] Price prediction requested for: Audi A4 2019
2025-11-22 06:11:17 [INFO] [app.main] [Worker-61940] [1763788277016] Prediction completed in 0.000s: 162121.7 DKK (confidence: 82.0%)
2025-11-22 06:11:17 [INFO] [app.main] [Worker-61940] [1763788277016] Response: 200 Duration: 0.010s Size: 328 bytes
2025-11-22 06:11:17 [INFO] [app.main] [Worker-61940] [1763788277071] GET /api/queue/job/nonexistent-id from 127.0.0.1 User-Agent: Werkzeug/3.1.3
2025-11-22 06:11:17 [WARNING] [app.main] [Worker-61940] [1763788277071] 404 error: /api/queue/job/nonexistent-id
2025-11-22 06:11:17 [INFO] [app.main] [Worker-61940] [1763788277071] Response: 404 Duration: 0.002s Size: 86 bytes
2025-11-22 06:11:17 [INFO] [app.main] [Worker-61940] [1763788277116] GET /api/cars from 127.0.0.1 User-Agent: Werkzeug/3.1.3
2025-11-22 06:11:17 [INFO] [app.main] [Worker-61940] [1763788277116] Fetching cars with filters: ImmutableMultiDict([('brand', 'Toyota'), ('fuel_type', 'Diesel'), ('min_year', '2018')])
2025-11-22 06:11:17 [INFO] [app.main] [Worker-61940] [1763788277116] Found 0 cars, returning page 1/0 with 0 items
2025-11-22 06:11:17 [INFO] [app.main] [Worker-61940] [1763788277116] Response: 200 Duration: 0.041s Size: 127 bytes
2025-11-22 06:11:17 [INFO] [app.main] [Worker-61940] [1763788277196] GET /api/cars from 127.0.0.1 User-Agent: Werkzeug/3.1.3
2025-11-22 06:11:17 [INFO] [app.main] [Worker-61940] [1763788277196] Fetching cars with filters: ImmutableMultiDict([('search', 'Toyota')])
2025-11-22 06:11:17 [INFO] [app.main] [Worker-61940] [1763788277196] Found 1 cars, returning page 1/1 with 1 items
2025-11-22 06:11:17 [INFO] [app.main] [Worker-61940] [1763788277196] Response: 200 Duration: 0.038s Size: 1266 bytes
2025-11-22 06:11:17 [INFO] [app.main] [Worker-61940] [1763788277282] GET /api/cars from 127.0.0.1 User-Agent: Werkzeug/3.1.3
2025-11-22 06:11:17 [INFO] [app.main] [Worker-61940] [1763788277282] Fetching cars with filters: ImmutableMultiDict([('sort_by', 'price'), ('sort_order', 'desc')])
2025-11-22 06:11:17 [INFO] [app.main] [Worker-61940] [1763788277282] Found 3 cars, returning page 1/1 with 3 items
2025-11-22 06:11:17 [INFO] [app.main] [Worker-61940] [1763788277282] Response: 200 Duration: 0.016s Size: 3618 bytes
2025-11-22 06:11:17 [INFO] [app.main] [Worker-61940] [1763788277333] GET /api/brands from 127.0.0.1 User-Agent: Werkzeug/3.1.3
2025-11-22 06:11:17 [INFO] [app.main] [Worker-61940] [1763788277333] Fetching brands
2025-11-22 06:11:17 [INFO] [app.main] [Worker-61940] [1763788277333] Found 1 brands
2025-11-22 06:11:17 [INFO] [app.main] [Worker-61940] [1763788277333] Response: 200 Duration: 0.006s Size: 56 bytes
2025-11-22 06:11:17 [INFO] [app.main] [Worker-61940] [1763788277376] POST /api/predict from 127.0.0.1 User-Agent: Werkzeug/3.1.3
2025-11-22 06:11:17 [INFO] [app.main] [Worker-61940] [1763788277376] Request body: {'body_type': 'Sedan', 'brand': 'Mercedes', 'doors': 4, 'engine_size': 2.0, 'fuel_type': 'Diesel', 'horsepower': 200, 'mileage': 30000, 'model': 'C-Class', 'seats': 5, 'transmission': 'Automatic', 'year': 2021}
2025-11-22 06:11:17 [INFO] [app.main] [Worker-61940] [1763788277376] Price prediction requested for: Mercedes C-Class 2021
2025-11-22 06:11:17 [INFO] [app.main] [Worker-61940] [1763788277376] Prediction completed in 0.000s: 145563.82 DKK (confidence: 87.0%)
2025-11-22 06:11:17 [INFO] [app.main] [Worker-61940] [1763788277376] Response: 200 Duration: 0.007s Size: 394 bytes
2025-11-22 06:11:17 [INFO] [app.main] [Worker-61940] [1763788277418] POST /api/predict from 127.0.0.1 User-Agent: Werkzeug/3.1.3
2025-11-22 06:11:17 [INFO] [app.main] [Worker-61940] [1763788277418] Request body: {'body_type': 'Sedan', 'brand': 'Mercedes', 'fuel_type': 'Diesel', 'mileage': 30000, 'model': 'C-Class', 'transmission': 'Automatic', 'year': 'invalid'}
2025-11-22 06:11:17 [INFO] [app.main] [Worker-61940] [1763788277418] Price prediction requested for: Mercedes C-Class invalid
2025-11-22 06:11:17 [WARNING] [app.main] [Worker-61940] [1763788277418] Validation error in predict_price: Year must be an integer
2025-11-22 06:11:17 [INFO] [app.main] [Worker-61940] [1763788277418] Response: 400 Duration: 0.003s Size: 52 bytes
2025-11-22 06:11:17 [INFO] [app.main] [Worker-61940] [1763788277472] GET /api/cars from 127.0.0.1 User-Agent: Werkzeug/3.1.3
2025-11-22 06:11:17 [INFO] [app.main] [Worker-61940] [1763788277472] Fetching cars with filters: ImmutableMultiDict([('page', '999999')])
2025-11-22 06:11:17 [INFO] [app.main] [Worker-61940] [1763788277472] Found 0 cars, returning page 999999/0 with 0 items
2025-11-22 06:11:17 [INFO] [app.main] [Worker-61940] [1763788277472] Response: 200 Duration: 0.011s Size: 131 bytes
2025-11-22 06:11:17 [INFO] [app.main] [Worker-61940] [1763788277526] GET /api/cars from 127.0.0.1 User-Agent: Werkzeug/3.1.3
2025-11-22 06:11:17 [INFO] [app.main] [Worker-61940] [1763788277526] Fetching cars with filters: ImmutableMultiDict([('per_page', '2')])
2025-11-22 06:11:17 [INFO] [app.main] [Worker-61940] [1763788277526] Found 5 cars, returning page 1/3 with 2 items
2025-11-22 06:11:17 [INFO] [app.main] [Worker-61940] [1763788277526] Response: 200 Duration: 0.007s Size: 2452 bytes
2025-11-22 06:11:17 [INFO] [app.main] [Worker-61940] [1763788277572] GET /api/stats from 127.0.0.1 User-Agent: Werkzeug/3.1.3
2025-11-22 06:11:17 [INFO] [app.main] [Worker-61940] [1763788277572] Fetching market statistics
2025-11-22 06:11:17 [INFO] [app.main] [Worker-61940] [1763788277572] Statistics: 1 total cars
2025-11-22 06:11:17 [INFO] [app.main] [Worker-61940] [1763788277572] Response: 200 Duration: 0.015s Size: 217 bytes
2025-11-22 06:11:17 [INFO] [app.main] [Worker-61940] [1763788277622] GET /api/cars from 127.0.0.1 User-Agent: Werkzeug/3.1.3
2025-11-22 06:11:17 [INFO] [app.main] [Worker-61940] [1763788277622] Fetching cars with filters: ImmutableMultiDict([])
2025-11-22 06:11:17 [INFO] [app.main] [Worker-61940] [1763788277622] Found 0 cars, returning page 1/0 with 0 items
2025-11-22 06:11:17 [INFO] [app.main] [Worker-61940] [1763788277622] Response: 200 Duration: 0.006s Size: 127 bytes
2025-11-22 06:11:17 [INFO] [app.main] [Worker-61940] [1763788277657] GET /api/cars from 127.0.0.1 User-Agent: Werkzeug/3.1.3
2025-11-22 06:11:17 [INFO] [app.main] [Worker-61940] [1763788277657] Fetching cars with filters: ImmutableMultiDict([])
2025-11-22 06:11:17 [INFO] [app.main] [Worker-61940] [1763788277657] Found 0 cars, returning page 1/0 with 0 items
2025-11-22 06:11:17 [INFO] [app.main] [Worker-61940] [1763788277657] Response: 200 Duration: 0.007s Size: 127 bytes
2025-11-22 06:11:17 [INFO] [app.main] [Worker-61940] [1763788277691] GET /api/cars from 127.0.0.1 User-Agent: Werkzeug/3.1.3
2025-11-22 06:11:17 [INFO] [app.main] [Worker-61940] [1763788277691] Fetching cars with filters: ImmutableMultiDict([('page', '1'), ('per_page', '10')])
2025-11-22 06:11:17 [INFO] [app.main] [Worker-61940] [1763788277691] Found 0 cars, returning page 1/0 with 0 items
2025-11-22 06:11:17 [INFO] [app.main] [Worker-61940] [1763788277691] Response: 200 Duration: 0.005s Size: 127 bytes
2025-11-22 06:11:17 [INFO] [app.main] [Worker-61940] [1763788277726] GET /api/cars from 127.0.0.1 User-Agent: Werkzeug/3.1.3
2025-11-22 06:11:17 [INFO] [app.main] [Worker-61940] [1763788277726] Fetching cars with filters: ImmutableMultiDict([('brand', 'Toyota'), ('fuel_type', 'Benzin')])
2025-11-22 06:11:17 [INFO] [app.main] [Worker-61940] [1763788277726] Found 0 cars, returning page 1/0 with 0 items
2025-11-22 06:11:17 [INFO] [app.main] [Worker-61940] [1763788277726] Response: 200 Duration: 0.005s Size: 127 bytes
2025-11-22 06:11:17 [INFO] [app.main] [Worker-61940] [1763788277760] GET /api/cars from 127.0.0.1 User-Agent: Werkzeug/3.1.3
2025-11-22 06:11:17 [INFO] [app.main] [Worker-61940] [1763788277760] Fetching cars with filters: ImmutableMultiDict([('q', 'Toyota')])
2025-11-22 06:11:17 [INFO] [app.main] [Worker-61940] [1763788277760] Found 0 cars, returning page 1/0 with 0 items
2025-11-22 06:11:17 [INFO] [app.main] [Worker-61940] [1763788277760] Response: 200 Duration: 0.040s Size: 127 bytes
2025-11-22 06:11:17 [INFO] [app.main] [Worker-61940] [1763788277830] GET /api/cars from 127.0.0.1 User-Agent: Werkzeug/3.1.3
2025-11-22 06:11:17 [INFO] [app.main] [Worker-61940] [1763788277830] Fetching cars with filters: ImmutableMultiDict([('price_min', '100000'), ('price_max', '500000')])
2025-11-22 06:11:17 [INFO] [app.main] [Worker-61940] [1763788277830] Found 0 cars, returning page 1/0 with 0 items
2025-11-22 06:11:17 [INFO] [app.main] [Worker-61940] [1763788277830] Response: 200 Duration: 0.037s Size: 127 bytes
2025-11-22 06:11:17 [INFO] [app.main] [Worker-61940] [1763788277897] GET /api/cars from 127.0.0.1 User-Agent: Werkzeug/3.1.3
2025-11-22 06:11:17 [INFO] [app.main] [Worker-61940] [1763788277897] Fetching cars with filters: ImmutableMultiDict([('year_min', '2018'), ('year_max', '2022')])
2025-11-22 06:11:17 [INFO] [app.main] [Worker-61940] [1763788277897] Found 0 cars, returning page 1/0 with 0 items
2025-11-22 06:11:17 [INFO] [app.main] [Worker-61940] [1763788277897] Response: 200 Duration: 0.039s Size: 127 bytes
2025-11-22 06:11:17 [INFO] [app.main] [Worker-61940] [1763788277966] GET /api/cars/invalid-id-999999 from 127.0.0.1 User-Agent: Werkzeug/3.1.3
2025-11-22 06:11:17 [INFO] [app.main] [Worker-61940] [1763788277966] Fetching car with ID: invalid-id-999999
2025-11-22 06:11:17 [WARNING] [app.main] [Worker-61940] [1763788277966] 404 error: /api/cars/invalid-id-999999
2025-11-22 06:11:17 [INFO] [app.main] [Worker-61940] [1763788277966] Response: 404 Duration: 0.010s Size: 84 bytes
2025-11-22 06:11:18 [INFO] [app.main] [Worker-61940] [1763788278006] GET /api/cars/test-id from 127.0.0.1 User-Agent: Werkzeug/3.1.3
2025-11-22 06:11:18 [INFO] [app.main] [Worker-61940] [1763788278006] Fetching car with ID: test-id
2025-11-22 06:11:18 [WARNING] [app.main] [Worker-61940] [1763788278006] 404 error: /api/cars/test-id
2025-11-22 06:11:18 [INFO] [app.main] [Worker-61940] [1763788278006] Response: 404 Duration: 0.004s Size: 74 bytes
2025-11-22 06:11:18 [INFO] [app.main] [Worker-61940] [1763788278038] GET /api/brands from 127.0.0.1 User-Agent: Werkzeug/3.1.3
2025-11-22 06:11:18 [INFO] [app.main] [Worker-61940] [1763788278038] Fetching brands
2025-11-22 06:11:18 [INFO] [app.main] [Worker-61940] [1763788278038] Found 0 brands
2025-11-22 06:11:18 [INFO] [app.main] [Worker-61940] [1763788278038] Response: 200 Duration: 0.003s Size: 29 bytes
2025-11-22 06:11:18 [INFO] [app.main] [Worker-61940] [1763788278073] GET /api/brands from 127.0.0.1 User-Agent: Werkzeug/3.1.3
2025-11-22 06:11:18 [INFO] [app.main] [Worker-61940] [1763788278073] Fetching brands
2025-11-22 06:11:18 [INFO] [app.main] [Worker-61940] [1763788278073] Found 0 brands
2025-11-22 06:11:18 [INFO] [app.main] [Worker-61940] [1763788278073] Response: 200 Duration: 0.005s Size: 29 bytes
2025-11-22 06:11:18 [INFO] [app.main] [Worker-61940] [1763788278104] GET /api/brands from 127.0.0.1 User-Agent: Werkzeug/3.1.3
2025-11-22 06:11:18 [INFO] [app.main] [Worker-61940] [1763788278104] Fetching brands
2025-11-22 06:11:18 [INFO] [app.main] [Worker-61940] [1763788278104] Found 0 brands
2025-11-22 06:11:18 [INFO] [app.main] [Worker-61940] [1763788278104] Response: 200 Duration: 0.004s Size: 29 bytes
2025-11-22 06:11:18 [INFO] [app.main] [Worker-61940] [1763788278137] GET /api/filters from 127.0.0.1 User-Agent: Werkzeug/3.1.3
2025-11-22 06:11:18 [INFO] [app.main] [Worker-61940] [1763788278137] Fetching filter options
2025-11-22 06:11:18 [INFO] [app.main] [Worker-61940] [1763788278137] Retrieved all filter options successfully
2025-11-22 06:11:18 [INFO] [app.main] [Worker-61940] [1763788278137] Response: 200 Duration: 0.019s Size: 210 bytes
2025-11-22 06:11:18 [INFO] [app.main] [Worker-61940] [1763788278184] GET /api/filters from 127.0.0.1 User-Agent: Werkzeug/3.1.3
2025-11-22 06:11:18 [INFO] [app.main] [Worker-61940] [1763788278184] Fetching filter options
2025-11-22 06:11:18 [INFO] [app.main] [Worker-61940] [1763788278184] Retrieved all filter options successfully
2025-11-22 06:11:18 [INFO] [app.main] [Worker-61940] [1763788278184] Response: 200 Duration: 0.011s Size: 210 bytes
2025-11-22 06:11:18 [INFO] [app.main] [Worker-61940] [1763788278224] GET /api/filters from 127.0.0.1 User-Agent: Werkzeug/3.1.3
2025-11-22 06:11:18 [INFO] [app.main] [Worker-61940] [1763788278224] Fetching filter options
2025-11-22 06:11:18 [INFO] [app.main] [Worker-61940] [1763788278224] Retrieved all filter options successfully
2025-11-22 06:11:18 [INFO] [app.main] [Worker-61940] [1763788278224] Response: 200 Duration: 0.012s Size: 210 bytes
2025-11-22 06:11:18 [INFO] [app.main] [Worker-61940] [1763788278262] GET /api/predict from 127.0.0.1 User-Agent: Werkzeug/3.1.3
2025-11-22 06:11:18 [WARNING] [app.main] [Worker-61940] [1763788278262] 405 error: GET /api/predict
2025-11-22 06:11:18 [INFO] [app.main] [Worker-61940] [1763788278262] Response: 405 Duration: 0.001s Size: 84 bytes
2025-11-22 06:11:18 [INFO] [app.main] [Worker-61940] [1763788278289] POST /api/predict from 127.0.0.1 User-Agent: Werkzeug/3.1.3
2025-11-22 06:11:18 [INFO] [app.main] [Worker-61940] [1763788278289] Request body: {'brand': 'Toyota', 'model': 'Camry', 'year': 2020, 'mileage': 50000, 'fuel_type': 'Benzin', 'transmission': 'Automatisk', 'body_type': 'Sedan', 'horsepower': 200, 'engine_size': 2.5, 'doors': 4, 'color': 'Black'}
2025-11-22 06:11:18 [INFO] [app.main] [Worker-61940] [1763788278289] Price prediction requested for: Toyota Camry 2020
2025-11-22 06:11:18 [INFO] [app.main] [Worker-61940] [1763788278289] Prediction completed in 0.002s: 136601.59 DKK (confidence: 87.0%)
2025-11-22 06:11:18 [INFO] [app.main] [Worker-61940] [1763788278289] Response: 200 Duration: 0.004s Size: 396 bytes
2025-11-22 06:11:18 [INFO] [app.main] [Worker-61940] [1763788278320] POST /api/predict from 127.0.0.1 User-Agent: Werkzeug/3.1.3
2025-11-22 06:11:18 [WARNING] [app.main] [Worker-61940] [1763788278320] Validation error in predict_price: Request body must be valid JSON
2025-11-22 06:11:18 [INFO] [app.main] [Worker-61940] [1763788278320] Response: 400 Duration: 0.001s Size: 60 bytes
2025-11-22 06:11:18 [INFO] [app.main] [Worker-61940] [1763788278351] POST /api/predict from 127.0.0.1 User-Agent: Werkzeug/3.1.3
2025-11-22 06:11:18 [WARNING] [app.main] [Worker-61940] [1763788278351] Validation error in predict_price: Missing required fields: brand, model, year, mileage, fuel_type, transmission, body_type
2025-11-22 06:11:18 [INFO] [app.main] [Worker-61940] [1763788278351] Response: 400 Duration: 0.001s Size: 117 bytes
2025-11-22 06:11:18 [INFO] [app.main] [Worker-61940] [1763788278380] GET /api/health from 127.0.0.1 User-Agent: Werkzeug/3.1.3
2025-11-22 06:11:18 [WARNING] [app.main] [Worker-61940] [1763788278380] 404 error: /api/health
2025-11-22 06:11:18 [INFO] [app.main] [Worker-61940] [1763788278380] Response: 404 Duration: 0.003s Size: 68 bytes
2025-11-22 06:11:18 [INFO] [app.main] [Worker-61940] [1763788278412] GET /api/models from 127.0.0.1 User-Agent: Werkzeug/3.1.3
2025-11-22 06:11:18 [WARNING] [app.main] [Worker-61940] [1763788278412] 404 error: /api/models
2025-11-22 06:11:18 [INFO] [app.main] [Worker-61940] [1763788278412] Response: 404 Duration: 0.002s Size: 68 bytes
2025-11-22 06:11:18 [INFO] [app.main] [Worker-61940] [1763788278445] GET /api/models from 127.0.0.1 User-Agent: Werkzeug/3.1.3
2025-11-22 06:11:18 [WARNING] [app.main] [Worker-61940] [1763788278445] 404 error: /api/models
2025-11-22 06:11:18 [INFO] [app.main] [Worker-61940] [1763788278445] Response: 404 Duration: 0.001s Size: 68 bytes
2025-11-22 06:11:18 [INFO] [app.main] [Worker-61940] [1763788278480] GET /api/models from 127.0.0.1 User-Agent: Werkzeug/3.1.3
2025-11-22 06:11:18 [WARNING] [app.main] [Worker-61940] [1763788278480] 404 error: /api/models
2025-11-22 06:11:18 [INFO] [app.main] [Worker-61940] [1763788278480] Response: 404 Duration: 0.002s Size: 68 bytes
2025-11-22 06:11:18 [INFO] [app.main] [Worker-61940] [1763788278514] GET /api/stats from 127.0.0.1 User-Agent: Werkzeug/3.1.3
2025-11-22 06:11:18 [INFO] [app.main] [Worker-61940] [1763788278514] Fetching market statistics
2025-11-22 06:11:18 [INFO] [app.main] [Worker-61940] [1763788278514] Statistics: 0 total cars
2025-11-22 06:11:18 [INFO] [app.main] [Worker-61940] [1763788278514] Response: 200 Duration: 0.010s Size: 136 bytes
2025-11-22 06:11:18 [INFO] [app.main] [Worker-61940] [1763788278557] GET /api/stats from 127.0.0.1 User-Agent: Werkzeug/3.1.3
2025-11-22 06:11:18 [INFO] [app.main] [Worker-61940] [1763788278557] Fetching market statistics
2025-11-22 06:11:18 [INFO] [app.main] [Worker-61940] [1763788278557] Statistics: 0 total cars
2025-11-22 06:11:18 [INFO] [app.main] [Worker-61940] [1763788278557] Response: 200 Duration: 0.007s Size: 136 bytes
2025-11-22 06:11:18 [INFO] [app.main] [Worker-61940] [1763788278598] GET /api/queue/status from 127.0.0.1 User-Agent: Werkzeug/3.1.3
2025-11-22 06:11:18 [WARNING] [app.main] [Worker-61940] [1763788278598] 404 error: /api/queue/status
2025-11-22 06:11:18 [INFO] [app.main] [Worker-61940] [1763788278598] Response: 404 Duration: 0.002s Size: 74 bytes
2025-11-22 06:11:18 [INFO] [app.main] [Worker-61940] [1763788278630] GET /api/queue/job/test-job-123 from 127.0.0.1 User-Agent: Werkzeug/3.1.3
2025-11-22 06:11:18 [WARNING] [app.main] [Worker-61940] [1763788278630] 404 error: /api/queue/job/test-job-123
2025-11-22 06:11:18 [INFO] [app.main] [Worker-61940] [1763788278630] Response: 404 Duration: 0.001s Size: 84 bytes
2025-11-22 06:11:18 [INFO] [app.main] [Worker-61940] [1763788278663] GET /api/nonexistent-endpoint from 127.0.0.1 User-Agent: Werkzeug/3.1.3
2025-11-22 06:11:18 [WARNING] [app.main] [Worker-61940] [1763788278663] 404 error: /api/nonexistent-endpoint
2025-11-22 06:11:18 [INFO] [app.main] [Worker-61940] [1763788278663] Response: 404 Duration: 0.002s Size: 82 bytes
2025-11-22 06:11:18 [INFO] [app.main] [Worker-61940] [1763788278695] POST /api/predict from 127.0.0.1 User-Agent: Werkzeug/3.1.3
2025-11-22 06:11:18 [WARNING] [app.main] [Worker-61940] [1763788278695] Validation error in predict_price: Request body must be valid JSON
2025-11-22 06:11:18 [INFO] [app.main] [Worker-61940] [1763788278695] Response: 400 Duration: 0.000s Size: 60 bytes
2025-11-22 06:11:18 [INFO] [app.main] [Worker-61940] [1763788278724] POST /api/predict from 127.0.0.1 User-Agent: Werkzeug/3.1.3
2025-11-22 06:11:18 [WARNING] [app.main] [Worker-61940] [1763788278724] Validation error in predict_price: Request body must be valid JSON
2025-11-22 06:11:18 [INFO] [app.main] [Worker-61940] [1763788278724] Response: 400 Duration: 0.001s Size: 60 bytes
2025-11-22 06:11:18 [INFO] [app.main] [Worker-61940] [1763788278762] PUT /api/cars/e9c3bc90-e6cd-4fc6-aad2-81aa8b986b31 from 127.0.0.1 User-Agent: Werkzeug/3.1.3
2025-11-22 06:11:18 [INFO] [app.main] [Worker-61940] [1763788278762] Request body: {'mileage': 60000, 'price': 300000.0}
2025-11-22 06:11:18 [WARNING] [app.main] [Worker-61940] [1763788278762] 405 error: PUT /api/cars/e9c3bc90-e6cd-4fc6-aad2-81aa8b986b31
2025-11-22 06:11:18 [INFO] [app.main] [Worker-61940] [1763788278762] Response: 405 Duration: 0.002s Size: 118 bytes
2025-11-22 06:11:18 [INFO] [app.main] [Worker-61940] [1763788278795] DELETE /api/cars/a4ee2717-7398-4342-8560-6f235edec93e from 127.0.0.1 User-Agent: Werkzeug/3.1.3
2025-11-22 06:11:18 [WARNING] [app.main] [Worker-61940] [1763788278795] 405 error: DELETE /api/cars/a4ee2717-7398-4342-8560-6f235edec93e
2025-11-22 06:11:18 [INFO] [app.main] [Worker-61940] [1763788278795] Response: 405 Duration: 0.002s Size: 121 bytes
2025-11-22 06:11:18 [INFO] [app.main] [Worker-61940] [1763788278824] POST /api/predict from 127.0.0.1 User-Agent: Werkzeug/3.1.3
2025-11-22 06:11:18 [INFO] [app.main] [Worker-61940] [1763788278824] Request body: {'body_type': 'Hatchback', 'brand': 'Volkswagen', 'engine_size': 1.4, 'fuel_type': 'Benzin', 'horsepower': 150, 'mileage': 40000, 'model': 'Golf', 'transmission': 'Manual', 'year': 2019}
2025-11-22 06:11:18 [INFO] [app.main] [Worker-61940] [1763788278824] Price prediction requested for: Volkswagen Golf 2019
2025-11-22 06:11:18 [INFO] [app.main] [Worker-61940] [1763788278824] Prediction completed in 0.000s: 105764.6 DKK (confidence: 87.0%)
2025-11-22 06:11:18 [INFO] [app.main] [Worker-61940] [1763788278824] Response: 200 Duration: 0.006s Size: 372 bytes
2025-11-22 06:11:18 [INFO] [app.main] [Worker-61940] [1763788278863] POST /api/predict from 127.0.0.1 User-Agent: Werkzeug/3.1.3
2025-11-22 06:11:18 [INFO] [app.main] [Worker-61940] [1763788278863] Request body: {'body_type': 'Stationcar', 'brand': 'Ford', 'doors': 5, 'fuel_type': 'Diesel', 'horsepower': 120, 'mileage': 70000, 'model': 'Focus', 'seats': 5, 'transmission': 'Automatic', 'year': 2018}
2025-11-22 06:11:18 [INFO] [app.main] [Worker-61940] [1763788278863] Price prediction requested for: Ford Focus 2018
2025-11-22 06:11:18 [INFO] [app.main] [Worker-61940] [1763788278863] Prediction completed in 0.000s: 75874.62 DKK (confidence: 85.0%)
2025-11-22 06:11:18 [INFO] [app.main] [Worker-61940] [1763788278863] Response: 200 Duration: 0.005s Size: 372 bytes
2025-11-22 06:11:18 [INFO] [app.main] [Worker-61940] [1763788278898] POST /api/predict from 127.0.0.1 User-Agent: Werkzeug/3.1.3
2025-11-22 06:11:18 [INFO] [app.main] [Worker-61940] [1763788278898] Request body: {'body_type': 'Hatchback', 'brand': 'Audi', 'engine_size': 'not_a_number', 'fuel_type': 'Diesel', 'mileage': 30000, 'model': 'A3', 'transmission': 'Automatic', 'year': 2020}
2025-11-22 06:11:18 [INFO] [app.main] [Worker-61940] [1763788278898] Price prediction requested for: Audi A3 2020
2025-11-22 06:11:18 [WARNING] [app.main] [Worker-61940] [1763788278898] Validation error in predict_price: engine_size must be numeric
2025-11-22 06:11:18 [INFO] [app.main] [Worker-61940] [1763788278898] Response: 400 Duration: 0.002s Size: 56 bytes
2025-11-22 06:11:18 [INFO] [app.main] [Worker-61940] [1763788278930] POST /api/predict from 127.0.0.1 User-Agent: Werkzeug/3.1.3
2025-11-22 06:11:18 [INFO] [app.main] [Worker-61940] [1763788278930] Request body: {'body_type': 'Hatchback', 'brand': 'Seat', 'fuel_type': 'Benzin', 'horsepower': 'invalid', 'mileage': 50000, 'model': 'Leon', 'transmission': 'Manual', 'year': 2019}
2025-11-22 06:11:18 [INFO] [app.main] [Worker-61940] [1763788278930] Price prediction requested for: Seat Leon 2019
2025-11-22 06:11:18 [WARNING] [app.main] [Worker-61940] [1763788278930] Validation error in predict_price: horsepower must be an integer
2025-11-22 06:11:18 [INFO] [app.main] [Worker-61940] [1763788278930] Response: 400 Duration: 0.002s Size: 58 bytes
2025-11-22 06:11:18 [INFO] [app.main] [Worker-61940] [1763788278963] POST /api/predict from 127.0.0.1 User-Agent: Werkzeug/3.1.3
2025-11-22 06:11:18 [INFO] [app.main] [Worker-61940] [1763788278963] Request body: {'body_type': 'Sedan', 'brand': 'Skoda', 'fuel_type': 'Diesel', 'mileage': 20000, 'model': 'Octavia', 'transmission': 'Automatic', 'year': 2020}
2025-11-22 06:11:18 [INFO] [app.main] [Worker-61940] [1763788278963] Price prediction requested for: Skoda Octavia 2020
2025-11-22 06:11:18 [INFO] [app.main] [Worker-61940] [1763788278963] Prediction completed in 0.000s: 104229.18 DKK (confidence: 82.0%)
2025-11-22 06:11:18 [INFO] [app.main] [Worker-61940] [1763788278963] Response: 200 Duration: 0.005s Size: 336 bytes
2025-11-22 06:11:19 [INFO] [app.main] [Worker-61940] [1763788279003] POST /api/predict from 127.0.0.1 User-Agent: Werkzeug/3.1.3
2025-11-22 06:11:19 [INFO] [app.main] [Worker-61940] [1763788279003] Request body: {'body_type': 'Hatchback', 'brand': 'Renault', 'fuel_type': 'Benzin', 'mileage': 45000, 'model': 'Clio', 'transmission': 'Manual', 'year': 2019}
2025-11-22 06:11:19 [INFO] [app.main] [Worker-61940] [1763788279003] Price prediction requested for: Renault Clio 2019
2025-11-22 06:11:19 [INFO] [app.main] [Worker-61940] [1763788279003] Queued prediction job c2e2857d-88f5-47aa-860c-16a8fbf3b191 (mode=client_force_queue, priority=100, position=0)
2025-11-22 06:11:19 [INFO] [app.main] [Worker-61940] [1763788279003] Response: 202 Duration: 0.019s Size: 403 bytes
2025-11-22 06:11:19 [INFO] [app.main] [Worker-61940] [1763788279053] GET /api/cars/nonexistent-id-12345 from 127.0.0.1 User-Agent: Werkzeug/3.1.3
2025-11-22 06:11:19 [INFO] [app.main] [Worker-61940] [1763788279053] Fetching car with ID: nonexistent-id-12345
2025-11-22 06:11:19 [WARNING] [app.main] [Worker-61940] [1763788279053] 404 error: /api/cars/nonexistent-id-12345
2025-11-22 06:11:19 [INFO] [app.main] [Worker-61940] [1763788279053] Response: 404 Duration: 0.004s Size: 87 bytes
2025-11-22 06:11:19 [INFO] [app.main] [Worker-61940] [1763788279086] POST /api/cars from 127.0.0.1 User-Agent: Werkzeug/3.1.3
2025-11-22 06:11:19 [INFO] [app.main] [Worker-61940] [1763788279086] Request body: {'body_type': 'Hatchback', 'brand': 'Peugeot', 'color': 'Blue', 'dealer_name': 'Test Dealer', 'doors': 5, 'engine_size': 1.2, 'fuel_type': 'Benzin', 'horsepower': 100, 'location': 'Aarhus', 'mileage': 15000, 'model': '208', 'price': 180000.0, 'seats': 5, 'transmission': 'Automatic', 'year': 2021}
2025-11-22 06:11:19 [INFO] [app.main] [Worker-61940] [1763788279086] Creating new car: Peugeot 208
2025-11-22 06:11:19 [INFO] [app.main] [Worker-61940] [1763788279086] Successfully created car with ID: 163663f3-b093-426d-947e-d79c009c2fbb
2025-11-22 06:11:19 [INFO] [app.main] [Worker-61940] [1763788279086] Response: 201 Duration: 0.010s Size: 1227 bytes
2025-11-22 06:11:19 [INFO] [app.main] [Worker-61940] [1763788279127] GET /api/cars from 127.0.0.1 User-Agent: Werkzeug/3.1.3
2025-11-22 06:11:19 [INFO] [app.main] [Worker-61940] [1763788279127] Fetching cars with filters: ImmutableMultiDict([('brand', 'Toyota'), ('model', 'Camry'), ('fuel_type', 'Benzin'), ('transmission', 'Automatisk'), ('body_type', 'Sedan'), ('min_year', '2015'), ('max_year', '2025'), ('min_price', '100000'), ('max_price', '500000'), ('min_mileage', '0'), ('max_mileage', '100000'), ('page', '1'), ('per_page', '10'), ('sort_by', 'price'), ('sort_order', 'asc')])
2025-11-22 06:11:19 [INFO] [app.main] [Worker-61940] [1763788279127] Found 1 cars, returning page 1/1 with 1 items
2025-11-22 06:11:19 [INFO] [app.main] [Worker-61940] [1763788279127] Response: 200 Duration: 0.038s Size: 1290 bytes
2025-11-22 06:11:19 [INFO] [app.main] [Worker-61940] [1763788279193] POST /api/predict from 127.0.0.1 User-Agent: Werkzeug/3.1.3
2025-11-22 06:11:19 [INFO] [app.main] [Worker-61940] [1763788279193] Request body: {'body_type': 'Hatchback', 'brand': 'Citroen', 'fuel_type': 'Diesel', 'mileage': 'lots', 'model': 'C3', 'transmission': 'Manual', 'year': 2019}
2025-11-22 06:11:19 [INFO] [app.main] [Worker-61940] [1763788279193] Price prediction requested for: Citroen C3 2019
2025-11-22 06:11:19 [WARNING] [app.main] [Worker-61940] [1763788279193] Validation error in predict_price: Mileage must be an integer
2025-11-22 06:11:19 [INFO] [app.main] [Worker-61940] [1763788279193] Response: 400 Duration: 0.003s Size: 55 bytes
2025-11-22 06:11:19 [INFO] [app.main] [Worker-61940] [1763788279228] GET /api/brands from 127.0.0.1 User-Agent: Werkzeug/3.1.3
2025-11-22 06:11:19 [INFO] [app.main] [Worker-61940] [1763788279228] Fetching brands
2025-11-22 06:11:19 [INFO] [app.main] [Worker-61940] [1763788279228] Found 1 brands
2025-11-22 06:11:19 [INFO] [app.main] [Worker-61940] [1763788279228] Response: 200 Duration: 0.004s Size: 56 bytes
2025-11-22 06:11:19 [INFO] [app.main] [Worker-61940] [1763788279265] GET /api/models from 127.0.0.1 User-Agent: Werkzeug/3.1.3
2025-11-22 06:11:19 [WARNING] [app.main] [Worker-61940] [1763788279265] 404 error: /api/models
2025-11-22 06:11:19 [INFO] [app.main] [Worker-61940] [1763788279265] Response: 404 Duration: 0.001s Size: 68 bytes
2025-11-22 06:11:19 [INFO] [app.main] [Worker-61940] [1763788279335] GET /api/filters from 127.0.0.1 User-Agent: Werkzeug/3.1.3
2025-11-22 06:11:19 [INFO] [app.main] [Worker-61940] [1763788279335] Fetching filter options
2025-11-22 06:11:19 [INFO] [app.main] [Worker-61940] [1763788279335] Retrieved all filter options successfully
2025-11-22 06:11:19 [INFO] [app.main] [Worker-61940] [1763788279335] Response: 200 Duration: 0.016s Size: 339 bytes
2025-11-22 06:11:19 [INFO] [app.main] [Worker-61940] [1763788279400] GET /api/cars from 127.0.0.1 User-Agent: Werkzeug/3.1.3
2025-11-22 06:11:19 [INFO] [app.main] [Worker-61940] [1763788279400] Fetching cars with filters: ImmutableMultiDict([('search', 'Toy')])
2025-11-22 06:11:19 [INFO] [app.main] [Worker-61940] [1763788279400] Found 1 cars, returning page 1/1 with 1 items
2025-11-22 06:11:19 [INFO] [app.main] [Worker-61940] [1763788279400] Response: 200 Duration: 0.005s Size: 1290 bytes
2025-11-22 06:11:19 [INFO] [app.main] [Worker-61940] [1763788279440] POST /api/predict from 127.0.0.1 User-Agent: Werkzeug/3.1.3
2025-11-22 06:11:19 [INFO] [app.main] [Worker-61940] [1763788279440] Request body: {'body_type': 'SUV', 'brand': 'Mazda', 'color': 'Red', 'doors': 5, 'engine_size': 2.0, 'fuel_type': 'Benzin', 'horsepower': 165, 'mileage': 25000, 'model': 'CX-5', 'seats': 5, 'transmission': 'Automatic', 'year': 2021}
2025-11-22 06:11:19 [INFO] [app.main] [Worker-61940] [1763788279440] Price prediction requested for: Mazda CX-5 2021
2025-11-22 06:11:19 [INFO] [app.main] [Worker-61940] [1763788279440] Prediction completed in 0.001s: 170278.62 DKK (confidence: 87.0%)
2025-11-22 06:11:19 [INFO] [app.main] [Worker-61940] [1763788279440] Response: 200 Duration: 0.005s Size: 400 bytes
2025-11-22 06:11:19 [INFO] [app.main] [Worker-61940] [1763788279474] POST /api/cars from 127.0.0.1 User-Agent: Werkzeug/3.1.3
2025-11-22 06:11:19 [INFO] [app.main] [Worker-61940] [1763788279474] Request body: {'body_type': 'Hatchback', 'brand': 'Hyundai', 'fuel_type': 'Diesel', 'mileage': 60000, 'model': 'i30', 'price': 140000.0, 'transmission': 'Manual', 'year': 2019}
2025-11-22 06:11:19 [INFO] [app.main] [Worker-61940] [1763788279474] Creating new car: Hyundai i30
2025-11-22 06:11:19 [INFO] [app.main] [Worker-61940] [1763788279474] Successfully created car with ID: d959aa58-bc9c-4736-ae57-4e9a10072289
2025-11-22 06:11:19 [INFO] [app.main] [Worker-61940] [1763788279474] Response: 201 Duration: 0.008s Size: 1217 bytes
2025-11-22 06:11:19 [INFO] [app.main] [Worker-61940] [1763788279514] GET /api/cars from 127.0.0.1 User-Agent: Werkzeug/3.1.3
2025-11-22 06:11:19 [INFO] [app.main] [Worker-61940] [1763788279514] Fetching cars with filters: ImmutableMultiDict([('min_price', '100000')])
2025-11-22 06:11:19 [INFO] [app.main] [Worker-61940] [1763788279514] Found 1 cars, returning page 1/1 with 1 items
2025-11-22 06:11:19 [INFO] [app.main] [Worker-61940] [1763788279514] Response: 200 Duration: 0.006s Size: 1290 bytes
2025-11-22 06:11:19 [INFO] [app.main] [Worker-61940] [1763788279521] GET /api/cars from 127.0.0.1 User-Agent: Werkzeug/3.1.3
2025-11-22 06:11:19 [INFO] [app.main] [Worker-61940] [1763788279521] Fetching cars with filters: ImmutableMultiDict([('max_price', '500000')])
2025-11-22 06:11:19 [INFO] [app.main] [Worker-61940] [1763788279521] Found 1 cars, returning page 1/1 with 1 items
2025-11-22 06:11:19 [INFO] [app.main] [Worker-61940] [1763788279521] Response: 200 Duration: 0.005s Size: 1290 bytes
2025-11-22 06:11:19 [INFO] [app.main] [Worker-61940] [1763788279561] GET /api/cars from 127.0.0.1 User-Agent: Werkzeug/3.1.3
2025-11-22 06:11:19 [INFO] [app.main] [Worker-61940] [1763788279561] Fetching cars with filters: ImmutableMultiDict([('min_year', '2015')])
2025-11-22 06:11:19 [INFO] [app.main] [Worker-61940] [1763788279561] Found 1 cars, returning page 1/1 with 1 items
2025-11-22 06:11:19 [INFO] [app.main] [Worker-61940] [1763788279561] Response: 200 Duration: 0.004s Size: 1290 bytes
2025-11-22 06:11:19 [INFO] [app.main] [Worker-61940] [1763788279567] GET /api/cars from 127.0.0.1 User-Agent: Werkzeug/3.1.3
2025-11-22 06:11:19 [INFO] [app.main] [Worker-61940] [1763788279567] Fetching cars with filters: ImmutableMultiDict([('max_year', '2025')])
2025-11-22 06:11:19 [INFO] [app.main] [Worker-61940] [1763788279567] Found 1 cars, returning page 1/1 with 1 items
2025-11-22 06:11:19 [INFO] [app.main] [Worker-61940] [1763788279567] Response: 200 Duration: 0.004s Size: 1290 bytes
2025-11-22 06:11:19 [INFO] [app.main] [Worker-61940] [1763788279600] GET /api/health from 127.0.0.1 User-Agent: Werkzeug/3.1.3
2025-11-22 06:11:19 [WARNING] [app.main] [Worker-61940] [1763788279600] 404 error: /api/health
2025-11-22 06:11:19 [INFO] [app.main] [Worker-61940] [1763788279600] Response: 404 Duration: 0.001s Size: 68 bytes
2025-11-22 06:11:20 [INFO] [app.ml.predictor] [Worker-61940] Loaded model from C:\Users\Igor Cretu\Desktop\Bachelor\Project\BackEnd\API\app\ml\../../models\best_model_xgboost.pkl
2025-11-22 06:11:20 [INFO] [app.ml.predictor] [Worker-61940] Loaded model from C:\Users\Igor Cretu\Desktop\Bachelor\Project\BackEnd\API\app\ml\../../models\best_model_xgboost.pkl
2025-11-22 06:11:20 [INFO] [app.ml.predictor] [Worker-61940] Loaded model from C:\Users\Igor Cretu\Desktop\Bachelor\Project\BackEnd\API\app\ml\../../models\best_model_xgboost.pkl
2025-11-22 06:11:20 [INFO] [app.ml.predictor] [Worker-61940] Loaded model from C:\Users\Igor Cretu\Desktop\Bachelor\Project\BackEnd\API\app\ml\../../models\best_model_xgboost.pkl
2025-11-22 06:11:47 [INFO] [app.main] [Worker-21652] ================================================================================
2025-11-22 06:11:47 [INFO] [app.main] [Worker-21652] INITIALIZING BPR BACKEND API
2025-11-22 06:11:47 [INFO] [app.main] [Worker-21652] ================================================================================
2025-11-22 06:11:47 [INFO] [app.main] [Worker-21652] CORS locked to: ['https://bpr-g26.netlify.app', 'https://test.bachelorproject26.site', 'https://bachelorproject26.site', 'http://localhost:5173', 'http://127.0.0.1:5173', 'https://carpredict.netlify.app']
2025-11-22 06:11:47 [INFO] [app.main] [Worker-21652] Database URL configured: localhost
2025-11-22 06:11:47 [INFO] [app.main] [Worker-21652] Database initialized with connection pooling
2025-11-22 06:11:47 [INFO] [app.main] [Worker-21652] Initializing ML predictor...
2025-11-22 06:11:49 [INFO] [app.ml.predictor] [Worker-21652] Loaded model from C:\Users\Igor Cretu\Desktop\Bachelor\Project\BackEnd\API\app\ml\../../models\best_model_xgboost.pkl
2025-11-22 06:11:49 [INFO] [app.main] [Worker-21652] ML Predictor initialized: {'version': 'v1.0.0-heuristic', 'loaded': False, 'type': 'heuristic', 'model_name': 'N/A', 'test_r2': 'N/A', 'test_mae': 'N/A', 'features_count': 0}
2025-11-22 06:11:49 [INFO] [app.main] [Worker-21652] Application loaded by WSGI server
2025-11-22 06:11:49 [INFO] [app.main] [Worker-21652] Configuration: {}
2025-11-22 06:11:50 [INFO] [app.main] [Worker-21652] [1763788310350] POST /api/cars from 127.0.0.1 User-Agent: Werkzeug/3.1.3
2025-11-22 06:11:50 [INFO] [app.main] [Worker-21652] [1763788310350] Request body: {'body_type': 'Sedan', 'brand': 'BMW', 'fuel_type': 'Diesel', 'mileage': 50000, 'model': '320d', 'price': 250000.0, 'transmission': 'Automatic', 'year': 2020}
2025-11-22 06:11:50 [INFO] [app.main] [Worker-21652] [1763788310350] Creating new car: BMW 320d
2025-11-22 06:11:50 [INFO] [app.main] [Worker-21652] [1763788310350] Successfully created car with ID: 8cc44060-f725-4ce8-be67-f055e188150c
2025-11-22 06:11:50 [INFO] [app.main] [Worker-21652] [1763788310350] Response: 201 Duration: 0.176s Size: 1213 bytes
2025-11-22 06:11:50 [INFO] [app.main] [Worker-21652] [1763788310563] POST /api/cars from 127.0.0.1 User-Agent: Werkzeug/3.1.3
2025-11-22 06:11:50 [INFO] [app.main] [Worker-21652] [1763788310563] Request body: {'brand': 'BMW', 'model': '320d'}
2025-11-22 06:11:50 [WARNING] [app.main] [Worker-21652] [1763788310563] Validation error in create_car: Missing required fields: year, mileage, fuel_type, transmission, body_type, price
2025-11-22 06:11:50 [INFO] [app.main] [Worker-21652] [1763788310563] Response: 400 Duration: 0.002s Size: 110 bytes
2025-11-22 06:11:50 [INFO] [app.main] [Worker-21652] [1763788310592] POST /api/cars from 127.0.0.1 User-Agent: Werkzeug/3.1.3
2025-11-22 06:11:50 [INFO] [app.main] [Worker-21652] [1763788310592] Request body: {'body_type': 'Sedan', 'brand': 'BMW', 'fuel_type': 'Diesel', 'mileage': 50000, 'model': '320d', 'price': 250000.0, 'transmission': 'Automatic', 'year': 'not_a_year'}
2025-11-22 06:11:50 [INFO] [app.main] [Worker-21652] [1763788310592] Creating new car: BMW 320d
2025-11-22 06:11:50 [WARNING] [app.main] [Worker-21652] [1763788310592] Validation error in create_car: Year must be an integer
2025-11-22 06:11:50 [INFO] [app.main] [Worker-21652] [1763788310592] Response: 400 Duration: 0.003s Size: 52 bytes
2025-11-22 06:11:50 [INFO] [app.main] [Worker-21652] [1763788310634] GET /api/cars/test-car-123 from 127.0.0.1 User-Agent: Werkzeug/3.1.3
2025-11-22 06:11:50 [INFO] [app.main] [Worker-21652] [1763788310634] Fetching car with ID: test-car-123
2025-11-22 06:11:50 [INFO] [app.main] [Worker-21652] [1763788310634] Successfully retrieved car test-car-123
2025-11-22 06:11:50 [INFO] [app.main] [Worker-21652] [1763788310634] Response: 200 Duration: 0.012s Size: 1163 bytes
2025-11-22 06:11:50 [INFO] [app.main] [Worker-21652] [1763788310672] POST /api/predict from 127.0.0.1 User-Agent: Werkzeug/3.1.3
2025-11-22 06:11:50 [INFO] [app.main] [Worker-21652] [1763788310672] Request body: {'body_type': 'Sedan', 'brand': 'Audi', 'fuel_type': 'Diesel', 'mileage': 60000, 'model': 'A4', 'transmission': 'Automatic', 'year': 2019}
2025-11-22 06:11:50 [INFO] [app.main] [Worker-21652] [1763788310672] Price prediction requested for: Audi A4 2019
2025-11-22 06:11:50 [INFO] [app.main] [Worker-21652] [1763788310672] Prediction completed in 0.000s: 162121.7 DKK (confidence: 82.0%)
2025-11-22 06:11:50 [INFO] [app.main] [Worker-21652] [1763788310672] Response: 200 Duration: 0.009s Size: 328 bytes
2025-11-22 06:11:50 [INFO] [app.main] [Worker-21652] [1763788310710] GET /api/queue/job/nonexistent-id from 127.0.0.1 User-Agent: Werkzeug/3.1.3
2025-11-22 06:11:50 [WARNING] [app.main] [Worker-21652] [1763788310710] 404 error: /api/queue/job/nonexistent-id
2025-11-22 06:11:50 [INFO] [app.main] [Worker-21652] [1763788310710] Response: 404 Duration: 0.001s Size: 86 bytes
2025-11-22 06:11:50 [INFO] [app.main] [Worker-21652] [1763788310741] GET /api/cars from 127.0.0.1 User-Agent: Werkzeug/3.1.3
2025-11-22 06:11:50 [INFO] [app.main] [Worker-21652] [1763788310741] Fetching cars with filters: ImmutableMultiDict([('brand', 'Toyota'), ('fuel_type', 'Diesel'), ('min_year', '2018')])
2025-11-22 06:11:50 [INFO] [app.main] [Worker-21652] [1763788310741] Found 0 cars, returning page 1/0 with 0 items
2025-11-22 06:11:50 [INFO] [app.main] [Worker-21652] [1763788310741] Response: 200 Duration: 0.034s Size: 127 bytes
2025-11-22 06:11:50 [INFO] [app.main] [Worker-21652] [1763788310807] GET /api/cars from 127.0.0.1 User-Agent: Werkzeug/3.1.3
2025-11-22 06:11:50 [INFO] [app.main] [Worker-21652] [1763788310807] Fetching cars with filters: ImmutableMultiDict([('search', 'Toyota')])
2025-11-22 06:11:50 [INFO] [app.main] [Worker-21652] [1763788310807] Found 1 cars, returning page 1/1 with 1 items
2025-11-22 06:11:50 [INFO] [app.main] [Worker-21652] [1763788310807] Response: 200 Duration: 0.031s Size: 1266 bytes
2025-11-22 06:11:50 [INFO] [app.main] [Worker-21652] [1763788310873] GET /api/cars from 127.0.0.1 User-Agent: Werkzeug/3.1.3
2025-11-22 06:11:50 [INFO] [app.main] [Worker-21652] [1763788310873] Fetching cars with filters: ImmutableMultiDict([('sort_by', 'price'), ('sort_order', 'desc')])
2025-11-22 06:11:50 [INFO] [app.main] [Worker-21652] [1763788310873] Found 3 cars, returning page 1/1 with 3 items
2025-11-22 06:11:50 [INFO] [app.main] [Worker-21652] [1763788310873] Response: 200 Duration: 0.013s Size: 3618 bytes
2025-11-22 06:11:50 [INFO] [app.main] [Worker-21652] [1763788310921] GET /api/brands from 127.0.0.1 User-Agent: Werkzeug/3.1.3
2025-11-22 06:11:50 [INFO] [app.main] [Worker-21652] [1763788310921] Fetching brands
2025-11-22 06:11:50 [INFO] [app.main] [Worker-21652] [1763788310921] Found 1 brands
2025-11-22 06:11:50 [INFO] [app.main] [Worker-21652] [1763788310921] Response: 200 Duration: 0.005s Size: 56 bytes
2025-11-22 06:11:50 [INFO] [app.main] [Worker-21652] [1763788310957] POST /api/predict from 127.0.0.1 User-Agent: Werkzeug/3.1.3
2025-11-22 06:11:50 [INFO] [app.main] [Worker-21652] [1763788310957] Request body: {'body_type': 'Sedan', 'brand': 'Mercedes', 'doors': 4, 'engine_size': 2.0, 'fuel_type': 'Diesel', 'horsepower': 200, 'mileage': 30000, 'model': 'C-Class', 'seats': 5, 'transmission': 'Automatic', 'year': 2021}
2025-11-22 06:11:50 [INFO] [app.main] [Worker-21652] [1763788310957] Price prediction requested for: Mercedes C-Class 2021
2025-11-22 06:11:50 [INFO] [app.main] [Worker-21652] [1763788310957] Prediction completed in 0.000s: 145563.82 DKK (confidence: 87.0%)
2025-11-22 06:11:50 [INFO] [app.main] [Worker-21652] [1763788310957] Response: 200 Duration: 0.005s Size: 394 bytes
2025-11-22 06:11:50 [INFO] [app.main] [Worker-21652] [1763788310993] POST /api/predict from 127.0.0.1 User-Agent: Werkzeug/3.1.3
2025-11-22 06:11:50 [INFO] [app.main] [Worker-21652] [1763788310993] Request body: {'body_type': 'Sedan', 'brand': 'Mercedes', 'fuel_type': 'Diesel', 'mileage': 30000, 'model': 'C-Class', 'transmission': 'Automatic', 'year': 'invalid'}
2025-11-22 06:11:50 [INFO] [app.main] [Worker-21652] [1763788310993] Price prediction requested for: Mercedes C-Class invalid
2025-11-22 06:11:50 [WARNING] [app.main] [Worker-21652] [1763788310993] Validation error in predict_price: Year must be an integer
2025-11-22 06:11:50 [INFO] [app.main] [Worker-21652] [1763788310993] Response: 400 Duration: 0.002s Size: 52 bytes
2025-11-22 06:11:51 [INFO] [app.main] [Worker-21652] [1763788311023] GET /api/cars from 127.0.0.1 User-Agent: Werkzeug/3.1.3
2025-11-22 06:11:51 [INFO] [app.main] [Worker-21652] [1763788311023] Fetching cars with filters: ImmutableMultiDict([('page', '999999')])
2025-11-22 06:11:51 [INFO] [app.main] [Worker-21652] [1763788311023] Found 0 cars, returning page 999999/0 with 0 items
2025-11-22 06:11:51 [INFO] [app.main] [Worker-21652] [1763788311023] Response: 200 Duration: 0.007s Size: 131 bytes
2025-11-22 06:11:51 [INFO] [app.main] [Worker-21652] [1763788311071] GET /api/cars from 127.0.0.1 User-Agent: Werkzeug/3.1.3
2025-11-22 06:11:51 [INFO] [app.main] [Worker-21652] [1763788311071] Fetching cars with filters: ImmutableMultiDict([('per_page', '2')])
2025-11-22 06:11:51 [INFO] [app.main] [Worker-21652] [1763788311071] Found 5 cars, returning page 1/3 with 2 items
2025-11-22 06:11:51 [INFO] [app.main] [Worker-21652] [1763788311071] Response: 200 Duration: 0.007s Size: 2452 bytes
2025-11-22 06:11:51 [INFO] [app.main] [Worker-21652] [1763788311111] GET /api/stats from 127.0.0.1 User-Agent: Werkzeug/3.1.3
2025-11-22 06:11:51 [INFO] [app.main] [Worker-21652] [1763788311111] Fetching market statistics
2025-11-22 06:11:51 [INFO] [app.main] [Worker-21652] [1763788311111] Statistics: 1 total cars
2025-11-22 06:11:51 [INFO] [app.main] [Worker-21652] [1763788311111] Response: 200 Duration: 0.015s Size: 217 bytes
2025-11-22 06:11:51 [INFO] [app.main] [Worker-21652] [1763788311157] GET /api/cars from 127.0.0.1 User-Agent: Werkzeug/3.1.3
2025-11-22 06:11:51 [INFO] [app.main] [Worker-21652] [1763788311157] Fetching cars with filters: ImmutableMultiDict([])
2025-11-22 06:11:51 [INFO] [app.main] [Worker-21652] [1763788311157] Found 0 cars, returning page 1/0 with 0 items
2025-11-22 06:11:51 [INFO] [app.main] [Worker-21652] [1763788311157] Response: 200 Duration: 0.006s Size: 127 bytes
2025-11-22 06:11:51 [INFO] [app.main] [Worker-21652] [1763788311193] GET /api/cars from 127.0.0.1 User-Agent: Werkzeug/3.1.3
2025-11-22 06:11:51 [INFO] [app.main] [Worker-21652] [1763788311193] Fetching cars with filters: ImmutableMultiDict([])
2025-11-22 06:11:51 [INFO] [app.main] [Worker-21652] [1763788311193] Found 0 cars, returning page 1/0 with 0 items
2025-11-22 06:11:51 [INFO] [app.main] [Worker-21652] [1763788311193] Response: 200 Duration: 0.005s Size: 127 bytes
2025-11-22 06:11:51 [INFO] [app.main] [Worker-21652] [1763788311226] GET /api/cars from 127.0.0.1 User-Agent: Werkzeug/3.1.3
2025-11-22 06:11:51 [INFO] [app.main] [Worker-21652] [1763788311226] Fetching cars with filters: ImmutableMultiDict([('page', '1'), ('per_page', '10')])
2025-11-22 06:11:51 [INFO] [app.main] [Worker-21652] [1763788311226] Found 0 cars, returning page 1/0 with 0 items
2025-11-22 06:11:51 [INFO] [app.main] [Worker-21652] [1763788311226] Response: 200 Duration: 0.006s Size: 127 bytes
2025-11-22 06:11:51 [INFO] [app.main] [Worker-21652] [1763788311264] GET /api/cars from 127.0.0.1 User-Agent: Werkzeug/3.1.3
2025-11-22 06:11:51 [INFO] [app.main] [Worker-21652] [1763788311264] Fetching cars with filters: ImmutableMultiDict([('brand', 'Toyota'), ('fuel_type', 'Benzin')])
2025-11-22 06:11:51 [INFO] [app.main] [Worker-21652] [1763788311264] Found 0 cars, returning page 1/0 with 0 items
2025-11-22 06:11:51 [INFO] [app.main] [Worker-21652] [1763788311264] Response: 200 Duration: 0.006s Size: 127 bytes
2025-11-22 06:11:51 [INFO] [app.main] [Worker-21652] [1763788311298] GET /api/cars from 127.0.0.1 User-Agent: Werkzeug/3.1.3
2025-11-22 06:11:51 [INFO] [app.main] [Worker-21652] [1763788311298] Fetching cars with filters: ImmutableMultiDict([('q', 'Toyota')])
2025-11-22 06:11:51 [INFO] [app.main] [Worker-21652] [1763788311298] Found 0 cars, returning page 1/0 with 0 items
2025-11-22 06:11:51 [INFO] [app.main] [Worker-21652] [1763788311298] Response: 200 Duration: 0.032s Size: 127 bytes
2025-11-22 06:11:51 [INFO] [app.main] [Worker-21652] [1763788311359] GET /api/cars from 127.0.0.1 User-Agent: Werkzeug/3.1.3
2025-11-22 06:11:51 [INFO] [app.main] [Worker-21652] [1763788311359] Fetching cars with filters: ImmutableMultiDict([('price_min', '100000'), ('price_max', '500000')])
2025-11-22 06:11:51 [INFO] [app.main] [Worker-21652] [1763788311359] Found 0 cars, returning page 1/0 with 0 items
2025-11-22 06:11:51 [INFO] [app.main] [Worker-21652] [1763788311359] Response: 200 Duration: 0.034s Size: 127 bytes
2025-11-22 06:11:51 [INFO] [app.main] [Worker-21652] [1763788311418] GET /api/cars from 127.0.0.1 User-Agent: Werkzeug/3.1.3
2025-11-22 06:11:51 [INFO] [app.main] [Worker-21652] [1763788311418] Fetching cars with filters: ImmutableMultiDict([('year_min', '2018'), ('year_max', '2022')])
2025-11-22 06:11:51 [INFO] [app.main] [Worker-21652] [1763788311418] Found 0 cars, returning page 1/0 with 0 items
2025-11-22 06:11:51 [INFO] [app.main] [Worker-21652] [1763788311418] Response: 200 Duration: 0.033s Size: 127 bytes
2025-11-22 06:11:51 [INFO] [app.main] [Worker-21652] [1763788311479] GET /api/cars/invalid-id-999999 from 127.0.0.1 User-Agent: Werkzeug/3.1.3
2025-11-22 06:11:51 [INFO] [app.main] [Worker-21652] [1763788311479] Fetching car with ID: invalid-id-999999
2025-11-22 06:11:51 [WARNING] [app.main] [Worker-21652] [1763788311479] 404 error: /api/cars/invalid-id-999999
2025-11-22 06:11:51 [INFO] [app.main] [Worker-21652] [1763788311479] Response: 404 Duration: 0.008s Size: 84 bytes
2025-11-22 06:11:51 [INFO] [app.main] [Worker-21652] [1763788311514] GET /api/cars/test-id from 127.0.0.1 User-Agent: Werkzeug/3.1.3
2025-11-22 06:11:51 [INFO] [app.main] [Worker-21652] [1763788311514] Fetching car with ID: test-id
2025-11-22 06:11:51 [WARNING] [app.main] [Worker-21652] [1763788311514] 404 error: /api/cars/test-id
2025-11-22 06:11:51 [INFO] [app.main] [Worker-21652] [1763788311514] Response: 404 Duration: 0.006s Size: 74 bytes
2025-11-22 06:11:51 [INFO] [app.main] [Worker-21652] [1763788311550] GET /api/brands from 127.0.0.1 User-Agent: Werkzeug/3.1.3
2025-11-22 06:11:51 [INFO] [app.main] [Worker-21652] [1763788311550] Fetching brands
2025-11-22 06:11:51 [INFO] [app.main] [Worker-21652] [1763788311550] Found 0 brands
2025-11-22 06:11:51 [INFO] [app.main] [Worker-21652] [1763788311550] Response: 200 Duration: 0.005s Size: 29 bytes
2025-11-22 06:11:51 [INFO] [app.main] [Worker-21652] [1763788311580] GET /api/brands from 127.0.0.1 User-Agent: Werkzeug/3.1.3
2025-11-22 06:11:51 [INFO] [app.main] [Worker-21652] [1763788311580] Fetching brands
2025-11-22 06:11:51 [INFO] [app.main] [Worker-21652] [1763788311580] Found 0 brands
2025-11-22 06:11:51 [INFO] [app.main] [Worker-21652] [1763788311580] Response: 200 Duration: 0.002s Size: 29 bytes
2025-11-22 06:11:51 [INFO] [app.main] [Worker-21652] [1763788311611] GET /api/brands from 127.0.0.1 User-Agent: Werkzeug/3.1.3
2025-11-22 06:11:51 [INFO] [app.main] [Worker-21652] [1763788311611] Fetching brands
2025-11-22 06:11:51 [INFO] [app.main] [Worker-21652] [1763788311611] Found 0 brands
2025-11-22 06:11:51 [INFO] [app.main] [Worker-21652] [1763788311611] Response: 200 Duration: 0.003s Size: 29 bytes
2025-11-22 06:11:51 [INFO] [app.main] [Worker-21652] [1763788311641] GET /api/filters from 127.0.0.1 User-Agent: Werkzeug/3.1.3
2025-11-22 06:11:51 [INFO] [app.main] [Worker-21652] [1763788311641] Fetching filter options
2025-11-22 06:11:51 [INFO] [app.main] [Worker-21652] [1763788311641] Retrieved all filter options successfully
2025-11-22 06:11:51 [INFO] [app.main] [Worker-21652] [1763788311641] Response: 200 Duration: 0.018s Size: 210 bytes
2025-11-22 06:11:51 [INFO] [app.main] [Worker-21652] [1763788311683] GET /api/filters from 127.0.0.1 User-Agent: Werkzeug/3.1.3
2025-11-22 06:11:51 [INFO] [app.main] [Worker-21652] [1763788311683] Fetching filter options
2025-11-22 06:11:51 [INFO] [app.main] [Worker-21652] [1763788311683] Retrieved all filter options successfully
2025-11-22 06:11:51 [INFO] [app.main] [Worker-21652] [1763788311683] Response: 200 Duration: 0.008s Size: 210 bytes
2025-11-22 06:11:51 [INFO] [app.main] [Worker-21652] [1763788311716] GET /api/filters from 127.0.0.1 User-Agent: Werkzeug/3.1.3
2025-11-22 06:11:51 [INFO] [app.main] [Worker-21652] [1763788311716] Fetching filter options
2025-11-22 06:11:51 [INFO] [app.main] [Worker-21652] [1763788311716] Retrieved all filter options successfully
2025-11-22 06:11:51 [INFO] [app.main] [Worker-21652] [1763788311716] Response: 200 Duration: 0.009s Size: 210 bytes
2025-11-22 06:11:51 [INFO] [app.main] [Worker-21652] [1763788311752] GET /api/predict from 127.0.0.1 User-Agent: Werkzeug/3.1.3
2025-11-22 06:11:51 [WARNING] [app.main] [Worker-21652] [1763788311752] 405 error: GET /api/predict
2025-11-22 06:11:51 [INFO] [app.main] [Worker-21652] [1763788311752] Response: 405 Duration: 0.002s Size: 84 bytes
2025-11-22 06:11:51 [INFO] [app.main] [Worker-21652] [1763788311778] POST /api/predict from 127.0.0.1 User-Agent: Werkzeug/3.1.3
2025-11-22 06:11:51 [INFO] [app.main] [Worker-21652] [1763788311778] Request body: {'brand': 'Toyota', 'model': 'Camry', 'year': 2020, 'mileage': 50000, 'fuel_type': 'Benzin', 'transmission': 'Automatisk', 'body_type': 'Sedan', 'horsepower': 200, 'engine_size': 2.5, 'doors': 4, 'color': 'Black'}
2025-11-22 06:11:51 [INFO] [app.main] [Worker-21652] [1763788311778] Price prediction requested for: Toyota Camry 2020
2025-11-22 06:11:51 [INFO] [app.main] [Worker-21652] [1763788311778] Prediction completed in 0.000s: 136601.59 DKK (confidence: 87.0%)
2025-11-22 06:11:51 [INFO] [app.main] [Worker-21652] [1763788311778] Response: 200 Duration: 0.005s Size: 396 bytes
2025-11-22 06:11:51 [INFO] [app.main] [Worker-21652] [1763788311812] POST /api/predict from 127.0.0.1 User-Agent: Werkzeug/3.1.3
2025-11-22 06:11:51 [WARNING] [app.main] [Worker-21652] [1763788311812] Validation error in predict_price: Request body must be valid JSON
2025-11-22 06:11:51 [INFO] [app.main] [Worker-21652] [1763788311812] Response: 400 Duration: 0.000s Size: 60 bytes
2025-11-22 06:11:51 [INFO] [app.main] [Worker-21652] [1763788311835] POST /api/predict from 127.0.0.1 User-Agent: Werkzeug/3.1.3
2025-11-22 06:11:51 [WARNING] [app.main] [Worker-21652] [1763788311835] Validation error in predict_price: Missing required fields: brand, model, year, mileage, fuel_type, transmission, body_type
2025-11-22 06:11:51 [INFO] [app.main] [Worker-21652] [1763788311835] Response: 400 Duration: 0.001s Size: 117 bytes
2025-11-22 06:11:51 [INFO] [app.main] [Worker-21652] [1763788311865] GET /api/health from 127.0.0.1 User-Agent: Werkzeug/3.1.3
2025-11-22 06:11:51 [WARNING] [app.main] [Worker-21652] [1763788311865] 404 error: /api/health
2025-11-22 06:11:51 [INFO] [app.main] [Worker-21652] [1763788311865] Response: 404 Duration: 0.001s Size: 68 bytes
2025-11-22 06:11:51 [INFO] [app.main] [Worker-21652] [1763788311894] GET /api/models from 127.0.0.1 User-Agent: Werkzeug/3.1.3
2025-11-22 06:11:51 [WARNING] [app.main] [Worker-21652] [1763788311894] 404 error: /api/models
2025-11-22 06:11:51 [INFO] [app.main] [Worker-21652] [1763788311894] Response: 404 Duration: 0.002s Size: 68 bytes
2025-11-22 06:11:51 [INFO] [app.main] [Worker-21652] [1763788311921] GET /api/models from 127.0.0.1 User-Agent: Werkzeug/3.1.3
2025-11-22 06:11:51 [WARNING] [app.main] [Worker-21652] [1763788311921] 404 error: /api/models
2025-11-22 06:11:51 [INFO] [app.main] [Worker-21652] [1763788311921] Response: 404 Duration: 0.002s Size: 68 bytes
2025-11-22 06:11:51 [INFO] [app.main] [Worker-21652] [1763788311949] GET /api/models from 127.0.0.1 User-Agent: Werkzeug/3.1.3
2025-11-22 06:11:51 [WARNING] [app.main] [Worker-21652] [1763788311949] 404 error: /api/models
2025-11-22 06:11:51 [INFO] [app.main] [Worker-21652] [1763788311949] Response: 404 Duration: 0.002s Size: 68 bytes
2025-11-22 06:11:51 [INFO] [app.main] [Worker-21652] [1763788311980] GET /api/stats from 127.0.0.1 User-Agent: Werkzeug/3.1.3
2025-11-22 06:11:51 [INFO] [app.main] [Worker-21652] [1763788311980] Fetching market statistics
2025-11-22 06:11:51 [INFO] [app.main] [Worker-21652] [1763788311980] Statistics: 0 total cars
2025-11-22 06:11:51 [INFO] [app.main] [Worker-21652] [1763788311980] Response: 200 Duration: 0.008s Size: 136 bytes
2025-11-22 06:11:52 [INFO] [app.main] [Worker-21652] [1763788312018] GET /api/stats from 127.0.0.1 User-Agent: Werkzeug/3.1.3
2025-11-22 06:11:52 [INFO] [app.main] [Worker-21652] [1763788312018] Fetching market statistics
2025-11-22 06:11:52 [INFO] [app.main] [Worker-21652] [1763788312018] Statistics: 0 total cars
2025-11-22 06:11:52 [INFO] [app.main] [Worker-21652] [1763788312018] Response: 200 Duration: 0.007s Size: 136 bytes
2025-11-22 06:11:52 [INFO] [app.main] [Worker-21652] [1763788312049] GET /api/queue/status from 127.0.0.1 User-Agent: Werkzeug/3.1.3
2025-11-22 06:11:52 [WARNING] [app.main] [Worker-21652] [1763788312049] 404 error: /api/queue/status
2025-11-22 06:11:52 [INFO] [app.main] [Worker-21652] [1763788312049] Response: 404 Duration: 0.003s Size: 74 bytes
2025-11-22 06:11:52 [INFO] [app.main] [Worker-21652] [1763788312077] GET /api/queue/job/test-job-123 from 127.0.0.1 User-Agent: Werkzeug/3.1.3
2025-11-22 06:11:52 [WARNING] [app.main] [Worker-21652] [1763788312077] 404 error: /api/queue/job/test-job-123
2025-11-22 06:11:52 [INFO] [app.main] [Worker-21652] [1763788312077] Response: 404 Duration: 0.002s Size: 84 bytes
2025-11-22 06:11:52 [INFO] [app.main] [Worker-21652] [1763788312104] GET /api/nonexistent-endpoint from 127.0.0.1 User-Agent: Werkzeug/3.1.3
2025-11-22 06:11:52 [WARNING] [app.main] [Worker-21652] [1763788312104] 404 error: /api/nonexistent-endpoint
2025-11-22 06:11:52 [INFO] [app.main] [Worker-21652] [1763788312104] Response: 404 Duration: 0.002s Size: 82 bytes
2025-11-22 06:11:52 [INFO] [app.main] [Worker-21652] [1763788312133] POST /api/predict from 127.0.0.1 User-Agent: Werkzeug/3.1.3
2025-11-22 06:11:52 [WARNING] [app.main] [Worker-21652] [1763788312133] Validation error in predict_price: Request body must be valid JSON
2025-11-22 06:11:52 [INFO] [app.main] [Worker-21652] [1763788312133] Response: 400 Duration: 0.002s Size: 60 bytes
2025-11-22 06:11:52 [INFO] [app.main] [Worker-21652] [1763788312162] POST /api/predict from 127.0.0.1 User-Agent: Werkzeug/3.1.3
2025-11-22 06:11:52 [WARNING] [app.main] [Worker-21652] [1763788312162] Validation error in predict_price: Request body must be valid JSON
2025-11-22 06:11:52 [INFO] [app.main] [Worker-21652] [1763788312162] Response: 400 Duration: 0.002s Size: 60 bytes
2025-11-22 06:11:52 [INFO] [app.main] [Worker-21652] [1763788312199] PUT /api/cars/d74ff590-653c-4216-b379-0b95b7d3bc1d from 127.0.0.1 User-Agent: Werkzeug/3.1.3
2025-11-22 06:11:52 [INFO] [app.main] [Worker-21652] [1763788312199] Request body: {'mileage': 60000, 'price': 300000.0}
2025-11-22 06:11:52 [WARNING] [app.main] [Worker-21652] [1763788312199] 405 error: PUT /api/cars/d74ff590-653c-4216-b379-0b95b7d3bc1d
2025-11-22 06:11:52 [INFO] [app.main] [Worker-21652] [1763788312199] Response: 405 Duration: 0.003s Size: 118 bytes
2025-11-22 06:11:52 [INFO] [app.main] [Worker-21652] [1763788312232] DELETE /api/cars/7e59b30e-7661-45c3-81c4-2838c76d29f5 from 127.0.0.1 User-Agent: Werkzeug/3.1.3
2025-11-22 06:11:52 [WARNING] [app.main] [Worker-21652] [1763788312232] 405 error: DELETE /api/cars/7e59b30e-7661-45c3-81c4-2838c76d29f5
2025-11-22 06:11:52 [INFO] [app.main] [Worker-21652] [1763788312232] Response: 405 Duration: 0.002s Size: 121 bytes
2025-11-22 06:11:52 [INFO] [app.main] [Worker-21652] [1763788312266] POST /api/predict from 127.0.0.1 User-Agent: Werkzeug/3.1.3
2025-11-22 06:11:52 [INFO] [app.main] [Worker-21652] [1763788312266] Request body: {'body_type': 'Hatchback', 'brand': 'Volkswagen', 'engine_size': 1.4, 'fuel_type': 'Benzin', 'horsepower': 150, 'mileage': 40000, 'model': 'Golf', 'transmission': 'Manual', 'year': 2019}
2025-11-22 06:11:52 [INFO] [app.main] [Worker-21652] [1763788312266] Price prediction requested for: Volkswagen Golf 2019
2025-11-22 06:11:52 [INFO] [app.main] [Worker-21652] [1763788312266] Prediction completed in 0.002s: 105764.6 DKK (confidence: 87.0%)
2025-11-22 06:11:52 [INFO] [app.main] [Worker-21652] [1763788312266] Response: 200 Duration: 0.005s Size: 372 bytes
2025-11-22 06:11:52 [INFO] [app.main] [Worker-21652] [1763788312301] POST /api/predict from 127.0.0.1 User-Agent: Werkzeug/3.1.3
2025-11-22 06:11:52 [INFO] [app.main] [Worker-21652] [1763788312301] Request body: {'body_type': 'Stationcar', 'brand': 'Ford', 'doors': 5, 'fuel_type': 'Diesel', 'horsepower': 120, 'mileage': 70000, 'model': 'Focus', 'seats': 5, 'transmission': 'Automatic', 'year': 2018}
2025-11-22 06:11:52 [INFO] [app.main] [Worker-21652] [1763788312301] Price prediction requested for: Ford Focus 2018
2025-11-22 06:11:52 [INFO] [app.main] [Worker-21652] [1763788312301] Prediction completed in 0.000s: 75874.62 DKK (confidence: 85.0%)
2025-11-22 06:11:52 [INFO] [app.main] [Worker-21652] [1763788312301] Response: 200 Duration: 0.004s Size: 372 bytes
2025-11-22 06:11:52 [INFO] [app.main] [Worker-21652] [1763788312334] POST /api/predict from 127.0.0.1 User-Agent: Werkzeug/3.1.3
2025-11-22 06:11:52 [INFO] [app.main] [Worker-21652] [1763788312334] Request body: {'body_type': 'Hatchback', 'brand': 'Audi', 'engine_size': 'not_a_number', 'fuel_type': 'Diesel', 'mileage': 30000, 'model': 'A3', 'transmission': 'Automatic', 'year': 2020}
2025-11-22 06:11:52 [INFO] [app.main] [Worker-21652] [1763788312334] Price prediction requested for: Audi A3 2020
2025-11-22 06:11:52 [WARNING] [app.main] [Worker-21652] [1763788312334] Validation error in predict_price: engine_size must be numeric
2025-11-22 06:11:52 [INFO] [app.main] [Worker-21652] [1763788312334] Response: 400 Duration: 0.002s Size: 56 bytes
2025-11-22 06:11:52 [INFO] [app.main] [Worker-21652] [1763788312364] POST /api/predict from 127.0.0.1 User-Agent: Werkzeug/3.1.3
2025-11-22 06:11:52 [INFO] [app.main] [Worker-21652] [1763788312364] Request body: {'body_type': 'Hatchback', 'brand': 'Seat', 'fuel_type': 'Benzin', 'horsepower': 'invalid', 'mileage': 50000, 'model': 'Leon', 'transmission': 'Manual', 'year': 2019}
2025-11-22 06:11:52 [INFO] [app.main] [Worker-21652] [1763788312364] Price prediction requested for: Seat Leon 2019
2025-11-22 06:11:52 [WARNING] [app.main] [Worker-21652] [1763788312364] Validation error in predict_price: horsepower must be an integer
2025-11-22 06:11:52 [INFO] [app.main] [Worker-21652] [1763788312364] Response: 400 Duration: 0.001s Size: 58 bytes
2025-11-22 06:11:52 [INFO] [app.main] [Worker-21652] [1763788312395] POST /api/predict from 127.0.0.1 User-Agent: Werkzeug/3.1.3
2025-11-22 06:11:52 [INFO] [app.main] [Worker-21652] [1763788312395] Request body: {'body_type': 'Sedan', 'brand': 'Skoda', 'fuel_type': 'Diesel', 'mileage': 20000, 'model': 'Octavia', 'transmission': 'Automatic', 'year': 2020}
2025-11-22 06:11:52 [INFO] [app.main] [Worker-21652] [1763788312395] Price prediction requested for: Skoda Octavia 2020
2025-11-22 06:11:52 [INFO] [app.main] [Worker-21652] [1763788312395] Prediction completed in 0.000s: 104229.18 DKK (confidence: 82.0%)
2025-11-22 06:11:52 [INFO] [app.main] [Worker-21652] [1763788312395] Response: 200 Duration: 0.003s Size: 335 bytes
2025-11-22 06:11:52 [INFO] [app.main] [Worker-21652] [1763788312427] POST /api/predict from 127.0.0.1 User-Agent: Werkzeug/3.1.3
2025-11-22 06:11:52 [INFO] [app.main] [Worker-21652] [1763788312427] Request body: {'body_type': 'Hatchback', 'brand': 'Renault', 'fuel_type': 'Benzin', 'mileage': 45000, 'model': 'Clio', 'transmission': 'Manual', 'year': 2019}
2025-11-22 06:11:52 [INFO] [app.main] [Worker-21652] [1763788312427] Price prediction requested for: Renault Clio 2019
2025-11-22 06:11:52 [INFO] [app.main] [Worker-21652] [1763788312427] Queued prediction job ca952a65-dde1-4f01-afcf-a272b67d68fe (mode=client_force_queue, priority=100, position=0)
2025-11-22 06:11:52 [INFO] [app.main] [Worker-21652] [1763788312427] Response: 202 Duration: 0.016s Size: 403 bytes
2025-11-22 06:11:52 [INFO] [app.main] [Worker-21652] [1763788312476] GET /api/cars/nonexistent-id-12345 from 127.0.0.1 User-Agent: Werkzeug/3.1.3
2025-11-22 06:11:52 [INFO] [app.main] [Worker-21652] [1763788312476] Fetching car with ID: nonexistent-id-12345
2025-11-22 06:11:52 [WARNING] [app.main] [Worker-21652] [1763788312476] 404 error: /api/cars/nonexistent-id-12345
2025-11-22 06:11:52 [INFO] [app.main] [Worker-21652] [1763788312476] Response: 404 Duration: 0.004s Size: 87 bytes
2025-11-22 06:11:52 [INFO] [app.main] [Worker-21652] [1763788312514] POST /api/cars from 127.0.0.1 User-Agent: Werkzeug/3.1.3
2025-11-22 06:11:52 [INFO] [app.main] [Worker-21652] [1763788312514] Request body: {'body_type': 'Hatchback', 'brand': 'Peugeot', 'color': 'Blue', 'dealer_name': 'Test Dealer', 'doors': 5, 'engine_size': 1.2, 'fuel_type': 'Benzin', 'horsepower': 100, 'location': 'Aarhus', 'mileage': 15000, 'model': '208', 'price': 180000.0, 'seats': 5, 'transmission': 'Automatic', 'year': 2021}
2025-11-22 06:11:52 [INFO] [app.main] [Worker-21652] [1763788312514] Creating new car: Peugeot 208
2025-11-22 06:11:52 [INFO] [app.main] [Worker-21652] [1763788312514] Successfully created car with ID: 842e1a2f-b3d3-4c45-9638-91e5efd9cb7a
2025-11-22 06:11:52 [INFO] [app.main] [Worker-21652] [1763788312514] Response: 201 Duration: 0.008s Size: 1227 bytes
2025-11-22 06:11:52 [INFO] [app.main] [Worker-21652] [1763788312557] GET /api/cars from 127.0.0.1 User-Agent: Werkzeug/3.1.3
2025-11-22 06:11:52 [INFO] [app.main] [Worker-21652] [1763788312557] Fetching cars with filters: ImmutableMultiDict([('brand', 'Toyota'), ('model', 'Camry'), ('fuel_type', 'Benzin'), ('transmission', 'Automatisk'), ('body_type', 'Sedan'), ('min_year', '2015'), ('max_year', '2025'), ('min_price', '100000'), ('max_price', '500000'), ('min_mileage', '0'), ('max_mileage', '100000'), ('page', '1'), ('per_page', '10'), ('sort_by', 'price'), ('sort_order', 'asc')])
2025-11-22 06:11:52 [INFO] [app.main] [Worker-21652] [1763788312557] Found 1 cars, returning page 1/1 with 1 items
2025-11-22 06:11:52 [INFO] [app.main] [Worker-21652] [1763788312557] Response: 200 Duration: 0.035s Size: 1290 bytes
2025-11-22 06:11:52 [INFO] [app.main] [Worker-21652] [1763788312617] POST /api/predict from 127.0.0.1 User-Agent: Werkzeug/3.1.3
2025-11-22 06:11:52 [INFO] [app.main] [Worker-21652] [1763788312617] Request body: {'body_type': 'Hatchback', 'brand': 'Citroen', 'fuel_type': 'Diesel', 'mileage': 'lots', 'model': 'C3', 'transmission': 'Manual', 'year': 2019}
2025-11-22 06:11:52 [INFO] [app.main] [Worker-21652] [1763788312617] Price prediction requested for: Citroen C3 2019
2025-11-22 06:11:52 [WARNING] [app.main] [Worker-21652] [1763788312617] Validation error in predict_price: Mileage must be an integer
2025-11-22 06:11:52 [INFO] [app.main] [Worker-21652] [1763788312617] Response: 400 Duration: 0.003s Size: 55 bytes
2025-11-22 06:11:52 [INFO] [app.main] [Worker-21652] [1763788312656] GET /api/brands from 127.0.0.1 User-Agent: Werkzeug/3.1.3
2025-11-22 06:11:52 [INFO] [app.main] [Worker-21652] [1763788312656] Fetching brands
2025-11-22 06:11:52 [INFO] [app.main] [Worker-21652] [1763788312656] Found 1 brands
2025-11-22 06:11:52 [INFO] [app.main] [Worker-21652] [1763788312656] Response: 200 Duration: 0.004s Size: 56 bytes
2025-11-22 06:11:52 [INFO] [app.main] [Worker-21652] [1763788312694] GET /api/models from 127.0.0.1 User-Agent: Werkzeug/3.1.3
2025-11-22 06:11:52 [WARNING] [app.main] [Worker-21652] [1763788312694] 404 error: /api/models
2025-11-22 06:11:52 [INFO] [app.main] [Worker-21652] [1763788312694] Response: 404 Duration: 0.002s Size: 68 bytes
2025-11-22 06:11:52 [INFO] [app.main] [Worker-21652] [1763788312723] GET /api/filters from 127.0.0.1 User-Agent: Werkzeug/3.1.3
2025-11-22 06:11:52 [INFO] [app.main] [Worker-21652] [1763788312723] Fetching filter options
2025-11-22 06:11:52 [INFO] [app.main] [Worker-21652] [1763788312723] Retrieved all filter options successfully
2025-11-22 06:11:52 [INFO] [app.main] [Worker-21652] [1763788312723] Response: 200 Duration: 0.008s Size: 339 bytes
2025-11-22 06:11:52 [INFO] [app.main] [Worker-21652] [1763788312759] GET /api/cars from 127.0.0.1 User-Agent: Werkzeug/3.1.3
2025-11-22 06:11:52 [INFO] [app.main] [Worker-21652] [1763788312759] Fetching cars with filters: ImmutableMultiDict([('search', 'Toy')])
2025-11-22 06:11:52 [INFO] [app.main] [Worker-21652] [1763788312759] Found 1 cars, returning page 1/1 with 1 items
2025-11-22 06:11:52 [INFO] [app.main] [Worker-21652] [1763788312759] Response: 200 Duration: 0.007s Size: 1290 bytes
2025-11-22 06:11:52 [INFO] [app.main] [Worker-21652] [1763788312795] POST /api/predict from 127.0.0.1 User-Agent: Werkzeug/3.1.3
2025-11-22 06:11:52 [INFO] [app.main] [Worker-21652] [1763788312795] Request body: {'body_type': 'SUV', 'brand': 'Mazda', 'color': 'Red', 'doors': 5, 'engine_size': 2.0, 'fuel_type': 'Benzin', 'horsepower': 165, 'mileage': 25000, 'model': 'CX-5', 'seats': 5, 'transmission': 'Automatic', 'year': 2021}
2025-11-22 06:11:52 [INFO] [app.main] [Worker-21652] [1763788312795] Price prediction requested for: Mazda CX-5 2021
2025-11-22 06:11:52 [INFO] [app.main] [Worker-21652] [1763788312795] Prediction completed in 0.000s: 170278.62 DKK (confidence: 87.0%)
2025-11-22 06:11:52 [INFO] [app.main] [Worker-21652] [1763788312795] Response: 200 Duration: 0.004s Size: 400 bytes
2025-11-22 06:11:52 [INFO] [app.main] [Worker-21652] [1763788312823] POST /api/cars from 127.0.0.1 User-Agent: Werkzeug/3.1.3
2025-11-22 06:11:52 [INFO] [app.main] [Worker-21652] [1763788312823] Request body: {'body_type': 'Hatchback', 'brand': 'Hyundai', 'fuel_type': 'Diesel', 'mileage': 60000, 'model': 'i30', 'price': 140000.0, 'transmission': 'Manual', 'year': 2019}
2025-11-22 06:11:52 [INFO] [app.main] [Worker-21652] [1763788312823] Creating new car: Hyundai i30
2025-11-22 06:11:52 [INFO] [app.main] [Worker-21652] [1763788312823] Successfully created car with ID: dea441bc-4361-4206-bf39-188c25669b60
2025-11-22 06:11:52 [INFO] [app.main] [Worker-21652] [1763788312823] Response: 201 Duration: 0.008s Size: 1217 bytes
2025-11-22 06:11:52 [INFO] [app.main] [Worker-21652] [1763788312865] GET /api/cars from 127.0.0.1 User-Agent: Werkzeug/3.1.3
2025-11-22 06:11:52 [INFO] [app.main] [Worker-21652] [1763788312865] Fetching cars with filters: ImmutableMultiDict([('min_price', '100000')])
2025-11-22 06:11:52 [INFO] [app.main] [Worker-21652] [1763788312865] Found 1 cars, returning page 1/1 with 1 items
2025-11-22 06:11:52 [INFO] [app.main] [Worker-21652] [1763788312865] Response: 200 Duration: 0.006s Size: 1290 bytes
2025-11-22 06:11:52 [INFO] [app.main] [Worker-21652] [1763788312872] GET /api/cars from 127.0.0.1 User-Agent: Werkzeug/3.1.3
2025-11-22 06:11:52 [INFO] [app.main] [Worker-21652] [1763788312872] Fetching cars with filters: ImmutableMultiDict([('max_price', '500000')])
2025-11-22 06:11:52 [INFO] [app.main] [Worker-21652] [1763788312872] Found 1 cars, returning page 1/1 with 1 items
2025-11-22 06:11:52 [INFO] [app.main] [Worker-21652] [1763788312872] Response: 200 Duration: 0.006s Size: 1290 bytes
2025-11-22 06:11:52 [INFO] [app.main] [Worker-21652] [1763788312913] GET /api/cars from 127.0.0.1 User-Agent: Werkzeug/3.1.3
2025-11-22 06:11:52 [INFO] [app.main] [Worker-21652] [1763788312913] Fetching cars with filters: ImmutableMultiDict([('min_year', '2015')])
2025-11-22 06:11:52 [INFO] [app.main] [Worker-21652] [1763788312913] Found 1 cars, returning page 1/1 with 1 items
2025-11-22 06:11:52 [INFO] [app.main] [Worker-21652] [1763788312913] Response: 200 Duration: 0.008s Size: 1290 bytes
2025-11-22 06:11:52 [INFO] [app.main] [Worker-21652] [1763788312923] GET /api/cars from 127.0.0.1 User-Agent: Werkzeug/3.1.3
2025-11-22 06:11:52 [INFO] [app.main] [Worker-21652] [1763788312923] Fetching cars with filters: ImmutableMultiDict([('max_year', '2025')])
2025-11-22 06:11:52 [INFO] [app.main] [Worker-21652] [1763788312923] Found 1 cars, returning page 1/1 with 1 items
2025-11-22 06:11:52 [INFO] [app.main] [Worker-21652] [1763788312923] Response: 200 Duration: 0.004s Size: 1290 bytes
2025-11-22 06:11:52 [INFO] [app.main] [Worker-21652] [1763788312956] GET /api/health from 127.0.0.1 User-Agent: Werkzeug/3.1.3
2025-11-22 06:11:52 [WARNING] [app.main] [Worker-21652] [1763788312956] 404 error: /api/health
2025-11-22 06:11:52 [INFO] [app.main] [Worker-21652] [1763788312956] Response: 404 Duration: 0.000s Size: 68 bytes
2025-11-22 06:11:52 [INFO] [app.main] [Worker-21652] [1763788312986] GET /api/cars from 127.0.0.1 User-Agent: Werkzeug/3.1.3
2025-11-22 06:11:52 [INFO] [app.main] [Worker-21652] [1763788312986] Fetching cars with filters: ImmutableMultiDict([('min_mileage', '10000'), ('max_mileage', '100000')])
2025-11-22 06:11:52 [INFO] [app.main] [Worker-21652] [1763788312986] Found 1 cars, returning page 1/1 with 1 items
2025-11-22 06:11:52 [INFO] [app.main] [Worker-21652] [1763788312986] Response: 200 Duration: 0.004s Size: 1290 bytes
2025-11-22 06:11:53 [INFO] [app.main] [Worker-21652] [1763788313020] GET /api/cars from 127.0.0.1 User-Agent: Werkzeug/3.1.3
2025-11-22 06:11:53 [INFO] [app.main] [Worker-21652] [1763788313020] Fetching cars with filters: ImmutableMultiDict([('sort_by', 'price'), ('sort_order', 'asc')])
2025-11-22 06:11:53 [INFO] [app.main] [Worker-21652] [1763788313020] Found 3 cars, returning page 1/1 with 3 items
2025-11-22 06:11:53 [INFO] [app.main] [Worker-21652] [1763788313020] Response: 200 Duration: 0.012s Size: 3618 bytes
2025-11-22 06:11:53 [INFO] [app.main] [Worker-21652] [1763788313060] POST /api/predict from 127.0.0.1 User-Agent: Werkzeug/3.1.3
2025-11-22 06:11:53 [INFO] [app.main] [Worker-21652] [1763788313060] Request body: {'body_type': 'Hatchback', 'brand': 'Kia', 'fuel_type': 'Diesel', 'mileage': 35000, 'model': 'Ceed', 'transmission': 'Manual', 'year': 2020}
2025-11-22 06:11:53 [INFO] [app.main] [Worker-21652] [1763788313060] Price prediction requested for: Kia Ceed 2020
2025-11-22 06:11:53 [INFO] [app.main] [Worker-21652] [1763788313060] Prediction completed in 0.000s: 81570.67 DKK (confidence: 82.0%)
2025-11-22 06:11:53 [INFO] [app.main] [Worker-21652] [1763788313060] Response: 200 Duration: 0.005s Size: 329 bytes
2025-11-22 06:11:53 [INFO] [app.main] [Worker-21652] [1763788313096] POST /api/predict from 127.0.0.1 User-Agent: Werkzeug/3.1.3
2025-11-22 06:11:53 [INFO] [app.main] [Worker-21652] [1763788313096] Request body: {'body_type': 'SUV', 'brand': 'Nissan', 'fuel_type': 'Diesel', 'mileage': 50000, 'model': 'Qashqai', 'transmission': 'Automatic', 'year': 2019}
2025-11-22 06:11:53 [INFO] [app.main] [Worker-21652] [1763788313096] Price prediction requested for: Nissan Qashqai 2019
2025-11-22 06:11:53 [INFO] [app.main] [Worker-21652] [1763788313096] Prediction completed in 0.000s: 110120.4 DKK (confidence: 82.0%)
2025-11-22 06:11:53 [INFO] [app.main] [Worker-21652] [1763788313096] Response: 200 Duration: 0.005s Size: 334 bytes
2025-11-22 06:11:53 [INFO] [app.ml.predictor] [Worker-21652] Loaded model from C:\Users\Igor Cretu\Desktop\Bachelor\Project\BackEnd\API\app\ml\../../models\best_model_xgboost.pkl
2025-11-22 06:11:53 [INFO] [app.ml.predictor] [Worker-21652] Loaded model from C:\Users\Igor Cretu\Desktop\Bachelor\Project\BackEnd\API\app\ml\../../models\best_model_xgboost.pkl
2025-11-22 06:11:53 [INFO] [app.ml.predictor] [Worker-21652] Loaded model from C:\Users\Igor Cretu\Desktop\Bachelor\Project\BackEnd\API\app\ml\../../models\best_model_xgboost.pkl
2025-11-22 06:11:53 [INFO] [app.ml.predictor] [Worker-21652] Loaded model from C:\Users\Igor Cretu\Desktop\Bachelor\Project\BackEnd\API\app\ml\../../models\best_model_xgboost.pkl
2025-11-22 06:12:49 [INFO] [app.main] [Worker-38900] ================================================================================
2025-11-22 06:12:49 [INFO] [app.main] [Worker-38900] INITIALIZING BPR BACKEND API
2025-11-22 06:12:49 [INFO] [app.main] [Worker-38900] ================================================================================
2025-11-22 06:12:49 [INFO] [app.main] [Worker-38900] CORS locked to: ['https://bpr-g26.netlify.app', 'https://test.bachelorproject26.site', 'https://bachelorproject26.site', 'http://localhost:5173', 'http://127.0.0.1:5173', 'https://carpredict.netlify.app']
2025-11-22 06:12:49 [INFO] [app.main] [Worker-38900] Database URL configured: localhost
2025-11-22 06:12:49 [INFO] [app.main] [Worker-38900] Database initialized with connection pooling
2025-11-22 06:12:49 [INFO] [app.main] [Worker-38900] Initializing ML predictor...
2025-11-22 06:12:51 [INFO] [app.ml.predictor] [Worker-38900] Loaded model from C:\Users\Igor Cretu\Desktop\Bachelor\Project\BackEnd\API\app\ml\../../models\best_model_xgboost.pkl
2025-11-22 06:12:51 [INFO] [app.main] [Worker-38900] ML Predictor initialized: {'version': 'v1.0.0-heuristic', 'loaded': False, 'type': 'heuristic', 'model_name': 'N/A', 'test_r2': 'N/A', 'test_mae': 'N/A', 'features_count': 0}
2025-11-22 06:12:51 [INFO] [app.main] [Worker-38900] Application loaded by WSGI server
2025-11-22 06:12:51 [INFO] [app.main] [Worker-38900] Configuration: {}
2025-11-22 06:12:52 [INFO] [app.main] [Worker-38900] [1763788372524] POST /api/cars from 127.0.0.1 User-Agent: Werkzeug/3.1.3
2025-11-22 06:12:52 [INFO] [app.main] [Worker-38900] [1763788372524] Request body: {'body_type': 'Sedan', 'brand': 'BMW', 'fuel_type': 'Diesel', 'mileage': 50000, 'model': '320d', 'price': 250000.0, 'transmission': 'Automatic', 'year': 2020}
2025-11-22 06:12:52 [INFO] [app.main] [Worker-38900] [1763788372524] Creating new car: BMW 320d
2025-11-22 06:12:52 [INFO] [app.main] [Worker-38900] [1763788372524] Successfully created car with ID: d61e1629-4546-4b52-8f8b-786e8ccd5a13
2025-11-22 06:12:52 [INFO] [app.main] [Worker-38900] [1763788372524] Response: 201 Duration: 0.054s Size: 1213 bytes
2025-11-22 06:12:52 [INFO] [app.main] [Worker-38900] [1763788372611] POST /api/cars from 127.0.0.1 User-Agent: Werkzeug/3.1.3
2025-11-22 06:12:52 [INFO] [app.main] [Worker-38900] [1763788372611] Request body: {'brand': 'BMW', 'model': '320d'}
2025-11-22 06:12:52 [WARNING] [app.main] [Worker-38900] [1763788372611] Validation error in create_car: Missing required fields: year, mileage, fuel_type, transmission, body_type, price
2025-11-22 06:12:52 [INFO] [app.main] [Worker-38900] [1763788372611] Response: 400 Duration: 0.003s Size: 110 bytes
2025-11-22 06:12:52 [INFO] [app.main] [Worker-38900] [1763788372638] POST /api/cars from 127.0.0.1 User-Agent: Werkzeug/3.1.3
2025-11-22 06:12:52 [INFO] [app.main] [Worker-38900] [1763788372638] Request body: {'body_type': 'Sedan', 'brand': 'BMW', 'fuel_type': 'Diesel', 'mileage': 50000, 'model': '320d', 'price': 250000.0, 'transmission': 'Automatic', 'year': 'not_a_year'}
2025-11-22 06:12:52 [INFO] [app.main] [Worker-38900] [1763788372638] Creating new car: BMW 320d
2025-11-22 06:12:52 [WARNING] [app.main] [Worker-38900] [1763788372638] Validation error in create_car: Year must be an integer
2025-11-22 06:12:52 [INFO] [app.main] [Worker-38900] [1763788372638] Response: 400 Duration: 0.003s Size: 52 bytes
2025-11-22 06:12:52 [INFO] [app.main] [Worker-38900] [1763788372677] GET /api/cars/test-car-123 from 127.0.0.1 User-Agent: Werkzeug/3.1.3
2025-11-22 06:12:52 [INFO] [app.main] [Worker-38900] [1763788372677] Fetching car with ID: test-car-123
2025-11-22 06:12:52 [INFO] [app.main] [Worker-38900] [1763788372677] Successfully retrieved car test-car-123
2025-11-22 06:12:52 [INFO] [app.main] [Worker-38900] [1763788372677] Response: 200 Duration: 0.009s Size: 1163 bytes
2025-11-22 06:12:52 [INFO] [app.main] [Worker-38900] [1763788372710] POST /api/predict from 127.0.0.1 User-Agent: Werkzeug/3.1.3
2025-11-22 06:12:52 [INFO] [app.main] [Worker-38900] [1763788372710] Request body: {'body_type': 'Sedan', 'brand': 'Audi', 'fuel_type': 'Diesel', 'mileage': 60000, 'model': 'A4', 'transmission': 'Automatic', 'year': 2019}
2025-11-22 06:12:52 [INFO] [app.main] [Worker-38900] [1763788372710] Price prediction requested for: Audi A4 2019
2025-11-22 06:12:52 [INFO] [app.main] [Worker-38900] [1763788372710] Prediction completed in 0.000s: 162121.7 DKK (confidence: 82.0%)
2025-11-22 06:12:52 [INFO] [app.main] [Worker-38900] [1763788372710] Response: 200 Duration: 0.008s Size: 328 bytes
2025-11-22 06:12:52 [INFO] [app.main] [Worker-38900] [1763788372749] GET /api/queue/job/nonexistent-id from 127.0.0.1 User-Agent: Werkzeug/3.1.3
2025-11-22 06:12:52 [WARNING] [app.main] [Worker-38900] [1763788372749] 404 error: /api/queue/job/nonexistent-id
2025-11-22 06:12:52 [INFO] [app.main] [Worker-38900] [1763788372749] Response: 404 Duration: 0.002s Size: 86 bytes
2025-11-22 06:12:52 [INFO] [app.main] [Worker-38900] [1763788372783] GET /api/cars from 127.0.0.1 User-Agent: Werkzeug/3.1.3
2025-11-22 06:12:52 [INFO] [app.main] [Worker-38900] [1763788372783] Fetching cars with filters: ImmutableMultiDict([('brand', 'Toyota'), ('fuel_type', 'Diesel'), ('min_year', '2018')])
2025-11-22 06:12:52 [INFO] [app.main] [Worker-38900] [1763788372783] Found 0 cars, returning page 1/0 with 0 items
2025-11-22 06:12:52 [INFO] [app.main] [Worker-38900] [1763788372783] Response: 200 Duration: 0.092s Size: 127 bytes
2025-11-22 06:12:52 [INFO] [app.main] [Worker-38900] [1763788372901] GET /api/cars from 127.0.0.1 User-Agent: Werkzeug/3.1.3
2025-11-22 06:12:52 [INFO] [app.main] [Worker-38900] [1763788372901] Fetching cars with filters: ImmutableMultiDict([('search', 'Toyota')])
2025-11-22 06:12:52 [INFO] [app.main] [Worker-38900] [1763788372901] Found 1 cars, returning page 1/1 with 1 items
2025-11-22 06:12:52 [INFO] [app.main] [Worker-38900] [1763788372901] Response: 200 Duration: 0.027s Size: 1266 bytes
2025-11-22 06:12:52 [INFO] [app.main] [Worker-38900] [1763788372962] GET /api/cars from 127.0.0.1 User-Agent: Werkzeug/3.1.3
2025-11-22 06:12:52 [INFO] [app.main] [Worker-38900] [1763788372962] Fetching cars with filters: ImmutableMultiDict([('sort_by', 'price'), ('sort_order', 'desc')])
2025-11-22 06:12:52 [INFO] [app.main] [Worker-38900] [1763788372962] Found 3 cars, returning page 1/1 with 3 items
2025-11-22 06:12:52 [INFO] [app.main] [Worker-38900] [1763788372962] Response: 200 Duration: 0.010s Size: 3618 bytes
2025-11-22 06:12:53 [INFO] [app.main] [Worker-38900] [1763788372999] GET /api/brands from 127.0.0.1 User-Agent: Werkzeug/3.1.3
2025-11-22 06:12:53 [INFO] [app.main] [Worker-38900] [1763788372999] Fetching brands
2025-11-22 06:12:53 [INFO] [app.main] [Worker-38900] [1763788372999] Found 1 brands
2025-11-22 06:12:53 [INFO] [app.main] [Worker-38900] [1763788372999] Response: 200 Duration: 0.004s Size: 56 bytes
2025-11-22 06:12:53 [INFO] [app.main] [Worker-38900] [1763788373028] POST /api/predict from 127.0.0.1 User-Agent: Werkzeug/3.1.3
2025-11-22 06:12:53 [INFO] [app.main] [Worker-38900] [1763788373028] Request body: {'body_type': 'Sedan', 'brand': 'Mercedes', 'doors': 4, 'engine_size': 2.0, 'fuel_type': 'Diesel', 'horsepower': 200, 'mileage': 30000, 'model': 'C-Class', 'seats': 5, 'transmission': 'Automatic', 'year': 2021}
2025-11-22 06:12:53 [INFO] [app.main] [Worker-38900] [1763788373028] Price prediction requested for: Mercedes C-Class 2021
2025-11-22 06:12:53 [INFO] [app.main] [Worker-38900] [1763788373028] Prediction completed in 0.000s: 145563.82 DKK (confidence: 87.0%)
2025-11-22 06:12:53 [INFO] [app.main] [Worker-38900] [1763788373028] Response: 200 Duration: 0.005s Size: 394 bytes
2025-11-22 06:12:53 [INFO] [app.main] [Worker-38900] [1763788373054] POST /api/predict from 127.0.0.1 User-Agent: Werkzeug/3.1.3
2025-11-22 06:12:53 [INFO] [app.main] [Worker-38900] [1763788373054] Request body: {'body_type': 'Sedan', 'brand': 'Mercedes', 'fuel_type': 'Diesel', 'mileage': 30000, 'model': 'C-Class', 'transmission': 'Automatic', 'year': 'invalid'}
2025-11-22 06:12:53 [INFO] [app.main] [Worker-38900] [1763788373054] Price prediction requested for: Mercedes C-Class invalid
2025-11-22 06:12:53 [WARNING] [app.main] [Worker-38900] [1763788373054] Validation error in predict_price: Year must be an integer
2025-11-22 06:12:53 [INFO] [app.main] [Worker-38900] [1763788373054] Response: 400 Duration: 0.003s Size: 52 bytes
2025-11-22 06:12:53 [INFO] [app.main] [Worker-38900] [1763788373084] GET /api/cars from 127.0.0.1 User-Agent: Werkzeug/3.1.3
2025-11-22 06:12:53 [INFO] [app.main] [Worker-38900] [1763788373084] Fetching cars with filters: ImmutableMultiDict([('page', '999999')])
2025-11-22 06:12:53 [INFO] [app.main] [Worker-38900] [1763788373084] Found 0 cars, returning page 999999/0 with 0 items
2025-11-22 06:12:53 [INFO] [app.main] [Worker-38900] [1763788373084] Response: 200 Duration: 0.007s Size: 131 bytes
2025-11-22 06:12:53 [INFO] [app.main] [Worker-38900] [1763788373121] GET /api/cars from 127.0.0.1 User-Agent: Werkzeug/3.1.3
2025-11-22 06:12:53 [INFO] [app.main] [Worker-38900] [1763788373121] Fetching cars with filters: ImmutableMultiDict([('per_page', '2')])
2025-11-22 06:12:53 [INFO] [app.main] [Worker-38900] [1763788373121] Found 5 cars, returning page 1/3 with 2 items
2025-11-22 06:12:53 [INFO] [app.main] [Worker-38900] [1763788373121] Response: 200 Duration: 0.007s Size: 2452 bytes
2025-11-22 06:12:53 [INFO] [app.main] [Worker-38900] [1763788373156] GET /api/stats from 127.0.0.1 User-Agent: Werkzeug/3.1.3
2025-11-22 06:12:53 [INFO] [app.main] [Worker-38900] [1763788373156] Fetching market statistics
2025-11-22 06:12:53 [INFO] [app.main] [Worker-38900] [1763788373156] Statistics: 1 total cars
2025-11-22 06:12:53 [INFO] [app.main] [Worker-38900] [1763788373156] Response: 200 Duration: 0.012s Size: 217 bytes
2025-11-22 06:12:53 [INFO] [app.main] [Worker-38900] [1763788373196] GET /api/cars from 127.0.0.1 User-Agent: Werkzeug/3.1.3
2025-11-22 06:12:53 [INFO] [app.main] [Worker-38900] [1763788373196] Fetching cars with filters: ImmutableMultiDict([])
2025-11-22 06:12:53 [INFO] [app.main] [Worker-38900] [1763788373196] Found 0 cars, returning page 1/0 with 0 items
2025-11-22 06:12:53 [INFO] [app.main] [Worker-38900] [1763788373196] Response: 200 Duration: 0.006s Size: 127 bytes
2025-11-22 06:12:53 [INFO] [app.main] [Worker-38900] [1763788373227] GET /api/cars from 127.0.0.1 User-Agent: Werkzeug/3.1.3
2025-11-22 06:12:53 [INFO] [app.main] [Worker-38900] [1763788373227] Fetching cars with filters: ImmutableMultiDict([])
2025-11-22 06:12:53 [INFO] [app.main] [Worker-38900] [1763788373227] Found 0 cars, returning page 1/0 with 0 items
2025-11-22 06:12:53 [INFO] [app.main] [Worker-38900] [1763788373227] Response: 200 Duration: 0.004s Size: 127 bytes
2025-11-22 06:12:53 [INFO] [app.main] [Worker-38900] [1763788373260] GET /api/cars from 127.0.0.1 User-Agent: Werkzeug/3.1.3
2025-11-22 06:12:53 [INFO] [app.main] [Worker-38900] [1763788373260] Fetching cars with filters: ImmutableMultiDict([('page', '1'), ('per_page', '10')])
2025-11-22 06:12:53 [INFO] [app.main] [Worker-38900] [1763788373260] Found 0 cars, returning page 1/0 with 0 items
2025-11-22 06:12:53 [INFO] [app.main] [Worker-38900] [1763788373260] Response: 200 Duration: 0.005s Size: 127 bytes
2025-11-22 06:12:53 [INFO] [app.main] [Worker-38900] [1763788373298] GET /api/cars from 127.0.0.1 User-Agent: Werkzeug/3.1.3
2025-11-22 06:12:53 [INFO] [app.main] [Worker-38900] [1763788373298] Fetching cars with filters: ImmutableMultiDict([('brand', 'Toyota'), ('fuel_type', 'Benzin')])
2025-11-22 06:12:53 [INFO] [app.main] [Worker-38900] [1763788373298] Found 0 cars, returning page 1/0 with 0 items
2025-11-22 06:12:53 [INFO] [app.main] [Worker-38900] [1763788373298] Response: 200 Duration: 0.006s Size: 127 bytes
2025-11-22 06:12:53 [INFO] [app.main] [Worker-38900] [1763788373337] GET /api/cars from 127.0.0.1 User-Agent: Werkzeug/3.1.3
2025-11-22 06:12:53 [INFO] [app.main] [Worker-38900] [1763788373337] Fetching cars with filters: ImmutableMultiDict([('q', 'Toyota')])
2025-11-22 06:12:53 [INFO] [app.main] [Worker-38900] [1763788373337] Found 0 cars, returning page 1/0 with 0 items
2025-11-22 06:12:53 [INFO] [app.main] [Worker-38900] [1763788373337] Response: 200 Duration: 0.029s Size: 127 bytes
2025-11-22 06:12:53 [INFO] [app.main] [Worker-38900] [1763788373390] GET /api/cars from 127.0.0.1 User-Agent: Werkzeug/3.1.3
2025-11-22 06:12:53 [INFO] [app.main] [Worker-38900] [1763788373390] Fetching cars with filters: ImmutableMultiDict([('price_min', '100000'), ('price_max', '500000')])
2025-11-22 06:12:53 [INFO] [app.main] [Worker-38900] [1763788373390] Found 0 cars, returning page 1/0 with 0 items
2025-11-22 06:12:53 [INFO] [app.main] [Worker-38900] [1763788373390] Response: 200 Duration: 0.029s Size: 127 bytes
2025-11-22 06:12:53 [INFO] [app.main] [Worker-38900] [1763788373441] GET /api/cars from 127.0.0.1 User-Agent: Werkzeug/3.1.3
2025-11-22 06:12:53 [INFO] [app.main] [Worker-38900] [1763788373441] Fetching cars with filters: ImmutableMultiDict([('year_min', '2018'), ('year_max', '2022')])
2025-11-22 06:12:53 [INFO] [app.main] [Worker-38900] [1763788373441] Found 0 cars, returning page 1/0 with 0 items
2025-11-22 06:12:53 [INFO] [app.main] [Worker-38900] [1763788373441] Response: 200 Duration: 0.030s Size: 127 bytes
2025-11-22 06:12:53 [INFO] [app.main] [Worker-38900] [1763788373493] GET /api/cars/invalid-id-999999 from 127.0.0.1 User-Agent: Werkzeug/3.1.3
2025-11-22 06:12:53 [INFO] [app.main] [Worker-38900] [1763788373493] Fetching car with ID: invalid-id-999999
2025-11-22 06:12:53 [WARNING] [app.main] [Worker-38900] [1763788373493] 404 error: /api/cars/invalid-id-999999
2025-11-22 06:12:53 [INFO] [app.main] [Worker-38900] [1763788373493] Response: 404 Duration: 0.008s Size: 84 bytes
2025-11-22 06:12:53 [INFO] [app.main] [Worker-38900] [1763788373530] GET /api/cars/test-id from 127.0.0.1 User-Agent: Werkzeug/3.1.3
2025-11-22 06:12:53 [INFO] [app.main] [Worker-38900] [1763788373530] Fetching car with ID: test-id
2025-11-22 06:12:53 [WARNING] [app.main] [Worker-38900] [1763788373530] 404 error: /api/cars/test-id
2025-11-22 06:12:53 [INFO] [app.main] [Worker-38900] [1763788373530] Response: 404 Duration: 0.003s Size: 74 bytes
2025-11-22 06:12:53 [INFO] [app.main] [Worker-38900] [1763788373558] GET /api/brands from 127.0.0.1 User-Agent: Werkzeug/3.1.3
2025-11-22 06:12:53 [INFO] [app.main] [Worker-38900] [1763788373558] Fetching brands
2025-11-22 06:12:53 [INFO] [app.main] [Worker-38900] [1763788373558] Found 0 brands
2025-11-22 06:12:53 [INFO] [app.main] [Worker-38900] [1763788373558] Response: 200 Duration: 0.003s Size: 29 bytes
2025-11-22 06:12:53 [INFO] [app.main] [Worker-38900] [1763788373590] GET /api/brands from 127.0.0.1 User-Agent: Werkzeug/3.1.3
2025-11-22 06:12:53 [INFO] [app.main] [Worker-38900] [1763788373590] Fetching brands
2025-11-22 06:12:53 [INFO] [app.main] [Worker-38900] [1763788373590] Found 0 brands
2025-11-22 06:12:53 [INFO] [app.main] [Worker-38900] [1763788373590] Response: 200 Duration: 0.003s Size: 29 bytes
2025-11-22 06:12:53 [INFO] [app.main] [Worker-38900] [1763788373624] GET /api/brands from 127.0.0.1 User-Agent: Werkzeug/3.1.3
2025-11-22 06:12:53 [INFO] [app.main] [Worker-38900] [1763788373624] Fetching brands
2025-11-22 06:12:53 [INFO] [app.main] [Worker-38900] [1763788373624] Found 0 brands
2025-11-22 06:12:53 [INFO] [app.main] [Worker-38900] [1763788373624] Response: 200 Duration: 0.004s Size: 29 bytes
2025-11-22 06:12:53 [INFO] [app.main] [Worker-38900] [1763788373656] GET /api/filters from 127.0.0.1 User-Agent: Werkzeug/3.1.3
2025-11-22 06:12:53 [INFO] [app.main] [Worker-38900] [1763788373656] Fetching filter options
2025-11-22 06:12:53 [INFO] [app.main] [Worker-38900] [1763788373656] Retrieved all filter options successfully
2025-11-22 06:12:53 [INFO] [app.main] [Worker-38900] [1763788373656] Response: 200 Duration: 0.019s Size: 210 bytes
2025-11-22 06:12:53 [INFO] [app.main] [Worker-38900] [1763788373700] GET /api/filters from 127.0.0.1 User-Agent: Werkzeug/3.1.3
2025-11-22 06:12:53 [INFO] [app.main] [Worker-38900] [1763788373700] Fetching filter options
2025-11-22 06:12:53 [INFO] [app.main] [Worker-38900] [1763788373700] Retrieved all filter options successfully
2025-11-22 06:12:53 [INFO] [app.main] [Worker-38900] [1763788373700] Response: 200 Duration: 0.007s Size: 210 bytes
2025-11-22 06:12:53 [INFO] [app.main] [Worker-38900] [1763788373728] GET /api/filters from 127.0.0.1 User-Agent: Werkzeug/3.1.3
2025-11-22 06:12:53 [INFO] [app.main] [Worker-38900] [1763788373728] Fetching filter options
2025-11-22 06:12:53 [INFO] [app.main] [Worker-38900] [1763788373728] Retrieved all filter options successfully
2025-11-22 06:12:53 [INFO] [app.main] [Worker-38900] [1763788373728] Response: 200 Duration: 0.009s Size: 210 bytes
2025-11-22 06:12:53 [INFO] [app.main] [Worker-38900] [1763788373761] GET /api/predict from 127.0.0.1 User-Agent: Werkzeug/3.1.3
2025-11-22 06:12:53 [WARNING] [app.main] [Worker-38900] [1763788373761] 405 error: GET /api/predict
2025-11-22 06:12:53 [INFO] [app.main] [Worker-38900] [1763788373761] Response: 405 Duration: 0.002s Size: 84 bytes
2025-11-22 06:12:53 [INFO] [app.main] [Worker-38900] [1763788373789] POST /api/predict from 127.0.0.1 User-Agent: Werkzeug/3.1.3
2025-11-22 06:12:53 [INFO] [app.main] [Worker-38900] [1763788373789] Request body: {'brand': 'Toyota', 'model': 'Camry', 'year': 2020, 'mileage': 50000, 'fuel_type': 'Benzin', 'transmission': 'Automatisk', 'body_type': 'Sedan', 'horsepower': 200, 'engine_size': 2.5, 'doors': 4, 'color': 'Black'}
2025-11-22 06:12:53 [INFO] [app.main] [Worker-38900] [1763788373789] Price prediction requested for: Toyota Camry 2020
2025-11-22 06:12:53 [INFO] [app.main] [Worker-38900] [1763788373789] Prediction completed in 0.000s: 136601.59 DKK (confidence: 87.0%)
2025-11-22 06:12:53 [INFO] [app.main] [Worker-38900] [1763788373789] Response: 200 Duration: 0.004s Size: 396 bytes
2025-11-22 06:12:53 [INFO] [app.main] [Worker-38900] [1763788373818] POST /api/predict from 127.0.0.1 User-Agent: Werkzeug/3.1.3
2025-11-22 06:12:53 [WARNING] [app.main] [Worker-38900] [1763788373818] Validation error in predict_price: Request body must be valid JSON
2025-11-22 06:12:53 [INFO] [app.main] [Worker-38900] [1763788373818] Response: 400 Duration: 0.001s Size: 60 bytes
2025-11-22 06:12:53 [INFO] [app.main] [Worker-38900] [1763788373843] POST /api/predict from 127.0.0.1 User-Agent: Werkzeug/3.1.3
2025-11-22 06:12:53 [WARNING] [app.main] [Worker-38900] [1763788373843] Validation error in predict_price: Missing required fields: brand, model, year, mileage, fuel_type, transmission, body_type
2025-11-22 06:12:53 [INFO] [app.main] [Worker-38900] [1763788373843] Response: 400 Duration: 0.002s Size: 117 bytes
2025-11-22 06:12:53 [INFO] [app.main] [Worker-38900] [1763788373875] GET /api/health from 127.0.0.1 User-Agent: Werkzeug/3.1.3
2025-11-22 06:12:53 [WARNING] [app.main] [Worker-38900] [1763788373875] 404 error: /api/health
2025-11-22 06:12:53 [INFO] [app.main] [Worker-38900] [1763788373875] Response: 404 Duration: 0.001s Size: 68 bytes
2025-11-22 06:12:53 [INFO] [app.main] [Worker-38900] [1763788373903] GET /api/models from 127.0.0.1 User-Agent: Werkzeug/3.1.3
2025-11-22 06:12:53 [WARNING] [app.main] [Worker-38900] [1763788373903] 404 error: /api/models
2025-11-22 06:12:53 [INFO] [app.main] [Worker-38900] [1763788373903] Response: 404 Duration: 0.002s Size: 68 bytes
2025-11-22 06:12:53 [INFO] [app.main] [Worker-38900] [1763788373928] GET /api/models from 127.0.0.1 User-Agent: Werkzeug/3.1.3
2025-11-22 06:12:53 [WARNING] [app.main] [Worker-38900] [1763788373928] 404 error: /api/models
2025-11-22 06:12:53 [INFO] [app.main] [Worker-38900] [1763788373928] Response: 404 Duration: 0.003s Size: 68 bytes
2025-11-22 06:12:53 [INFO] [app.main] [Worker-38900] [1763788373954] GET /api/models from 127.0.0.1 User-Agent: Werkzeug/3.1.3
2025-11-22 06:12:53 [WARNING] [app.main] [Worker-38900] [1763788373954] 404 error: /api/models
2025-11-22 06:12:53 [INFO] [app.main] [Worker-38900] [1763788373954] Response: 404 Duration: 0.003s Size: 68 bytes
2025-11-22 06:12:53 [INFO] [app.main] [Worker-38900] [1763788373985] GET /api/stats from 127.0.0.1 User-Agent: Werkzeug/3.1.3
2025-11-22 06:12:53 [INFO] [app.main] [Worker-38900] [1763788373985] Fetching market statistics
2025-11-22 06:12:53 [INFO] [app.main] [Worker-38900] [1763788373985] Statistics: 0 total cars
2025-11-22 06:12:53 [INFO] [app.main] [Worker-38900] [1763788373985] Response: 200 Duration: 0.007s Size: 136 bytes
2025-11-22 06:12:54 [INFO] [app.main] [Worker-38900] [1763788374019] GET /api/stats from 127.0.0.1 User-Agent: Werkzeug/3.1.3
2025-11-22 06:12:54 [INFO] [app.main] [Worker-38900] [1763788374019] Fetching market statistics
2025-11-22 06:12:54 [INFO] [app.main] [Worker-38900] [1763788374019] Statistics: 0 total cars
2025-11-22 06:12:54 [INFO] [app.main] [Worker-38900] [1763788374019] Response: 200 Duration: 0.008s Size: 136 bytes
2025-11-22 06:12:54 [INFO] [app.main] [Worker-38900] [1763788374051] GET /api/queue/status from 127.0.0.1 User-Agent: Werkzeug/3.1.3
2025-11-22 06:12:54 [WARNING] [app.main] [Worker-38900] [1763788374051] 404 error: /api/queue/status
2025-11-22 06:12:54 [INFO] [app.main] [Worker-38900] [1763788374051] Response: 404 Duration: 0.002s Size: 74 bytes
2025-11-22 06:12:54 [INFO] [app.main] [Worker-38900] [1763788374077] GET /api/queue/job/test-job-123 from 127.0.0.1 User-Agent: Werkzeug/3.1.3
2025-11-22 06:12:54 [WARNING] [app.main] [Worker-38900] [1763788374077] 404 error: /api/queue/job/test-job-123
2025-11-22 06:12:54 [INFO] [app.main] [Worker-38900] [1763788374077] Response: 404 Duration: 0.003s Size: 84 bytes
2025-11-22 06:12:54 [INFO] [app.main] [Worker-38900] [1763788374101] GET /api/nonexistent-endpoint from 127.0.0.1 User-Agent: Werkzeug/3.1.3
2025-11-22 06:12:54 [WARNING] [app.main] [Worker-38900] [1763788374101] 404 error: /api/nonexistent-endpoint
2025-11-22 06:12:54 [INFO] [app.main] [Worker-38900] [1763788374101] Response: 404 Duration: 0.002s Size: 82 bytes
2025-11-22 06:12:54 [INFO] [app.main] [Worker-38900] [1763788374133] POST /api/predict from 127.0.0.1 User-Agent: Werkzeug/3.1.3
2025-11-22 06:12:54 [WARNING] [app.main] [Worker-38900] [1763788374133] Validation error in predict_price: Request body must be valid JSON
2025-11-22 06:12:54 [INFO] [app.main] [Worker-38900] [1763788374133] Response: 400 Duration: 0.002s Size: 60 bytes
2025-11-22 06:12:54 [INFO] [app.main] [Worker-38900] [1763788374161] POST /api/predict from 127.0.0.1 User-Agent: Werkzeug/3.1.3
2025-11-22 06:12:54 [WARNING] [app.main] [Worker-38900] [1763788374161] Validation error in predict_price: Request body must be valid JSON
2025-11-22 06:12:54 [INFO] [app.main] [Worker-38900] [1763788374161] Response: 400 Duration: 0.002s Size: 60 bytes
2025-11-22 06:12:54 [INFO] [app.main] [Worker-38900] [1763788374191] PUT /api/cars/360a0ec7-20ba-46df-b40c-b9053588a95f from 127.0.0.1 User-Agent: Werkzeug/3.1.3
2025-11-22 06:12:54 [INFO] [app.main] [Worker-38900] [1763788374191] Request body: {'mileage': 60000, 'price': 300000.0}
2025-11-22 06:12:54 [WARNING] [app.main] [Worker-38900] [1763788374191] 405 error: PUT /api/cars/360a0ec7-20ba-46df-b40c-b9053588a95f
2025-11-22 06:12:54 [INFO] [app.main] [Worker-38900] [1763788374191] Response: 405 Duration: 0.001s Size: 118 bytes
2025-11-22 06:12:54 [INFO] [app.main] [Worker-38900] [1763788374225] DELETE /api/cars/2ec4823d-25d1-454a-9a81-4308f7210287 from 127.0.0.1 User-Agent: Werkzeug/3.1.3
2025-11-22 06:12:54 [WARNING] [app.main] [Worker-38900] [1763788374225] 405 error: DELETE /api/cars/2ec4823d-25d1-454a-9a81-4308f7210287
2025-11-22 06:12:54 [INFO] [app.main] [Worker-38900] [1763788374225] Response: 405 Duration: 0.001s Size: 121 bytes
2025-11-22 06:12:54 [INFO] [app.main] [Worker-38900] [1763788374250] POST /api/predict from 127.0.0.1 User-Agent: Werkzeug/3.1.3
2025-11-22 06:12:54 [INFO] [app.main] [Worker-38900] [1763788374250] Request body: {'body_type': 'Hatchback', 'brand': 'Volkswagen', 'engine_size': 1.4, 'fuel_type': 'Benzin', 'horsepower': 150, 'mileage': 40000, 'model': 'Golf', 'transmission': 'Manual', 'year': 2019}
2025-11-22 06:12:54 [INFO] [app.main] [Worker-38900] [1763788374250] Price prediction requested for: Volkswagen Golf 2019
2025-11-22 06:12:54 [INFO] [app.main] [Worker-38900] [1763788374250] Prediction completed in 0.000s: 105764.6 DKK (confidence: 87.0%)
2025-11-22 06:12:54 [INFO] [app.main] [Worker-38900] [1763788374250] Response: 200 Duration: 0.003s Size: 372 bytes
2025-11-22 06:12:54 [INFO] [app.main] [Worker-38900] [1763788374276] POST /api/predict from 127.0.0.1 User-Agent: Werkzeug/3.1.3
2025-11-22 06:12:54 [INFO] [app.main] [Worker-38900] [1763788374276] Request body: {'body_type': 'Stationcar', 'brand': 'Ford', 'doors': 5, 'fuel_type': 'Diesel', 'horsepower': 120, 'mileage': 70000, 'model': 'Focus', 'seats': 5, 'transmission': 'Automatic', 'year': 2018}
2025-11-22 06:12:54 [INFO] [app.main] [Worker-38900] [1763788374276] Price prediction requested for: Ford Focus 2018
2025-11-22 06:12:54 [INFO] [app.main] [Worker-38900] [1763788374276] Prediction completed in 0.000s: 75874.62 DKK (confidence: 85.0%)
2025-11-22 06:12:54 [INFO] [app.main] [Worker-38900] [1763788374276] Response: 200 Duration: 0.005s Size: 373 bytes
2025-11-22 06:12:54 [INFO] [app.main] [Worker-38900] [1763788374306] POST /api/predict from 127.0.0.1 User-Agent: Werkzeug/3.1.3
2025-11-22 06:12:54 [INFO] [app.main] [Worker-38900] [1763788374306] Request body: {'body_type': 'Hatchback', 'brand': 'Audi', 'engine_size': 'not_a_number', 'fuel_type': 'Diesel', 'mileage': 30000, 'model': 'A3', 'transmission': 'Automatic', 'year': 2020}
2025-11-22 06:12:54 [INFO] [app.main] [Worker-38900] [1763788374306] Price prediction requested for: Audi A3 2020
2025-11-22 06:12:54 [WARNING] [app.main] [Worker-38900] [1763788374306] Validation error in predict_price: engine_size must be numeric
2025-11-22 06:12:54 [INFO] [app.main] [Worker-38900] [1763788374306] Response: 400 Duration: 0.002s Size: 56 bytes
2025-11-22 06:12:54 [INFO] [app.main] [Worker-38900] [1763788374336] POST /api/predict from 127.0.0.1 User-Agent: Werkzeug/3.1.3
2025-11-22 06:12:54 [INFO] [app.main] [Worker-38900] [1763788374336] Request body: {'body_type': 'Hatchback', 'brand': 'Seat', 'fuel_type': 'Benzin', 'horsepower': 'invalid', 'mileage': 50000, 'model': 'Leon', 'transmission': 'Manual', 'year': 2019}
2025-11-22 06:12:54 [INFO] [app.main] [Worker-38900] [1763788374336] Price prediction requested for: Seat Leon 2019
2025-11-22 06:12:54 [WARNING] [app.main] [Worker-38900] [1763788374336] Validation error in predict_price: horsepower must be an integer
2025-11-22 06:12:54 [INFO] [app.main] [Worker-38900] [1763788374336] Response: 400 Duration: 0.002s Size: 58 bytes
2025-11-22 06:12:54 [INFO] [app.main] [Worker-38900] [1763788374363] POST /api/predict from 127.0.0.1 User-Agent: Werkzeug/3.1.3
2025-11-22 06:12:54 [INFO] [app.main] [Worker-38900] [1763788374363] Request body: {'body_type': 'Sedan', 'brand': 'Skoda', 'fuel_type': 'Diesel', 'mileage': 20000, 'model': 'Octavia', 'transmission': 'Automatic', 'year': 2020}
2025-11-22 06:12:54 [INFO] [app.main] [Worker-38900] [1763788374363] Price prediction requested for: Skoda Octavia 2020
2025-11-22 06:12:54 [INFO] [app.main] [Worker-38900] [1763788374363] Prediction completed in 0.000s: 104229.18 DKK (confidence: 82.0%)
2025-11-22 06:12:54 [INFO] [app.main] [Worker-38900] [1763788374363] Response: 200 Duration: 0.004s Size: 336 bytes
2025-11-22 06:12:54 [INFO] [app.main] [Worker-38900] [1763788374420] POST /api/predict from 127.0.0.1 User-Agent: Werkzeug/3.1.3
2025-11-22 06:12:54 [INFO] [app.main] [Worker-38900] [1763788374420] Request body: {'body_type': 'Hatchback', 'brand': 'Renault', 'fuel_type': 'Benzin', 'mileage': 45000, 'model': 'Clio', 'transmission': 'Manual', 'year': 2019}
2025-11-22 06:12:54 [INFO] [app.main] [Worker-38900] [1763788374420] Price prediction requested for: Renault Clio 2019
2025-11-22 06:12:54 [INFO] [app.main] [Worker-38900] [1763788374420] Queued prediction job 6b63eef3-6b11-4653-b562-0700d0660037 (mode=client_force_queue, priority=100, position=0)
2025-11-22 06:12:54 [INFO] [app.main] [Worker-38900] [1763788374420] Response: 202 Duration: 0.019s Size: 403 bytes
2025-11-22 06:12:54 [INFO] [app.main] [Worker-38900] [1763788374468] GET /api/cars/nonexistent-id-12345 from 127.0.0.1 User-Agent: Werkzeug/3.1.3
2025-11-22 06:12:54 [INFO] [app.main] [Worker-38900] [1763788374468] Fetching car with ID: nonexistent-id-12345
2025-11-22 06:12:54 [WARNING] [app.main] [Worker-38900] [1763788374468] 404 error: /api/cars/nonexistent-id-12345
2025-11-22 06:12:54 [INFO] [app.main] [Worker-38900] [1763788374468] Response: 404 Duration: 0.005s Size: 87 bytes
2025-11-22 06:12:54 [INFO] [app.main] [Worker-38900] [1763788374502] POST /api/cars from 127.0.0.1 User-Agent: Werkzeug/3.1.3
2025-11-22 06:12:54 [INFO] [app.main] [Worker-38900] [1763788374502] Request body: {'body_type': 'Hatchback', 'brand': 'Peugeot', 'color': 'Blue', 'dealer_name': 'Test Dealer', 'doors': 5, 'engine_size': 1.2, 'fuel_type': 'Benzin', 'horsepower': 100, 'location': 'Aarhus', 'mileage': 15000, 'model': '208', 'price': 180000.0, 'seats': 5, 'transmission': 'Automatic', 'year': 2021}
2025-11-22 06:12:54 [INFO] [app.main] [Worker-38900] [1763788374502] Creating new car: Peugeot 208
2025-11-22 06:12:54 [INFO] [app.main] [Worker-38900] [1763788374502] Successfully created car with ID: ebd97f3a-3d4a-4b3f-b7f4-2f8b8e0a4b57
2025-11-22 06:12:54 [INFO] [app.main] [Worker-38900] [1763788374502] Response: 201 Duration: 0.009s Size: 1227 bytes
2025-11-22 06:12:54 [INFO] [app.main] [Worker-38900] [1763788374541] GET /api/cars from 127.0.0.1 User-Agent: Werkzeug/3.1.3
2025-11-22 06:12:54 [INFO] [app.main] [Worker-38900] [1763788374541] Fetching cars with filters: ImmutableMultiDict([('brand', 'Toyota'), ('model', 'Camry'), ('fuel_type', 'Benzin'), ('transmission', 'Automatisk'), ('body_type', 'Sedan'), ('min_year', '2015'), ('max_year', '2025'), ('min_price', '100000'), ('max_price', '500000'), ('min_mileage', '0'), ('max_mileage', '100000'), ('page', '1'), ('per_page', '10'), ('sort_by', 'price'), ('sort_order', 'asc')])
2025-11-22 06:12:54 [INFO] [app.main] [Worker-38900] [1763788374541] Found 1 cars, returning page 1/1 with 1 items
2025-11-22 06:12:54 [INFO] [app.main] [Worker-38900] [1763788374541] Response: 200 Duration: 0.027s Size: 1290 bytes
2025-11-22 06:12:54 [INFO] [app.main] [Worker-38900] [1763788374592] POST /api/predict from 127.0.0.1 User-Agent: Werkzeug/3.1.3
2025-11-22 06:12:54 [INFO] [app.main] [Worker-38900] [1763788374592] Request body: {'body_type': 'Hatchback', 'brand': 'Citroen', 'fuel_type': 'Diesel', 'mileage': 'lots', 'model': 'C3', 'transmission': 'Manual', 'year': 2019}
2025-11-22 06:12:54 [INFO] [app.main] [Worker-38900] [1763788374592] Price prediction requested for: Citroen C3 2019
2025-11-22 06:12:54 [WARNING] [app.main] [Worker-38900] [1763788374592] Validation error in predict_price: Mileage must be an integer
2025-11-22 06:12:54 [INFO] [app.main] [Worker-38900] [1763788374592] Response: 400 Duration: 0.002s Size: 55 bytes
2025-11-22 06:12:54 [INFO] [app.main] [Worker-38900] [1763788374624] GET /api/brands from 127.0.0.1 User-Agent: Werkzeug/3.1.3
2025-11-22 06:12:54 [INFO] [app.main] [Worker-38900] [1763788374624] Fetching brands
2025-11-22 06:12:54 [INFO] [app.main] [Worker-38900] [1763788374624] Found 1 brands
2025-11-22 06:12:54 [INFO] [app.main] [Worker-38900] [1763788374624] Response: 200 Duration: 0.003s Size: 56 bytes
2025-11-22 06:12:54 [INFO] [app.main] [Worker-38900] [1763788374651] GET /api/models from 127.0.0.1 User-Agent: Werkzeug/3.1.3
2025-11-22 06:12:54 [WARNING] [app.main] [Worker-38900] [1763788374651] 404 error: /api/models
2025-11-22 06:12:54 [INFO] [app.main] [Worker-38900] [1763788374651] Response: 404 Duration: 0.002s Size: 68 bytes
2025-11-22 06:12:54 [INFO] [app.main] [Worker-38900] [1763788374683] GET /api/filters from 127.0.0.1 User-Agent: Werkzeug/3.1.3
2025-11-22 06:12:54 [INFO] [app.main] [Worker-38900] [1763788374683] Fetching filter options
2025-11-22 06:12:54 [INFO] [app.main] [Worker-38900] [1763788374683] Retrieved all filter options successfully
2025-11-22 06:12:54 [INFO] [app.main] [Worker-38900] [1763788374683] Response: 200 Duration: 0.016s Size: 339 bytes
2025-11-22 06:12:54 [INFO] [app.main] [Worker-38900] [1763788374735] GET /api/cars from 127.0.0.1 User-Agent: Werkzeug/3.1.3
2025-11-22 06:12:54 [INFO] [app.main] [Worker-38900] [1763788374735] Fetching cars with filters: ImmutableMultiDict([('search', 'Toy')])
2025-11-22 06:12:54 [INFO] [app.main] [Worker-38900] [1763788374735] Found 1 cars, returning page 1/1 with 1 items
2025-11-22 06:12:54 [INFO] [app.main] [Worker-38900] [1763788374735] Response: 200 Duration: 0.007s Size: 1290 bytes
2025-11-22 06:12:54 [INFO] [app.main] [Worker-38900] [1763788374773] POST /api/predict from 127.0.0.1 User-Agent: Werkzeug/3.1.3
2025-11-22 06:12:54 [INFO] [app.main] [Worker-38900] [1763788374773] Request body: {'body_type': 'SUV', 'brand': 'Mazda', 'color': 'Red', 'doors': 5, 'engine_size': 2.0, 'fuel_type': 'Benzin', 'horsepower': 165, 'mileage': 25000, 'model': 'CX-5', 'seats': 5, 'transmission': 'Automatic', 'year': 2021}
2025-11-22 06:12:54 [INFO] [app.main] [Worker-38900] [1763788374773] Price prediction requested for: Mazda CX-5 2021
2025-11-22 06:12:54 [INFO] [app.main] [Worker-38900] [1763788374773] Prediction completed in 0.000s: 170278.62 DKK (confidence: 87.0%)
2025-11-22 06:12:54 [INFO] [app.main] [Worker-38900] [1763788374773] Response: 200 Duration: 0.004s Size: 400 bytes
2025-11-22 06:12:54 [INFO] [app.main] [Worker-38900] [1763788374802] POST /api/cars from 127.0.0.1 User-Agent: Werkzeug/3.1.3
2025-11-22 06:12:54 [INFO] [app.main] [Worker-38900] [1763788374802] Request body: {'body_type': 'Hatchback', 'brand': 'Hyundai', 'fuel_type': 'Diesel', 'mileage': 60000, 'model': 'i30', 'price': 140000.0, 'transmission': 'Manual', 'year': 2019}
2025-11-22 06:12:54 [INFO] [app.main] [Worker-38900] [1763788374802] Creating new car: Hyundai i30
2025-11-22 06:12:54 [INFO] [app.main] [Worker-38900] [1763788374802] Successfully created car with ID: f1882e19-5fb9-4ead-a3d4-119c41ebf3a5
2025-11-22 06:12:54 [INFO] [app.main] [Worker-38900] [1763788374802] Response: 201 Duration: 0.008s Size: 1217 bytes
2025-11-22 06:12:54 [INFO] [app.main] [Worker-38900] [1763788374838] GET /api/cars from 127.0.0.1 User-Agent: Werkzeug/3.1.3
2025-11-22 06:12:54 [INFO] [app.main] [Worker-38900] [1763788374838] Fetching cars with filters: ImmutableMultiDict([('min_price', '100000')])
2025-11-22 06:12:54 [INFO] [app.main] [Worker-38900] [1763788374838] Found 1 cars, returning page 1/1 with 1 items
2025-11-22 06:12:54 [INFO] [app.main] [Worker-38900] [1763788374838] Response: 200 Duration: 0.006s Size: 1290 bytes
2025-11-22 06:12:54 [INFO] [app.main] [Worker-38900] [1763788374848] GET /api/cars from 127.0.0.1 User-Agent: Werkzeug/3.1.3
2025-11-22 06:12:54 [INFO] [app.main] [Worker-38900] [1763788374848] Fetching cars with filters: ImmutableMultiDict([('max_price', '500000')])
2025-11-22 06:12:54 [INFO] [app.main] [Worker-38900] [1763788374848] Found 1 cars, returning page 1/1 with 1 items
2025-11-22 06:12:54 [INFO] [app.main] [Worker-38900] [1763788374848] Response: 200 Duration: 0.003s Size: 1290 bytes
2025-11-22 06:12:54 [INFO] [app.main] [Worker-38900] [1763788374876] GET /api/cars from 127.0.0.1 User-Agent: Werkzeug/3.1.3
2025-11-22 06:12:54 [INFO] [app.main] [Worker-38900] [1763788374876] Fetching cars with filters: ImmutableMultiDict([('min_year', '2015')])
2025-11-22 06:12:54 [INFO] [app.main] [Worker-38900] [1763788374876] Found 1 cars, returning page 1/1 with 1 items
2025-11-22 06:12:54 [INFO] [app.main] [Worker-38900] [1763788374876] Response: 200 Duration: 0.007s Size: 1290 bytes
2025-11-22 06:12:54 [INFO] [app.main] [Worker-38900] [1763788374884] GET /api/cars from 127.0.0.1 User-Agent: Werkzeug/3.1.3
2025-11-22 06:12:54 [INFO] [app.main] [Worker-38900] [1763788374884] Fetching cars with filters: ImmutableMultiDict([('max_year', '2025')])
2025-11-22 06:12:54 [INFO] [app.main] [Worker-38900] [1763788374884] Found 1 cars, returning page 1/1 with 1 items
2025-11-22 06:12:54 [INFO] [app.main] [Worker-38900] [1763788374884] Response: 200 Duration: 0.005s Size: 1290 bytes
2025-11-22 06:12:54 [INFO] [app.main] [Worker-38900] [1763788374918] GET /api/health from 127.0.0.1 User-Agent: Werkzeug/3.1.3
2025-11-22 06:12:54 [WARNING] [app.main] [Worker-38900] [1763788374918] 404 error: /api/health
2025-11-22 06:12:54 [INFO] [app.main] [Worker-38900] [1763788374918] Response: 404 Duration: 0.003s Size: 68 bytes
2025-11-22 06:12:54 [INFO] [app.main] [Worker-38900] [1763788374953] GET /api/cars from 127.0.0.1 User-Agent: Werkzeug/3.1.3
2025-11-22 06:12:54 [INFO] [app.main] [Worker-38900] [1763788374953] Fetching cars with filters: ImmutableMultiDict([('min_mileage', '10000'), ('max_mileage', '100000')])
2025-11-22 06:12:54 [INFO] [app.main] [Worker-38900] [1763788374953] Found 1 cars, returning page 1/1 with 1 items
2025-11-22 06:12:54 [INFO] [app.main] [Worker-38900] [1763788374953] Response: 200 Duration: 0.005s Size: 1290 bytes
2025-11-22 06:12:54 [INFO] [app.main] [Worker-38900] [1763788374989] GET /api/cars from 127.0.0.1 User-Agent: Werkzeug/3.1.3
2025-11-22 06:12:54 [INFO] [app.main] [Worker-38900] [1763788374989] Fetching cars with filters: ImmutableMultiDict([('sort_by', 'price'), ('sort_order', 'asc')])
2025-11-22 06:12:55 [INFO] [app.main] [Worker-38900] [1763788374989] Found 3 cars, returning page 1/1 with 3 items
2025-11-22 06:12:55 [INFO] [app.main] [Worker-38900] [1763788374989] Response: 200 Duration: 0.013s Size: 3618 bytes
2025-11-22 06:12:55 [INFO] [app.main] [Worker-38900] [1763788375034] POST /api/predict from 127.0.0.1 User-Agent: Werkzeug/3.1.3
2025-11-22 06:12:55 [INFO] [app.main] [Worker-38900] [1763788375034] Request body: {'body_type': 'Hatchback', 'brand': 'Kia', 'fuel_type': 'Diesel', 'mileage': 35000, 'model': 'Ceed', 'transmission': 'Manual', 'year': 2020}
2025-11-22 06:12:55 [INFO] [app.main] [Worker-38900] [1763788375034] Price prediction requested for: Kia Ceed 2020
2025-11-22 06:12:55 [INFO] [app.main] [Worker-38900] [1763788375034] Prediction completed in 0.000s: 81570.67 DKK (confidence: 82.0%)
2025-11-22 06:12:55 [INFO] [app.main] [Worker-38900] [1763788375034] Response: 200 Duration: 0.006s Size: 329 bytes
2025-11-22 06:12:55 [INFO] [app.main] [Worker-38900] [1763788375061] POST /api/predict from 127.0.0.1 User-Agent: Werkzeug/3.1.3
2025-11-22 06:12:55 [INFO] [app.main] [Worker-38900] [1763788375061] Request body: {'body_type': 'SUV', 'brand': 'Nissan', 'fuel_type': 'Diesel', 'mileage': 50000, 'model': 'Qashqai', 'transmission': 'Automatic', 'year': 2019}
2025-11-22 06:12:55 [INFO] [app.main] [Worker-38900] [1763788375061] Price prediction requested for: Nissan Qashqai 2019
2025-11-22 06:12:55 [INFO] [app.main] [Worker-38900] [1763788375061] Prediction completed in 0.000s: 110120.4 DKK (confidence: 82.0%)
2025-11-22 06:12:55 [INFO] [app.main] [Worker-38900] [1763788375061] Response: 200 Duration: 0.006s Size: 334 bytes
2025-11-22 06:12:55 [INFO] [app.main] [Worker-38900] [1763788375098] GET /api/cars from 127.0.0.1 User-Agent: Werkzeug/3.1.3
2025-11-22 06:12:55 [INFO] [app.main] [Worker-38900] [1763788375098] Fetching cars with filters: ImmutableMultiDict([('model', 'Camry')])
2025-11-22 06:12:55 [INFO] [app.main] [Worker-38900] [1763788375098] Found 1 cars, returning page 1/1 with 1 items
2025-11-22 06:12:55 [INFO] [app.main] [Worker-38900] [1763788375098] Response: 200 Duration: 0.029s Size: 1290 bytes
2025-11-22 06:12:55 [INFO] [app.main] [Worker-38900] [1763788375151] GET /api/cars from 127.0.0.1 User-Agent: Werkzeug/3.1.3
2025-11-22 06:12:55 [INFO] [app.main] [Worker-38900] [1763788375151] Fetching cars with filters: ImmutableMultiDict([('location', 'Copenhagen')])
2025-11-22 06:12:55 [INFO] [app.main] [Worker-38900] [1763788375151] Found 1 cars, returning page 1/1 with 1 items
2025-11-22 06:12:55 [INFO] [app.main] [Worker-38900] [1763788375151] Response: 200 Duration: 0.028s Size: 1290 bytes
2025-11-22 06:12:55 [INFO] [app.main] [Worker-38900] [1763788375214] GET /api/cars from 127.0.0.1 User-Agent: Werkzeug/3.1.3
2025-11-22 06:12:55 [INFO] [app.main] [Worker-38900] [1763788375214] Fetching cars with filters: ImmutableMultiDict([('sort_by', 'year'), ('sort_order', 'desc')])
2025-11-22 06:12:55 [INFO] [app.main] [Worker-38900] [1763788375214] Found 3 cars, returning page 1/1 with 3 items
2025-11-22 06:12:55 [INFO] [app.main] [Worker-38900] [1763788375214] Response: 200 Duration: 0.012s Size: 3618 bytes
2025-11-22 06:12:55 [INFO] [app.main] [Worker-38900] [1763788375257] GET /api/cars from 127.0.0.1 User-Agent: Werkzeug/3.1.3
2025-11-22 06:12:55 [INFO] [app.main] [Worker-38900] [1763788375257] Fetching cars with filters: ImmutableMultiDict([('sort_by', 'mileage'), ('sort_order', 'asc')])
2025-11-22 06:12:55 [INFO] [app.main] [Worker-38900] [1763788375257] Found 3 cars, returning page 1/1 with 3 items
2025-11-22 06:12:55 [INFO] [app.main] [Worker-38900] [1763788375257] Response: 200 Duration: 0.011s Size: 3618 bytes
2025-11-22 06:12:55 [INFO] [app.main] [Worker-38900] [1763788375300] GET /api/cars from 127.0.0.1 User-Agent: Werkzeug/3.1.3
2025-11-22 06:12:55 [INFO] [app.main] [Worker-38900] [1763788375300] Fetching cars with filters: ImmutableMultiDict([('max_mileage', '100000')])
2025-11-22 06:12:55 [INFO] [app.main] [Worker-38900] [1763788375300] Found 1 cars, returning page 1/1 with 1 items
2025-11-22 06:12:55 [INFO] [app.main] [Worker-38900] [1763788375300] Response: 200 Duration: 0.006s Size: 1290 bytes
2025-11-22 06:12:55 [INFO] [app.main] [Worker-38900] [1763788375338] GET /api/cars from 127.0.0.1 User-Agent: Werkzeug/3.1.3
2025-11-22 06:12:55 [INFO] [app.main] [Worker-38900] [1763788375338] Fetching cars with filters: ImmutableMultiDict([('min_mileage', '10000')])
2025-11-22 06:12:55 [INFO] [app.main] [Worker-38900] [1763788375338] Found 1 cars, returning page 1/1 with 1 items
2025-11-22 06:12:55 [INFO] [app.main] [Worker-38900] [1763788375338] Response: 200 Duration: 0.009s Size: 1290 bytes
2025-11-22 06:12:55 [INFO] [app.main] [Worker-38900] [1763788375376] POST /api/predict from 127.0.0.1 User-Agent: Werkzeug/3.1.3
2025-11-22 06:12:55 [INFO] [app.main] [Worker-38900] [1763788375376] Request body: {'body_type': 'Sedan', 'brand': 'Honda', 'fuel_type': 'Benzin', 'mileage': 40000, 'model': 'Civic', 'transmission': 'Manual', 'year': 2020}
2025-11-22 06:12:55 [INFO] [app.main] [Worker-38900] [1763788375376] Price prediction requested for: Honda Civic 2020
2025-11-22 06:12:55 [INFO] [app.main] [Worker-38900] [1763788375376] Prediction completed in 0.001s: 102039.62 DKK (confidence: 82.0%)
2025-11-22 06:12:55 [INFO] [app.main] [Worker-38900] [1763788375376] Response: 200 Duration: 0.005s Size: 330 bytes
2025-11-22 06:12:55 [INFO] [app.main] [Worker-38900] [1763788375416] GET /api/cars from 127.0.0.1 User-Agent: Werkzeug/3.1.3
2025-11-22 06:12:55 [INFO] [app.main] [Worker-38900] [1763788375416] Fetching cars with filters: ImmutableMultiDict([('brand', 'Toyota'), ('model', 'Camry'), ('fuel_type', 'Benzin'), ('transmission', 'Automatisk'), ('body_type', 'Sedan'), ('location', 'Aarhus'), ('min_year', '2015'), ('max_year', '2025')])
2025-11-22 06:12:55 [INFO] [app.main] [Worker-38900] [1763788375416] Found 1 cars, returning page 1/1 with 1 items
2025-11-22 06:12:55 [INFO] [app.main] [Worker-38900] [1763788375416] Response: 200 Duration: 0.039s Size: 1286 bytes
2025-11-22 06:12:55 [INFO] [app.main] [Worker-38900] [1763788375488] POST /api/cars from 127.0.0.1 User-Agent: Werkzeug/3.1.3
2025-11-22 06:12:55 [INFO] [app.main] [Worker-38900] [1763788375488] Request body: {'body_type': 'Sedan', 'brand': 'Subaru', 'fuel_type': 'Benzin', 'mileage': 55000, 'model': 'Impreza', 'price': 'expensive', 'transmission': 'Manual', 'year': 2019}
2025-11-22 06:12:55 [INFO] [app.main] [Worker-38900] [1763788375488] Creating new car: Subaru Impreza
2025-11-22 06:12:55 [WARNING] [app.main] [Worker-38900] [1763788375488] Validation error in create_car: Price must be a number
2025-11-22 06:12:55 [INFO] [app.main] [Worker-38900] [1763788375488] Response: 400 Duration: 0.002s Size: 51 bytes
2025-11-22 06:12:55 [INFO] [app.main] [Worker-38900] [1763788375514] POST /api/cars from 127.0.0.1 User-Agent: Werkzeug/3.1.3
2025-11-22 06:12:55 [INFO] [app.main] [Worker-38900] [1763788375514] Request body: {'body_type': 'SUV', 'brand': 'Mitsubishi', 'fuel_type': 'Diesel', 'mileage': -1000, 'model': 'Outlander', 'price': 280000.0, 'transmission': 'Automatic', 'year': 2020}
2025-11-22 06:12:55 [INFO] [app.main] [Worker-38900] [1763788375514] Creating new car: Mitsubishi Outlander
2025-11-22 06:12:55 [WARNING] [app.main] [Worker-38900] [1763788375514] Validation error in create_car: mileage cannot be negative
2025-11-22 06:12:55 [INFO] [app.main] [Worker-38900] [1763788375514] Response: 400 Duration: 0.003s Size: 55 bytes
2025-11-22 06:12:55 [INFO] [app.main] [Worker-38900] [1763788375548] POST /api/predict from 127.0.0.1 User-Agent: Werkzeug/3.1.3
2025-11-22 06:12:55 [INFO] [app.main] [Worker-38900] [1763788375548] Request body: {'body_type': 'Sedan', 'brand': 'Lexus', 'doors': 'many', 'fuel_type': 'Benzin', 'mileage': 35000, 'model': 'IS', 'transmission': 'Automatic', 'year': 2019}
2025-11-22 06:12:55 [INFO] [app.main] [Worker-38900] [1763788375548] Price prediction requested for: Lexus IS 2019
2025-11-22 06:12:55 [WARNING] [app.main] [Worker-38900] [1763788375548] Validation error in predict_price: doors must be an integer
2025-11-22 06:12:55 [INFO] [app.main] [Worker-38900] [1763788375548] Response: 400 Duration: 0.002s Size: 53 bytes
2025-11-22 06:12:55 [INFO] [app.main] [Worker-38900] [1763788375578] POST /api/predict from 127.0.0.1 User-Agent: Werkzeug/3.1.3
2025-11-22 06:12:55 [INFO] [app.main] [Worker-38900] [1763788375578] Request body: {'body_type': 'SUV', 'brand': 'Jeep', 'fuel_type': 'Benzin', 'mileage': 28000, 'model': 'Cherokee', 'seats': 'lots', 'transmission': 'Automatic', 'year': 2020}
2025-11-22 06:12:55 [INFO] [app.main] [Worker-38900] [1763788375578] Price prediction requested for: Jeep Cherokee 2020
2025-11-22 06:12:55 [WARNING] [app.main] [Worker-38900] [1763788375578] Validation error in predict_price: seats must be an integer
2025-11-22 06:12:55 [INFO] [app.main] [Worker-38900] [1763788375578] Response: 400 Duration: 0.002s Size: 53 bytes
2025-11-22 06:12:55 [INFO] [app.ml.predictor] [Worker-38900] Loaded model from C:\Users\Igor Cretu\Desktop\Bachelor\Project\BackEnd\API\app\ml\../../models\best_model_xgboost.pkl
2025-11-22 06:12:55 [INFO] [app.ml.predictor] [Worker-38900] Loaded model from C:\Users\Igor Cretu\Desktop\Bachelor\Project\BackEnd\API\app\ml\../../models\best_model_xgboost.pkl
2025-11-22 06:12:55 [INFO] [app.ml.predictor] [Worker-38900] Loaded model from C:\Users\Igor Cretu\Desktop\Bachelor\Project\BackEnd\API\app\ml\../../models\best_model_xgboost.pkl
2025-11-22 06:12:55 [INFO] [app.ml.predictor] [Worker-38900] Loaded model from C:\Users\Igor Cretu\Desktop\Bachelor\Project\BackEnd\API\app\ml\../../models\best_model_xgboost.pkl
2025-11-22 06:13:18 [INFO] [app.main] [Worker-41128] ================================================================================
2025-11-22 06:13:18 [INFO] [app.main] [Worker-41128] INITIALIZING BPR BACKEND API
2025-11-22 06:13:18 [INFO] [app.main] [Worker-41128] ================================================================================
2025-11-22 06:13:18 [INFO] [app.main] [Worker-41128] CORS locked to: ['https://bpr-g26.netlify.app', 'https://test.bachelorproject26.site', 'https://bachelorproject26.site', 'http://localhost:5173', 'http://127.0.0.1:5173', 'https://carpredict.netlify.app']
2025-11-22 06:13:18 [INFO] [app.main] [Worker-41128] Database URL configured: localhost
2025-11-22 06:13:18 [INFO] [app.main] [Worker-41128] Database initialized with connection pooling
2025-11-22 06:13:18 [INFO] [app.main] [Worker-41128] Initializing ML predictor...
2025-11-22 06:13:20 [INFO] [app.ml.predictor] [Worker-41128] Loaded model from C:\Users\Igor Cretu\Desktop\Bachelor\Project\BackEnd\API\app\ml\../../models\best_model_xgboost.pkl
2025-11-22 06:13:20 [INFO] [app.main] [Worker-41128] ML Predictor initialized: {'version': 'v1.0.0-heuristic', 'loaded': False, 'type': 'heuristic', 'model_name': 'N/A', 'test_r2': 'N/A', 'test_mae': 'N/A', 'features_count': 0}
2025-11-22 06:13:20 [INFO] [app.main] [Worker-41128] Application loaded by WSGI server
2025-11-22 06:13:20 [INFO] [app.main] [Worker-41128] Configuration: {}
2025-11-22 06:13:21 [INFO] [app.main] [Worker-41128] [1763788401195] POST /api/cars from 127.0.0.1 User-Agent: Werkzeug/3.1.3
2025-11-22 06:13:21 [INFO] [app.main] [Worker-41128] [1763788401195] Request body: {'body_type': 'Sedan', 'brand': 'BMW', 'fuel_type': 'Diesel', 'mileage': 50000, 'model': '320d', 'price': 250000.0, 'transmission': 'Automatic', 'year': 2020}
2025-11-22 06:13:21 [INFO] [app.main] [Worker-41128] [1763788401195] Creating new car: BMW 320d
2025-11-22 06:13:21 [INFO] [app.main] [Worker-41128] [1763788401195] Successfully created car with ID: 7d2a03ae-e266-47cc-8807-9a7141e85651
2025-11-22 06:13:21 [INFO] [app.main] [Worker-41128] [1763788401195] Response: 201 Duration: 0.080s Size: 1213 bytes
2025-11-22 06:13:21 [INFO] [app.main] [Worker-41128] [1763788401309] POST /api/cars from 127.0.0.1 User-Agent: Werkzeug/3.1.3
2025-11-22 06:13:21 [INFO] [app.main] [Worker-41128] [1763788401309] Request body: {'brand': 'BMW', 'model': '320d'}
2025-11-22 06:13:21 [WARNING] [app.main] [Worker-41128] [1763788401309] Validation error in create_car: Missing required fields: year, mileage, fuel_type, transmission, body_type, price
2025-11-22 06:13:21 [INFO] [app.main] [Worker-41128] [1763788401309] Response: 400 Duration: 0.003s Size: 110 bytes
2025-11-22 06:13:21 [INFO] [app.main] [Worker-41128] [1763788401343] POST /api/cars from 127.0.0.1 User-Agent: Werkzeug/3.1.3
2025-11-22 06:13:21 [INFO] [app.main] [Worker-41128] [1763788401343] Request body: {'body_type': 'Sedan', 'brand': 'BMW', 'fuel_type': 'Diesel', 'mileage': 50000, 'model': '320d', 'price': 250000.0, 'transmission': 'Automatic', 'year': 'not_a_year'}
2025-11-22 06:13:21 [INFO] [app.main] [Worker-41128] [1763788401343] Creating new car: BMW 320d
2025-11-22 06:13:21 [WARNING] [app.main] [Worker-41128] [1763788401343] Validation error in create_car: Year must be an integer
2025-11-22 06:13:21 [INFO] [app.main] [Worker-41128] [1763788401343] Response: 400 Duration: 0.004s Size: 52 bytes
2025-11-22 06:13:21 [INFO] [app.main] [Worker-41128] [1763788401394] GET /api/cars/test-car-123 from 127.0.0.1 User-Agent: Werkzeug/3.1.3
2025-11-22 06:13:21 [INFO] [app.main] [Worker-41128] [1763788401394] Fetching car with ID: test-car-123
2025-11-22 06:13:21 [INFO] [app.main] [Worker-41128] [1763788401394] Successfully retrieved car test-car-123
2025-11-22 06:13:21 [INFO] [app.main] [Worker-41128] [1763788401394] Response: 200 Duration: 0.012s Size: 1163 bytes
2025-11-22 06:13:21 [INFO] [app.main] [Worker-41128] [1763788401434] POST /api/predict from 127.0.0.1 User-Agent: Werkzeug/3.1.3
2025-11-22 06:13:21 [INFO] [app.main] [Worker-41128] [1763788401434] Request body: {'body_type': 'Sedan', 'brand': 'Audi', 'fuel_type': 'Diesel', 'mileage': 60000, 'model': 'A4', 'transmission': 'Automatic', 'year': 2019}
2025-11-22 06:13:21 [INFO] [app.main] [Worker-41128] [1763788401434] Price prediction requested for: Audi A4 2019
2025-11-22 06:13:21 [INFO] [app.main] [Worker-41128] [1763788401434] Prediction completed in 0.000s: 162121.7 DKK (confidence: 82.0%)
2025-11-22 06:13:21 [INFO] [app.main] [Worker-41128] [1763788401434] Response: 200 Duration: 0.009s Size: 328 bytes
2025-11-22 06:13:21 [INFO] [app.main] [Worker-41128] [1763788401476] GET /api/queue/job/nonexistent-id from 127.0.0.1 User-Agent: Werkzeug/3.1.3
2025-11-22 06:13:21 [WARNING] [app.main] [Worker-41128] [1763788401476] 404 error: /api/queue/job/nonexistent-id
2025-11-22 06:13:21 [INFO] [app.main] [Worker-41128] [1763788401476] Response: 404 Duration: 0.001s Size: 86 bytes
2025-11-22 06:13:21 [INFO] [app.main] [Worker-41128] [1763788401510] GET /api/cars from 127.0.0.1 User-Agent: Werkzeug/3.1.3
2025-11-22 06:13:21 [INFO] [app.main] [Worker-41128] [1763788401510] Fetching cars with filters: ImmutableMultiDict([('brand', 'Toyota'), ('fuel_type', 'Diesel'), ('min_year', '2018')])
2025-11-22 06:13:21 [INFO] [app.main] [Worker-41128] [1763788401510] Found 0 cars, returning page 1/0 with 0 items
2025-11-22 06:13:21 [INFO] [app.main] [Worker-41128] [1763788401510] Response: 200 Duration: 0.123s Size: 127 bytes
2025-11-22 06:13:21 [INFO] [app.main] [Worker-41128] [1763788401669] GET /api/cars from 127.0.0.1 User-Agent: Werkzeug/3.1.3
2025-11-22 06:13:21 [INFO] [app.main] [Worker-41128] [1763788401669] Fetching cars with filters: ImmutableMultiDict([('search', 'Toyota')])
2025-11-22 06:13:21 [INFO] [app.main] [Worker-41128] [1763788401669] Found 1 cars, returning page 1/1 with 1 items
2025-11-22 06:13:21 [INFO] [app.main] [Worker-41128] [1763788401669] Response: 200 Duration: 0.039s Size: 1266 bytes
2025-11-22 06:13:21 [INFO] [app.main] [Worker-41128] [1763788401751] GET /api/cars from 127.0.0.1 User-Agent: Werkzeug/3.1.3
2025-11-22 06:13:21 [INFO] [app.main] [Worker-41128] [1763788401751] Fetching cars with filters: ImmutableMultiDict([('sort_by', 'price'), ('sort_order', 'desc')])
2025-11-22 06:13:21 [INFO] [app.main] [Worker-41128] [1763788401751] Found 3 cars, returning page 1/1 with 3 items
2025-11-22 06:13:21 [INFO] [app.main] [Worker-41128] [1763788401751] Response: 200 Duration: 0.016s Size: 3618 bytes
2025-11-22 06:13:21 [INFO] [app.main] [Worker-41128] [1763788401802] GET /api/brands from 127.0.0.1 User-Agent: Werkzeug/3.1.3
2025-11-22 06:13:21 [INFO] [app.main] [Worker-41128] [1763788401802] Fetching brands
2025-11-22 06:13:21 [INFO] [app.main] [Worker-41128] [1763788401802] Found 1 brands
2025-11-22 06:13:21 [INFO] [app.main] [Worker-41128] [1763788401802] Response: 200 Duration: 0.006s Size: 56 bytes
2025-11-22 06:13:21 [INFO] [app.main] [Worker-41128] [1763788401841] POST /api/predict from 127.0.0.1 User-Agent: Werkzeug/3.1.3
2025-11-22 06:13:21 [INFO] [app.main] [Worker-41128] [1763788401841] Request body: {'body_type': 'Sedan', 'brand': 'Mercedes', 'doors': 4, 'engine_size': 2.0, 'fuel_type': 'Diesel', 'horsepower': 200, 'mileage': 30000, 'model': 'C-Class', 'seats': 5, 'transmission': 'Automatic', 'year': 2021}
2025-11-22 06:13:21 [INFO] [app.main] [Worker-41128] [1763788401841] Price prediction requested for: Mercedes C-Class 2021
2025-11-22 06:13:21 [INFO] [app.main] [Worker-41128] [1763788401841] Prediction completed in 0.000s: 145563.82 DKK (confidence: 87.0%)
2025-11-22 06:13:21 [INFO] [app.main] [Worker-41128] [1763788401841] Response: 200 Duration: 0.006s Size: 394 bytes
2025-11-22 06:13:21 [INFO] [app.main] [Worker-41128] [1763788401879] POST /api/predict from 127.0.0.1 User-Agent: Werkzeug/3.1.3
2025-11-22 06:13:21 [INFO] [app.main] [Worker-41128] [1763788401879] Request body: {'body_type': 'Sedan', 'brand': 'Mercedes', 'fuel_type': 'Diesel', 'mileage': 30000, 'model': 'C-Class', 'transmission': 'Automatic', 'year': 'invalid'}
2025-11-22 06:13:21 [INFO] [app.main] [Worker-41128] [1763788401879] Price prediction requested for: Mercedes C-Class invalid
2025-11-22 06:13:21 [WARNING] [app.main] [Worker-41128] [1763788401879] Validation error in predict_price: Year must be an integer
2025-11-22 06:13:21 [INFO] [app.main] [Worker-41128] [1763788401879] Response: 400 Duration: 0.003s Size: 52 bytes
2025-11-22 06:13:21 [INFO] [app.main] [Worker-41128] [1763788401912] GET /api/cars from 127.0.0.1 User-Agent: Werkzeug/3.1.3
2025-11-22 06:13:21 [INFO] [app.main] [Worker-41128] [1763788401912] Fetching cars with filters: ImmutableMultiDict([('page', '999999')])
2025-11-22 06:13:21 [INFO] [app.main] [Worker-41128] [1763788401912] Found 0 cars, returning page 999999/0 with 0 items
2025-11-22 06:13:21 [INFO] [app.main] [Worker-41128] [1763788401912] Response: 200 Duration: 0.007s Size: 131 bytes
2025-11-22 06:13:21 [INFO] [app.main] [Worker-41128] [1763788401964] GET /api/cars from 127.0.0.1 User-Agent: Werkzeug/3.1.3
2025-11-22 06:13:21 [INFO] [app.main] [Worker-41128] [1763788401964] Fetching cars with filters: ImmutableMultiDict([('per_page', '2')])
2025-11-22 06:13:21 [INFO] [app.main] [Worker-41128] [1763788401964] Found 5 cars, returning page 1/3 with 2 items
2025-11-22 06:13:21 [INFO] [app.main] [Worker-41128] [1763788401964] Response: 200 Duration: 0.005s Size: 2452 bytes
2025-11-22 06:13:22 [INFO] [app.main] [Worker-41128] [1763788402005] GET /api/stats from 127.0.0.1 User-Agent: Werkzeug/3.1.3
2025-11-22 06:13:22 [INFO] [app.main] [Worker-41128] [1763788402005] Fetching market statistics
2025-11-22 06:13:22 [INFO] [app.main] [Worker-41128] [1763788402005] Statistics: 1 total cars
2025-11-22 06:13:22 [INFO] [app.main] [Worker-41128] [1763788402005] Response: 200 Duration: 0.012s Size: 217 bytes
2025-11-22 06:13:22 [INFO] [app.main] [Worker-41128] [1763788402053] GET /api/cars from 127.0.0.1 User-Agent: Werkzeug/3.1.3
2025-11-22 06:13:22 [INFO] [app.main] [Worker-41128] [1763788402053] Fetching cars with filters: ImmutableMultiDict([])
2025-11-22 06:13:22 [INFO] [app.main] [Worker-41128] [1763788402053] Found 0 cars, returning page 1/0 with 0 items
2025-11-22 06:13:22 [INFO] [app.main] [Worker-41128] [1763788402053] Response: 200 Duration: 0.006s Size: 127 bytes
2025-11-22 06:13:22 [INFO] [app.main] [Worker-41128] [1763788402088] GET /api/cars from 127.0.0.1 User-Agent: Werkzeug/3.1.3
2025-11-22 06:13:22 [INFO] [app.main] [Worker-41128] [1763788402088] Fetching cars with filters: ImmutableMultiDict([])
2025-11-22 06:13:22 [INFO] [app.main] [Worker-41128] [1763788402088] Found 0 cars, returning page 1/0 with 0 items
2025-11-22 06:13:22 [INFO] [app.main] [Worker-41128] [1763788402088] Response: 200 Duration: 0.005s Size: 127 bytes
2025-11-22 06:13:22 [INFO] [app.main] [Worker-41128] [1763788402119] GET /api/cars from 127.0.0.1 User-Agent: Werkzeug/3.1.3
2025-11-22 06:13:22 [INFO] [app.main] [Worker-41128] [1763788402119] Fetching cars with filters: ImmutableMultiDict([('page', '1'), ('per_page', '10')])
2025-11-22 06:13:22 [INFO] [app.main] [Worker-41128] [1763788402119] Found 0 cars, returning page 1/0 with 0 items
2025-11-22 06:13:22 [INFO] [app.main] [Worker-41128] [1763788402119] Response: 200 Duration: 0.005s Size: 127 bytes
2025-11-22 06:13:22 [INFO] [app.main] [Worker-41128] [1763788402153] GET /api/cars from 127.0.0.1 User-Agent: Werkzeug/3.1.3
2025-11-22 06:13:22 [INFO] [app.main] [Worker-41128] [1763788402153] Fetching cars with filters: ImmutableMultiDict([('brand', 'Toyota'), ('fuel_type', 'Benzin')])
2025-11-22 06:13:22 [INFO] [app.main] [Worker-41128] [1763788402153] Found 0 cars, returning page 1/0 with 0 items
2025-11-22 06:13:22 [INFO] [app.main] [Worker-41128] [1763788402153] Response: 200 Duration: 0.006s Size: 127 bytes
2025-11-22 06:13:22 [INFO] [app.main] [Worker-41128] [1763788402186] GET /api/cars from 127.0.0.1 User-Agent: Werkzeug/3.1.3
2025-11-22 06:13:22 [INFO] [app.main] [Worker-41128] [1763788402186] Fetching cars with filters: ImmutableMultiDict([('q', 'Toyota')])
2025-11-22 06:13:22 [INFO] [app.main] [Worker-41128] [1763788402186] Found 0 cars, returning page 1/0 with 0 items
2025-11-22 06:13:22 [INFO] [app.main] [Worker-41128] [1763788402186] Response: 200 Duration: 0.040s Size: 127 bytes
2025-11-22 06:13:22 [INFO] [app.main] [Worker-41128] [1763788402257] GET /api/cars from 127.0.0.1 User-Agent: Werkzeug/3.1.3
2025-11-22 06:13:22 [INFO] [app.main] [Worker-41128] [1763788402257] Fetching cars with filters: ImmutableMultiDict([('price_min', '100000'), ('price_max', '500000')])
2025-11-22 06:13:22 [INFO] [app.main] [Worker-41128] [1763788402257] Found 0 cars, returning page 1/0 with 0 items
2025-11-22 06:13:22 [INFO] [app.main] [Worker-41128] [1763788402257] Response: 200 Duration: 0.045s Size: 127 bytes
2025-11-22 06:13:22 [INFO] [app.main] [Worker-41128] [1763788402336] GET /api/cars from 127.0.0.1 User-Agent: Werkzeug/3.1.3
2025-11-22 06:13:22 [INFO] [app.main] [Worker-41128] [1763788402336] Fetching cars with filters: ImmutableMultiDict([('year_min', '2018'), ('year_max', '2022')])
2025-11-22 06:13:22 [INFO] [app.main] [Worker-41128] [1763788402336] Found 0 cars, returning page 1/0 with 0 items
2025-11-22 06:13:22 [INFO] [app.main] [Worker-41128] [1763788402336] Response: 200 Duration: 0.041s Size: 127 bytes
2025-11-22 06:13:22 [INFO] [app.main] [Worker-41128] [1763788402405] GET /api/cars/invalid-id-999999 from 127.0.0.1 User-Agent: Werkzeug/3.1.3
2025-11-22 06:13:22 [INFO] [app.main] [Worker-41128] [1763788402405] Fetching car with ID: invalid-id-999999
2025-11-22 06:13:22 [WARNING] [app.main] [Worker-41128] [1763788402405] 404 error: /api/cars/invalid-id-999999
2025-11-22 06:13:22 [INFO] [app.main] [Worker-41128] [1763788402405] Response: 404 Duration: 0.015s Size: 84 bytes
2025-11-22 06:13:22 [INFO] [app.main] [Worker-41128] [1763788402451] GET /api/cars/test-id from 127.0.0.1 User-Agent: Werkzeug/3.1.3
2025-11-22 06:13:22 [INFO] [app.main] [Worker-41128] [1763788402451] Fetching car with ID: test-id
2025-11-22 06:13:22 [WARNING] [app.main] [Worker-41128] [1763788402451] 404 error: /api/cars/test-id
2025-11-22 06:13:22 [INFO] [app.main] [Worker-41128] [1763788402451] Response: 404 Duration: 0.005s Size: 74 bytes
2025-11-22 06:13:22 [INFO] [app.main] [Worker-41128] [1763788402483] GET /api/brands from 127.0.0.1 User-Agent: Werkzeug/3.1.3
2025-11-22 06:13:22 [INFO] [app.main] [Worker-41128] [1763788402483] Fetching brands
2025-11-22 06:13:22 [INFO] [app.main] [Worker-41128] [1763788402483] Found 0 brands
2025-11-22 06:13:22 [INFO] [app.main] [Worker-41128] [1763788402483] Response: 200 Duration: 0.003s Size: 29 bytes
2025-11-22 06:13:22 [INFO] [app.main] [Worker-41128] [1763788402517] GET /api/brands from 127.0.0.1 User-Agent: Werkzeug/3.1.3
2025-11-22 06:13:22 [INFO] [app.main] [Worker-41128] [1763788402517] Fetching brands
2025-11-22 06:13:22 [INFO] [app.main] [Worker-41128] [1763788402517] Found 0 brands
2025-11-22 06:13:22 [INFO] [app.main] [Worker-41128] [1763788402517] Response: 200 Duration: 0.005s Size: 29 bytes
2025-11-22 06:13:22 [INFO] [app.main] [Worker-41128] [1763788402553] GET /api/brands from 127.0.0.1 User-Agent: Werkzeug/3.1.3
2025-11-22 06:13:22 [INFO] [app.main] [Worker-41128] [1763788402553] Fetching brands
2025-11-22 06:13:22 [INFO] [app.main] [Worker-41128] [1763788402553] Found 0 brands
2025-11-22 06:13:22 [INFO] [app.main] [Worker-41128] [1763788402553] Response: 200 Duration: 0.006s Size: 29 bytes
2025-11-22 06:13:22 [INFO] [app.main] [Worker-41128] [1763788402583] GET /api/filters from 127.0.0.1 User-Agent: Werkzeug/3.1.3
2025-11-22 06:13:22 [INFO] [app.main] [Worker-41128] [1763788402583] Fetching filter options
2025-11-22 06:13:22 [INFO] [app.main] [Worker-41128] [1763788402583] Retrieved all filter options successfully
2025-11-22 06:13:22 [INFO] [app.main] [Worker-41128] [1763788402583] Response: 200 Duration: 0.019s Size: 210 bytes
2025-11-22 06:13:22 [INFO] [app.main] [Worker-41128] [1763788402630] GET /api/filters from 127.0.0.1 User-Agent: Werkzeug/3.1.3
2025-11-22 06:13:22 [INFO] [app.main] [Worker-41128] [1763788402630] Fetching filter options
2025-11-22 06:13:22 [INFO] [app.main] [Worker-41128] [1763788402630] Retrieved all filter options successfully
2025-11-22 06:13:22 [INFO] [app.main] [Worker-41128] [1763788402630] Response: 200 Duration: 0.007s Size: 210 bytes
2025-11-22 06:13:22 [INFO] [app.main] [Worker-41128] [1763788402664] GET /api/filters from 127.0.0.1 User-Agent: Werkzeug/3.1.3
2025-11-22 06:13:22 [INFO] [app.main] [Worker-41128] [1763788402664] Fetching filter options
2025-11-22 06:13:22 [INFO] [app.main] [Worker-41128] [1763788402664] Retrieved all filter options successfully
2025-11-22 06:13:22 [INFO] [app.main] [Worker-41128] [1763788402664] Response: 200 Duration: 0.009s Size: 210 bytes
2025-11-22 06:13:22 [INFO] [app.main] [Worker-41128] [1763788402701] GET /api/predict from 127.0.0.1 User-Agent: Werkzeug/3.1.3
2025-11-22 06:13:22 [WARNING] [app.main] [Worker-41128] [1763788402701] 405 error: GET /api/predict
2025-11-22 06:13:22 [INFO] [app.main] [Worker-41128] [1763788402701] Response: 405 Duration: 0.001s Size: 84 bytes
2025-11-22 06:13:22 [INFO] [app.main] [Worker-41128] [1763788402731] POST /api/predict from 127.0.0.1 User-Agent: Werkzeug/3.1.3
2025-11-22 06:13:22 [INFO] [app.main] [Worker-41128] [1763788402731] Request body: {'brand': 'Toyota', 'model': 'Camry', 'year': 2020, 'mileage': 50000, 'fuel_type': 'Benzin', 'transmission': 'Automatisk', 'body_type': 'Sedan', 'horsepower': 200, 'engine_size': 2.5, 'doors': 4, 'color': 'Black'}
2025-11-22 06:13:22 [INFO] [app.main] [Worker-41128] [1763788402731] Price prediction requested for: Toyota Camry 2020
2025-11-22 06:13:22 [INFO] [app.main] [Worker-41128] [1763788402731] Prediction completed in 0.001s: 136601.59 DKK (confidence: 87.0%)
2025-11-22 06:13:22 [INFO] [app.main] [Worker-41128] [1763788402731] Response: 200 Duration: 0.005s Size: 396 bytes
2025-11-22 06:13:22 [INFO] [app.main] [Worker-41128] [1763788402767] POST /api/predict from 127.0.0.1 User-Agent: Werkzeug/3.1.3
2025-11-22 06:13:22 [WARNING] [app.main] [Worker-41128] [1763788402767] Validation error in predict_price: Request body must be valid JSON
2025-11-22 06:13:22 [INFO] [app.main] [Worker-41128] [1763788402767] Response: 400 Duration: 0.000s Size: 60 bytes
2025-11-22 06:13:22 [INFO] [app.main] [Worker-41128] [1763788402796] POST /api/predict from 127.0.0.1 User-Agent: Werkzeug/3.1.3
2025-11-22 06:13:22 [WARNING] [app.main] [Worker-41128] [1763788402796] Validation error in predict_price: Missing required fields: brand, model, year, mileage, fuel_type, transmission, body_type
2025-11-22 06:13:22 [INFO] [app.main] [Worker-41128] [1763788402796] Response: 400 Duration: 0.002s Size: 117 bytes
2025-11-22 06:13:22 [INFO] [app.main] [Worker-41128] [1763788402825] GET /api/health from 127.0.0.1 User-Agent: Werkzeug/3.1.3
2025-11-22 06:13:22 [WARNING] [app.main] [Worker-41128] [1763788402825] 404 error: /api/health
2025-11-22 06:13:22 [INFO] [app.main] [Worker-41128] [1763788402825] Response: 404 Duration: 0.001s Size: 68 bytes
2025-11-22 06:13:22 [INFO] [app.main] [Worker-41128] [1763788402853] GET /api/models from 127.0.0.1 User-Agent: Werkzeug/3.1.3
2025-11-22 06:13:22 [WARNING] [app.main] [Worker-41128] [1763788402853] 404 error: /api/models
2025-11-22 06:13:22 [INFO] [app.main] [Worker-41128] [1763788402853] Response: 404 Duration: 0.002s Size: 68 bytes
2025-11-22 06:13:22 [INFO] [app.main] [Worker-41128] [1763788402886] GET /api/models from 127.0.0.1 User-Agent: Werkzeug/3.1.3
2025-11-22 06:13:22 [WARNING] [app.main] [Worker-41128] [1763788402886] 404 error: /api/models
2025-11-22 06:13:22 [INFO] [app.main] [Worker-41128] [1763788402886] Response: 404 Duration: 0.002s Size: 68 bytes
2025-11-22 06:13:22 [INFO] [app.main] [Worker-41128] [1763788402915] GET /api/models from 127.0.0.1 User-Agent: Werkzeug/3.1.3
2025-11-22 06:13:22 [WARNING] [app.main] [Worker-41128] [1763788402915] 404 error: /api/models
2025-11-22 06:13:22 [INFO] [app.main] [Worker-41128] [1763788402915] Response: 404 Duration: 0.002s Size: 68 bytes
2025-11-22 06:13:22 [INFO] [app.main] [Worker-41128] [1763788402951] GET /api/stats from 127.0.0.1 User-Agent: Werkzeug/3.1.3
2025-11-22 06:13:22 [INFO] [app.main] [Worker-41128] [1763788402951] Fetching market statistics
2025-11-22 06:13:22 [INFO] [app.main] [Worker-41128] [1763788402951] Statistics: 0 total cars
2025-11-22 06:13:22 [INFO] [app.main] [Worker-41128] [1763788402951] Response: 200 Duration: 0.008s Size: 136 bytes
2025-11-22 06:13:22 [INFO] [app.main] [Worker-41128] [1763788402991] GET /api/stats from 127.0.0.1 User-Agent: Werkzeug/3.1.3
2025-11-22 06:13:22 [INFO] [app.main] [Worker-41128] [1763788402991] Fetching market statistics
2025-11-22 06:13:22 [INFO] [app.main] [Worker-41128] [1763788402991] Statistics: 0 total cars
2025-11-22 06:13:22 [INFO] [app.main] [Worker-41128] [1763788402991] Response: 200 Duration: 0.006s Size: 136 bytes
2025-11-22 06:13:23 [INFO] [app.main] [Worker-41128] [1763788403026] GET /api/queue/status from 127.0.0.1 User-Agent: Werkzeug/3.1.3
2025-11-22 06:13:23 [WARNING] [app.main] [Worker-41128] [1763788403026] 404 error: /api/queue/status
2025-11-22 06:13:23 [INFO] [app.main] [Worker-41128] [1763788403026] Response: 404 Duration: 0.001s Size: 74 bytes
2025-11-22 06:13:23 [INFO] [app.main] [Worker-41128] [1763788403056] GET /api/queue/job/test-job-123 from 127.0.0.1 User-Agent: Werkzeug/3.1.3
2025-11-22 06:13:23 [WARNING] [app.main] [Worker-41128] [1763788403056] 404 error: /api/queue/job/test-job-123
2025-11-22 06:13:23 [INFO] [app.main] [Worker-41128] [1763788403056] Response: 404 Duration: 0.011s Size: 84 bytes
2025-11-22 06:13:23 [INFO] [app.main] [Worker-41128] [1763788403108] GET /api/nonexistent-endpoint from 127.0.0.1 User-Agent: Werkzeug/3.1.3
2025-11-22 06:13:23 [WARNING] [app.main] [Worker-41128] [1763788403108] 404 error: /api/nonexistent-endpoint
2025-11-22 06:13:23 [INFO] [app.main] [Worker-41128] [1763788403108] Response: 404 Duration: 0.003s Size: 82 bytes
2025-11-22 06:13:23 [INFO] [app.main] [Worker-41128] [1763788403147] POST /api/predict from 127.0.0.1 User-Agent: Werkzeug/3.1.3
2025-11-22 06:13:23 [WARNING] [app.main] [Worker-41128] [1763788403147] Validation error in predict_price: Request body must be valid JSON
2025-11-22 06:13:23 [INFO] [app.main] [Worker-41128] [1763788403147] Response: 400 Duration: 0.003s Size: 60 bytes
2025-11-22 06:13:23 [INFO] [app.main] [Worker-41128] [1763788403178] POST /api/predict from 127.0.0.1 User-Agent: Werkzeug/3.1.3
2025-11-22 06:13:23 [WARNING] [app.main] [Worker-41128] [1763788403178] Validation error in predict_price: Request body must be valid JSON
2025-11-22 06:13:23 [INFO] [app.main] [Worker-41128] [1763788403178] Response: 400 Duration: 0.002s Size: 60 bytes
2025-11-22 06:13:23 [INFO] [app.main] [Worker-41128] [1763788403216] PUT /api/cars/268ced9b-5cd4-4230-bcb5-364c49b5aff4 from 127.0.0.1 User-Agent: Werkzeug/3.1.3
2025-11-22 06:13:23 [INFO] [app.main] [Worker-41128] [1763788403216] Request body: {'mileage': 60000, 'price': 300000.0}
2025-11-22 06:13:23 [WARNING] [app.main] [Worker-41128] [1763788403216] 405 error: PUT /api/cars/268ced9b-5cd4-4230-bcb5-364c49b5aff4
2025-11-22 06:13:23 [INFO] [app.main] [Worker-41128] [1763788403216] Response: 405 Duration: 0.002s Size: 118 bytes
2025-11-22 06:13:23 [INFO] [app.main] [Worker-41128] [1763788403253] DELETE /api/cars/db5276fb-d8ac-4d2b-a9c8-0f8b4c1562b1 from 127.0.0.1 User-Agent: Werkzeug/3.1.3
2025-11-22 06:13:23 [WARNING] [app.main] [Worker-41128] [1763788403253] 405 error: DELETE /api/cars/db5276fb-d8ac-4d2b-a9c8-0f8b4c1562b1
2025-11-22 06:13:23 [INFO] [app.main] [Worker-41128] [1763788403253] Response: 405 Duration: 0.002s Size: 121 bytes
2025-11-22 06:13:23 [INFO] [app.main] [Worker-41128] [1763788403282] POST /api/predict from 127.0.0.1 User-Agent: Werkzeug/3.1.3
2025-11-22 06:13:23 [INFO] [app.main] [Worker-41128] [1763788403282] Request body: {'body_type': 'Hatchback', 'brand': 'Volkswagen', 'engine_size': 1.4, 'fuel_type': 'Benzin', 'horsepower': 150, 'mileage': 40000, 'model': 'Golf', 'transmission': 'Manual', 'year': 2019}
2025-11-22 06:13:23 [INFO] [app.main] [Worker-41128] [1763788403282] Price prediction requested for: Volkswagen Golf 2019
2025-11-22 06:13:23 [INFO] [app.main] [Worker-41128] [1763788403282] Prediction completed in 0.000s: 105764.6 DKK (confidence: 87.0%)
2025-11-22 06:13:23 [INFO] [app.main] [Worker-41128] [1763788403282] Response: 200 Duration: 0.006s Size: 373 bytes
2025-11-22 06:13:23 [INFO] [app.main] [Worker-41128] [1763788403311] POST /api/predict from 127.0.0.1 User-Agent: Werkzeug/3.1.3
2025-11-22 06:13:23 [INFO] [app.main] [Worker-41128] [1763788403311] Request body: {'body_type': 'Stationcar', 'brand': 'Ford', 'doors': 5, 'fuel_type': 'Diesel', 'horsepower': 120, 'mileage': 70000, 'model': 'Focus', 'seats': 5, 'transmission': 'Automatic', 'year': 2018}
2025-11-22 06:13:23 [INFO] [app.main] [Worker-41128] [1763788403311] Price prediction requested for: Ford Focus 2018
2025-11-22 06:13:23 [INFO] [app.main] [Worker-41128] [1763788403311] Prediction completed in 0.000s: 75874.62 DKK (confidence: 85.0%)
2025-11-22 06:13:23 [INFO] [app.main] [Worker-41128] [1763788403311] Response: 200 Duration: 0.005s Size: 372 bytes
2025-11-22 06:13:23 [INFO] [app.main] [Worker-41128] [1763788403345] POST /api/predict from 127.0.0.1 User-Agent: Werkzeug/3.1.3
2025-11-22 06:13:23 [INFO] [app.main] [Worker-41128] [1763788403345] Request body: {'body_type': 'Hatchback', 'brand': 'Audi', 'engine_size': 'not_a_number', 'fuel_type': 'Diesel', 'mileage': 30000, 'model': 'A3', 'transmission': 'Automatic', 'year': 2020}
2025-11-22 06:13:23 [INFO] [app.main] [Worker-41128] [1763788403345] Price prediction requested for: Audi A3 2020
2025-11-22 06:13:23 [WARNING] [app.main] [Worker-41128] [1763788403345] Validation error in predict_price: engine_size must be numeric
2025-11-22 06:13:23 [INFO] [app.main] [Worker-41128] [1763788403345] Response: 400 Duration: 0.002s Size: 56 bytes
2025-11-22 06:13:23 [INFO] [app.main] [Worker-41128] [1763788403375] POST /api/predict from 127.0.0.1 User-Agent: Werkzeug/3.1.3
2025-11-22 06:13:23 [INFO] [app.main] [Worker-41128] [1763788403375] Request body: {'body_type': 'Hatchback', 'brand': 'Seat', 'fuel_type': 'Benzin', 'horsepower': 'invalid', 'mileage': 50000, 'model': 'Leon', 'transmission': 'Manual', 'year': 2019}
2025-11-22 06:13:23 [INFO] [app.main] [Worker-41128] [1763788403375] Price prediction requested for: Seat Leon 2019
2025-11-22 06:13:23 [WARNING] [app.main] [Worker-41128] [1763788403375] Validation error in predict_price: horsepower must be an integer
2025-11-22 06:13:23 [INFO] [app.main] [Worker-41128] [1763788403375] Response: 400 Duration: 0.002s Size: 58 bytes
2025-11-22 06:13:23 [INFO] [app.main] [Worker-41128] [1763788403401] POST /api/predict from 127.0.0.1 User-Agent: Werkzeug/3.1.3
2025-11-22 06:13:23 [INFO] [app.main] [Worker-41128] [1763788403401] Request body: {'body_type': 'Sedan', 'brand': 'Skoda', 'fuel_type': 'Diesel', 'mileage': 20000, 'model': 'Octavia', 'transmission': 'Automatic', 'year': 2020}
2025-11-22 06:13:23 [INFO] [app.main] [Worker-41128] [1763788403401] Price prediction requested for: Skoda Octavia 2020
2025-11-22 06:13:23 [INFO] [app.main] [Worker-41128] [1763788403401] Prediction completed in 0.000s: 104229.18 DKK (confidence: 82.0%)
2025-11-22 06:13:23 [INFO] [app.main] [Worker-41128] [1763788403401] Response: 200 Duration: 0.003s Size: 335 bytes
2025-11-22 06:13:23 [INFO] [app.main] [Worker-41128] [1763788403436] POST /api/predict from 127.0.0.1 User-Agent: Werkzeug/3.1.3
2025-11-22 06:13:23 [INFO] [app.main] [Worker-41128] [1763788403436] Request body: {'body_type': 'Hatchback', 'brand': 'Renault', 'fuel_type': 'Benzin', 'mileage': 45000, 'model': 'Clio', 'transmission': 'Manual', 'year': 2019}
2025-11-22 06:13:23 [INFO] [app.main] [Worker-41128] [1763788403436] Price prediction requested for: Renault Clio 2019
2025-11-22 06:13:23 [INFO] [app.main] [Worker-41128] [1763788403436] Queued prediction job 5d9f1498-e10c-4c72-b89a-5181ae37677e (mode=client_force_queue, priority=100, position=0)
2025-11-22 06:13:23 [INFO] [app.main] [Worker-41128] [1763788403436] Response: 202 Duration: 0.018s Size: 403 bytes
2025-11-22 06:13:23 [INFO] [app.main] [Worker-41128] [1763788403483] GET /api/cars/nonexistent-id-12345 from 127.0.0.1 User-Agent: Werkzeug/3.1.3
2025-11-22 06:13:23 [INFO] [app.main] [Worker-41128] [1763788403483] Fetching car with ID: nonexistent-id-12345
2025-11-22 06:13:23 [WARNING] [app.main] [Worker-41128] [1763788403483] 404 error: /api/cars/nonexistent-id-12345
2025-11-22 06:13:23 [INFO] [app.main] [Worker-41128] [1763788403483] Response: 404 Duration: 0.005s Size: 87 bytes
2025-11-22 06:13:23 [INFO] [app.main] [Worker-41128] [1763788403511] POST /api/cars from 127.0.0.1 User-Agent: Werkzeug/3.1.3
2025-11-22 06:13:23 [INFO] [app.main] [Worker-41128] [1763788403511] Request body: {'body_type': 'Hatchback', 'brand': 'Peugeot', 'color': 'Blue', 'dealer_name': 'Test Dealer', 'doors': 5, 'engine_size': 1.2, 'fuel_type': 'Benzin', 'horsepower': 100, 'location': 'Aarhus', 'mileage': 15000, 'model': '208', 'price': 180000.0, 'seats': 5, 'transmission': 'Automatic', 'year': 2021}
2025-11-22 06:13:23 [INFO] [app.main] [Worker-41128] [1763788403511] Creating new car: Peugeot 208
2025-11-22 06:13:23 [INFO] [app.main] [Worker-41128] [1763788403511] Successfully created car with ID: b0b68da0-537e-477a-86fb-b5c7409fb6e1
2025-11-22 06:13:23 [INFO] [app.main] [Worker-41128] [1763788403511] Response: 201 Duration: 0.007s Size: 1227 bytes
2025-11-22 06:13:23 [INFO] [app.main] [Worker-41128] [1763788403553] GET /api/cars from 127.0.0.1 User-Agent: Werkzeug/3.1.3
2025-11-22 06:13:23 [INFO] [app.main] [Worker-41128] [1763788403553] Fetching cars with filters: ImmutableMultiDict([('brand', 'Toyota'), ('model', 'Camry'), ('fuel_type', 'Benzin'), ('transmission', 'Automatisk'), ('body_type', 'Sedan'), ('min_year', '2015'), ('max_year', '2025'), ('min_price', '100000'), ('max_price', '500000'), ('min_mileage', '0'), ('max_mileage', '100000'), ('page', '1'), ('per_page', '10'), ('sort_by', 'price'), ('sort_order', 'asc')])
2025-11-22 06:13:23 [INFO] [app.main] [Worker-41128] [1763788403553] Found 1 cars, returning page 1/1 with 1 items
2025-11-22 06:13:23 [INFO] [app.main] [Worker-41128] [1763788403553] Response: 200 Duration: 0.030s Size: 1290 bytes
2025-11-22 06:13:23 [INFO] [app.main] [Worker-41128] [1763788403614] POST /api/predict from 127.0.0.1 User-Agent: Werkzeug/3.1.3
2025-11-22 06:13:23 [INFO] [app.main] [Worker-41128] [1763788403614] Request body: {'body_type': 'Hatchback', 'brand': 'Citroen', 'fuel_type': 'Diesel', 'mileage': 'lots', 'model': 'C3', 'transmission': 'Manual', 'year': 2019}
2025-11-22 06:13:23 [INFO] [app.main] [Worker-41128] [1763788403614] Price prediction requested for: Citroen C3 2019
2025-11-22 06:13:23 [WARNING] [app.main] [Worker-41128] [1763788403614] Validation error in predict_price: Mileage must be an integer
2025-11-22 06:13:23 [INFO] [app.main] [Worker-41128] [1763788403614] Response: 400 Duration: 0.003s Size: 55 bytes
2025-11-22 06:13:23 [INFO] [app.main] [Worker-41128] [1763788403650] GET /api/brands from 127.0.0.1 User-Agent: Werkzeug/3.1.3
2025-11-22 06:13:23 [INFO] [app.main] [Worker-41128] [1763788403650] Fetching brands
2025-11-22 06:13:23 [INFO] [app.main] [Worker-41128] [1763788403650] Found 1 brands
2025-11-22 06:13:23 [INFO] [app.main] [Worker-41128] [1763788403650] Response: 200 Duration: 0.004s Size: 56 bytes
2025-11-22 06:13:23 [INFO] [app.main] [Worker-41128] [1763788403685] GET /api/models from 127.0.0.1 User-Agent: Werkzeug/3.1.3
2025-11-22 06:13:23 [WARNING] [app.main] [Worker-41128] [1763788403685] 404 error: /api/models
2025-11-22 06:13:23 [INFO] [app.main] [Worker-41128] [1763788403685] Response: 404 Duration: 0.001s Size: 68 bytes
2025-11-22 06:13:23 [INFO] [app.main] [Worker-41128] [1763788403718] GET /api/filters from 127.0.0.1 User-Agent: Werkzeug/3.1.3
2025-11-22 06:13:23 [INFO] [app.main] [Worker-41128] [1763788403718] Fetching filter options
2025-11-22 06:13:23 [INFO] [app.main] [Worker-41128] [1763788403718] Retrieved all filter options successfully
2025-11-22 06:13:23 [INFO] [app.main] [Worker-41128] [1763788403718] Response: 200 Duration: 0.011s Size: 339 bytes
2025-11-22 06:13:23 [INFO] [app.main] [Worker-41128] [1763788403759] GET /api/cars from 127.0.0.1 User-Agent: Werkzeug/3.1.3
2025-11-22 06:13:23 [INFO] [app.main] [Worker-41128] [1763788403759] Fetching cars with filters: ImmutableMultiDict([('search', 'Toy')])
2025-11-22 06:13:23 [INFO] [app.main] [Worker-41128] [1763788403759] Found 1 cars, returning page 1/1 with 1 items
2025-11-22 06:13:23 [INFO] [app.main] [Worker-41128] [1763788403759] Response: 200 Duration: 0.008s Size: 1290 bytes
2025-11-22 06:13:23 [INFO] [app.main] [Worker-41128] [1763788403799] POST /api/predict from 127.0.0.1 User-Agent: Werkzeug/3.1.3
2025-11-22 06:13:23 [INFO] [app.main] [Worker-41128] [1763788403799] Request body: {'body_type': 'SUV', 'brand': 'Mazda', 'color': 'Red', 'doors': 5, 'engine_size': 2.0, 'fuel_type': 'Benzin', 'horsepower': 165, 'mileage': 25000, 'model': 'CX-5', 'seats': 5, 'transmission': 'Automatic', 'year': 2021}
2025-11-22 06:13:23 [INFO] [app.main] [Worker-41128] [1763788403799] Price prediction requested for: Mazda CX-5 2021
2025-11-22 06:13:23 [INFO] [app.main] [Worker-41128] [1763788403799] Prediction completed in 0.000s: 170278.62 DKK (confidence: 87.0%)
2025-11-22 06:13:23 [INFO] [app.main] [Worker-41128] [1763788403799] Response: 200 Duration: 0.005s Size: 400 bytes
2025-11-22 06:13:23 [INFO] [app.main] [Worker-41128] [1763788403836] POST /api/cars from 127.0.0.1 User-Agent: Werkzeug/3.1.3
2025-11-22 06:13:23 [INFO] [app.main] [Worker-41128] [1763788403836] Request body: {'body_type': 'Hatchback', 'brand': 'Hyundai', 'fuel_type': 'Diesel', 'mileage': 60000, 'model': 'i30', 'price': 140000.0, 'transmission': 'Manual', 'year': 2019}
2025-11-22 06:13:23 [INFO] [app.main] [Worker-41128] [1763788403836] Creating new car: Hyundai i30
2025-11-22 06:13:23 [INFO] [app.main] [Worker-41128] [1763788403836] Successfully created car with ID: bd369100-9ca2-40f0-8186-9b4060883130
2025-11-22 06:13:23 [INFO] [app.main] [Worker-41128] [1763788403836] Response: 201 Duration: 0.008s Size: 1217 bytes
2025-11-22 06:13:23 [INFO] [app.main] [Worker-41128] [1763788403879] GET /api/cars from 127.0.0.1 User-Agent: Werkzeug/3.1.3
2025-11-22 06:13:23 [INFO] [app.main] [Worker-41128] [1763788403879] Fetching cars with filters: ImmutableMultiDict([('min_price', '100000')])
2025-11-22 06:13:23 [INFO] [app.main] [Worker-41128] [1763788403879] Found 1 cars, returning page 1/1 with 1 items
2025-11-22 06:13:23 [INFO] [app.main] [Worker-41128] [1763788403879] Response: 200 Duration: 0.007s Size: 1290 bytes
2025-11-22 06:13:23 [INFO] [app.main] [Worker-41128] [1763788403886] GET /api/cars from 127.0.0.1 User-Agent: Werkzeug/3.1.3
2025-11-22 06:13:23 [INFO] [app.main] [Worker-41128] [1763788403886] Fetching cars with filters: ImmutableMultiDict([('max_price', '500000')])
2025-11-22 06:13:23 [INFO] [app.main] [Worker-41128] [1763788403886] Found 1 cars, returning page 1/1 with 1 items
2025-11-22 06:13:23 [INFO] [app.main] [Worker-41128] [1763788403886] Response: 200 Duration: 0.006s Size: 1290 bytes
2025-11-22 06:13:23 [INFO] [app.main] [Worker-41128] [1763788403926] GET /api/cars from 127.0.0.1 User-Agent: Werkzeug/3.1.3
2025-11-22 06:13:23 [INFO] [app.main] [Worker-41128] [1763788403926] Fetching cars with filters: ImmutableMultiDict([('min_year', '2015')])
2025-11-22 06:13:23 [INFO] [app.main] [Worker-41128] [1763788403926] Found 1 cars, returning page 1/1 with 1 items
2025-11-22 06:13:23 [INFO] [app.main] [Worker-41128] [1763788403926] Response: 200 Duration: 0.006s Size: 1290 bytes
2025-11-22 06:13:23 [INFO] [app.main] [Worker-41128] [1763788403934] GET /api/cars from 127.0.0.1 User-Agent: Werkzeug/3.1.3
2025-11-22 06:13:23 [INFO] [app.main] [Worker-41128] [1763788403934] Fetching cars with filters: ImmutableMultiDict([('max_year', '2025')])
2025-11-22 06:13:23 [INFO] [app.main] [Worker-41128] [1763788403934] Found 1 cars, returning page 1/1 with 1 items
2025-11-22 06:13:23 [INFO] [app.main] [Worker-41128] [1763788403934] Response: 200 Duration: 0.005s Size: 1290 bytes
2025-11-22 06:13:23 [INFO] [app.main] [Worker-41128] [1763788403966] GET /api/health from 127.0.0.1 User-Agent: Werkzeug/3.1.3
2025-11-22 06:13:23 [WARNING] [app.main] [Worker-41128] [1763788403966] 404 error: /api/health
2025-11-22 06:13:23 [INFO] [app.main] [Worker-41128] [1763788403966] Response: 404 Duration: 0.002s Size: 68 bytes
2025-11-22 06:13:24 [INFO] [app.main] [Worker-41128] [1763788404001] GET /api/cars from 127.0.0.1 User-Agent: Werkzeug/3.1.3
2025-11-22 06:13:24 [INFO] [app.main] [Worker-41128] [1763788404001] Fetching cars with filters: ImmutableMultiDict([('min_mileage', '10000'), ('max_mileage', '100000')])
2025-11-22 06:13:24 [INFO] [app.main] [Worker-41128] [1763788404001] Found 1 cars, returning page 1/1 with 1 items
2025-11-22 06:13:24 [INFO] [app.main] [Worker-41128] [1763788404001] Response: 200 Duration: 0.006s Size: 1290 bytes
2025-11-22 06:13:24 [INFO] [app.main] [Worker-41128] [1763788404043] GET /api/cars from 127.0.0.1 User-Agent: Werkzeug/3.1.3
2025-11-22 06:13:24 [INFO] [app.main] [Worker-41128] [1763788404043] Fetching cars with filters: ImmutableMultiDict([('sort_by', 'price'), ('sort_order', 'asc')])
2025-11-22 06:13:24 [INFO] [app.main] [Worker-41128] [1763788404043] Found 3 cars, returning page 1/1 with 3 items
2025-11-22 06:13:24 [INFO] [app.main] [Worker-41128] [1763788404043] Response: 200 Duration: 0.012s Size: 3618 bytes
2025-11-22 06:13:24 [INFO] [app.main] [Worker-41128] [1763788404086] POST /api/predict from 127.0.0.1 User-Agent: Werkzeug/3.1.3
2025-11-22 06:13:24 [INFO] [app.main] [Worker-41128] [1763788404086] Request body: {'body_type': 'Hatchback', 'brand': 'Kia', 'fuel_type': 'Diesel', 'mileage': 35000, 'model': 'Ceed', 'transmission': 'Manual', 'year': 2020}
2025-11-22 06:13:24 [INFO] [app.main] [Worker-41128] [1763788404086] Price prediction requested for: Kia Ceed 2020
2025-11-22 06:13:24 [INFO] [app.main] [Worker-41128] [1763788404086] Prediction completed in 0.000s: 81570.67 DKK (confidence: 82.0%)
2025-11-22 06:13:24 [INFO] [app.main] [Worker-41128] [1763788404086] Response: 200 Duration: 0.006s Size: 329 bytes
2025-11-22 06:13:24 [INFO] [app.main] [Worker-41128] [1763788404120] POST /api/predict from 127.0.0.1 User-Agent: Werkzeug/3.1.3
2025-11-22 06:13:24 [INFO] [app.main] [Worker-41128] [1763788404120] Request body: {'body_type': 'SUV', 'brand': 'Nissan', 'fuel_type': 'Diesel', 'mileage': 50000, 'model': 'Qashqai', 'transmission': 'Automatic', 'year': 2019}
2025-11-22 06:13:24 [INFO] [app.main] [Worker-41128] [1763788404120] Price prediction requested for: Nissan Qashqai 2019
2025-11-22 06:13:24 [INFO] [app.main] [Worker-41128] [1763788404120] Prediction completed in 0.001s: 110120.4 DKK (confidence: 82.0%)
2025-11-22 06:13:24 [INFO] [app.main] [Worker-41128] [1763788404120] Response: 200 Duration: 0.005s Size: 334 bytes
2025-11-22 06:13:24 [INFO] [app.main] [Worker-41128] [1763788404166] GET /api/cars from 127.0.0.1 User-Agent: Werkzeug/3.1.3
2025-11-22 06:13:24 [INFO] [app.main] [Worker-41128] [1763788404166] Fetching cars with filters: ImmutableMultiDict([('model', 'Camry')])
2025-11-22 06:13:24 [INFO] [app.main] [Worker-41128] [1763788404166] Found 1 cars, returning page 1/1 with 1 items
2025-11-22 06:13:24 [INFO] [app.main] [Worker-41128] [1763788404166] Response: 200 Duration: 0.032s Size: 1290 bytes
2025-11-22 06:13:24 [INFO] [app.main] [Worker-41128] [1763788404231] GET /api/cars from 127.0.0.1 User-Agent: Werkzeug/3.1.3
2025-11-22 06:13:24 [INFO] [app.main] [Worker-41128] [1763788404231] Fetching cars with filters: ImmutableMultiDict([('location', 'Copenhagen')])
2025-11-22 06:13:24 [INFO] [app.main] [Worker-41128] [1763788404231] Found 1 cars, returning page 1/1 with 1 items
2025-11-22 06:13:24 [INFO] [app.main] [Worker-41128] [1763788404231] Response: 200 Duration: 0.034s Size: 1290 bytes
2025-11-22 06:13:24 [INFO] [app.main] [Worker-41128] [1763788404301] GET /api/cars from 127.0.0.1 User-Agent: Werkzeug/3.1.3
2025-11-22 06:13:24 [INFO] [app.main] [Worker-41128] [1763788404301] Fetching cars with filters: ImmutableMultiDict([('sort_by', 'year'), ('sort_order', 'desc')])
2025-11-22 06:13:24 [INFO] [app.main] [Worker-41128] [1763788404301] Found 3 cars, returning page 1/1 with 3 items
2025-11-22 06:13:24 [INFO] [app.main] [Worker-41128] [1763788404301] Response: 200 Duration: 0.011s Size: 3618 bytes
2025-11-22 06:13:24 [INFO] [app.main] [Worker-41128] [1763788404341] GET /api/cars from 127.0.0.1 User-Agent: Werkzeug/3.1.3
2025-11-22 06:13:24 [INFO] [app.main] [Worker-41128] [1763788404341] Fetching cars with filters: ImmutableMultiDict([('sort_by', 'mileage'), ('sort_order', 'asc')])
2025-11-22 06:13:24 [INFO] [app.main] [Worker-41128] [1763788404341] Found 3 cars, returning page 1/1 with 3 items
2025-11-22 06:13:24 [INFO] [app.main] [Worker-41128] [1763788404341] Response: 200 Duration: 0.016s Size: 3618 bytes
2025-11-22 06:13:24 [INFO] [app.main] [Worker-41128] [1763788404381] GET /api/cars from 127.0.0.1 User-Agent: Werkzeug/3.1.3
2025-11-22 06:13:24 [INFO] [app.main] [Worker-41128] [1763788404381] Fetching cars with filters: ImmutableMultiDict([('max_mileage', '100000')])
2025-11-22 06:13:24 [INFO] [app.main] [Worker-41128] [1763788404381] Found 1 cars, returning page 1/1 with 1 items
2025-11-22 06:13:24 [INFO] [app.main] [Worker-41128] [1763788404381] Response: 200 Duration: 0.005s Size: 1290 bytes
2025-11-22 06:13:24 [INFO] [app.main] [Worker-41128] [1763788404416] GET /api/cars from 127.0.0.1 User-Agent: Werkzeug/3.1.3
2025-11-22 06:13:24 [INFO] [app.main] [Worker-41128] [1763788404416] Fetching cars with filters: ImmutableMultiDict([('min_mileage', '10000')])
2025-11-22 06:13:24 [INFO] [app.main] [Worker-41128] [1763788404416] Found 1 cars, returning page 1/1 with 1 items
2025-11-22 06:13:24 [INFO] [app.main] [Worker-41128] [1763788404416] Response: 200 Duration: 0.005s Size: 1290 bytes
2025-11-22 06:13:24 [INFO] [app.main] [Worker-41128] [1763788404444] POST /api/predict from 127.0.0.1 User-Agent: Werkzeug/3.1.3
2025-11-22 06:13:24 [INFO] [app.main] [Worker-41128] [1763788404444] Request body: {'body_type': 'Sedan', 'brand': 'Honda', 'fuel_type': 'Benzin', 'mileage': 40000, 'model': 'Civic', 'transmission': 'Manual', 'year': 2020}
2025-11-22 06:13:24 [INFO] [app.main] [Worker-41128] [1763788404444] Price prediction requested for: Honda Civic 2020
2025-11-22 06:13:24 [INFO] [app.main] [Worker-41128] [1763788404444] Prediction completed in 0.001s: 102039.62 DKK (confidence: 82.0%)
2025-11-22 06:13:24 [INFO] [app.main] [Worker-41128] [1763788404444] Response: 200 Duration: 0.004s Size: 330 bytes
2025-11-22 06:13:24 [INFO] [app.main] [Worker-41128] [1763788404482] GET /api/cars from 127.0.0.1 User-Agent: Werkzeug/3.1.3
2025-11-22 06:13:24 [INFO] [app.main] [Worker-41128] [1763788404482] Fetching cars with filters: ImmutableMultiDict([('brand', 'Toyota'), ('model', 'Camry'), ('fuel_type', 'Benzin'), ('transmission', 'Automatisk'), ('body_type', 'Sedan'), ('location', 'Aarhus'), ('min_year', '2015'), ('max_year', '2025')])
2025-11-22 06:13:24 [INFO] [app.main] [Worker-41128] [1763788404482] Found 1 cars, returning page 1/1 with 1 items
2025-11-22 06:13:24 [INFO] [app.main] [Worker-41128] [1763788404482] Response: 200 Duration: 0.027s Size: 1286 bytes
2025-11-22 06:13:24 [INFO] [app.main] [Worker-41128] [1763788404538] POST /api/cars from 127.0.0.1 User-Agent: Werkzeug/3.1.3
2025-11-22 06:13:24 [INFO] [app.main] [Worker-41128] [1763788404538] Request body: {'body_type': 'Sedan', 'brand': 'Subaru', 'fuel_type': 'Benzin', 'mileage': 55000, 'model': 'Impreza', 'price': 'expensive', 'transmission': 'Manual', 'year': 2019}
2025-11-22 06:13:24 [INFO] [app.main] [Worker-41128] [1763788404538] Creating new car: Subaru Impreza
2025-11-22 06:13:24 [WARNING] [app.main] [Worker-41128] [1763788404538] Validation error in create_car: Price must be a number
2025-11-22 06:13:24 [INFO] [app.main] [Worker-41128] [1763788404538] Response: 400 Duration: 0.002s Size: 51 bytes
2025-11-22 06:13:24 [INFO] [app.main] [Worker-41128] [1763788404567] POST /api/cars from 127.0.0.1 User-Agent: Werkzeug/3.1.3
2025-11-22 06:13:24 [INFO] [app.main] [Worker-41128] [1763788404567] Request body: {'body_type': 'SUV', 'brand': 'Mitsubishi', 'fuel_type': 'Diesel', 'mileage': -1000, 'model': 'Outlander', 'price': 280000.0, 'transmission': 'Automatic', 'year': 2020}
2025-11-22 06:13:24 [INFO] [app.main] [Worker-41128] [1763788404567] Creating new car: Mitsubishi Outlander
2025-11-22 06:13:24 [WARNING] [app.main] [Worker-41128] [1763788404567] Validation error in create_car: mileage cannot be negative
2025-11-22 06:13:24 [INFO] [app.main] [Worker-41128] [1763788404567] Response: 400 Duration: 0.002s Size: 55 bytes
2025-11-22 06:13:24 [INFO] [app.main] [Worker-41128] [1763788404596] POST /api/predict from 127.0.0.1 User-Agent: Werkzeug/3.1.3
2025-11-22 06:13:24 [INFO] [app.main] [Worker-41128] [1763788404596] Request body: {'body_type': 'Sedan', 'brand': 'Lexus', 'doors': 'many', 'fuel_type': 'Benzin', 'mileage': 35000, 'model': 'IS', 'transmission': 'Automatic', 'year': 2019}
2025-11-22 06:13:24 [INFO] [app.main] [Worker-41128] [1763788404596] Price prediction requested for: Lexus IS 2019
2025-11-22 06:13:24 [WARNING] [app.main] [Worker-41128] [1763788404596] Validation error in predict_price: doors must be an integer
2025-11-22 06:13:24 [INFO] [app.main] [Worker-41128] [1763788404596] Response: 400 Duration: 0.003s Size: 53 bytes
2025-11-22 06:13:24 [INFO] [app.main] [Worker-41128] [1763788404622] POST /api/predict from 127.0.0.1 User-Agent: Werkzeug/3.1.3
2025-11-22 06:13:24 [INFO] [app.main] [Worker-41128] [1763788404622] Request body: {'body_type': 'SUV', 'brand': 'Jeep', 'fuel_type': 'Benzin', 'mileage': 28000, 'model': 'Cherokee', 'seats': 'lots', 'transmission': 'Automatic', 'year': 2020}
2025-11-22 06:13:24 [INFO] [app.main] [Worker-41128] [1763788404622] Price prediction requested for: Jeep Cherokee 2020
2025-11-22 06:13:24 [WARNING] [app.main] [Worker-41128] [1763788404622] Validation error in predict_price: seats must be an integer
2025-11-22 06:13:24 [INFO] [app.main] [Worker-41128] [1763788404622] Response: 400 Duration: 0.002s Size: 53 bytes
2025-11-22 06:13:24 [INFO] [app.ml.predictor] [Worker-41128] Loaded model from C:\Users\Igor Cretu\Desktop\Bachelor\Project\BackEnd\API\app\ml\../../models\best_model_xgboost.pkl
2025-11-22 06:13:24 [INFO] [app.ml.predictor] [Worker-41128] Loaded model from C:\Users\Igor Cretu\Desktop\Bachelor\Project\BackEnd\API\app\ml\../../models\best_model_xgboost.pkl
2025-11-22 06:13:24 [INFO] [app.ml.predictor] [Worker-41128] Loaded model from C:\Users\Igor Cretu\Desktop\Bachelor\Project\BackEnd\API\app\ml\../../models\best_model_xgboost.pkl
2025-11-22 06:13:24 [INFO] [app.ml.predictor] [Worker-41128] Loaded model from C:\Users\Igor Cretu\Desktop\Bachelor\Project\BackEnd\API\app\ml\../../models\best_model_xgboost.pkl
2025-11-22 06:13:58 [INFO] [app.main] [Worker-73108] ================================================================================
2025-11-22 06:13:58 [INFO] [app.main] [Worker-73108] INITIALIZING BPR BACKEND API
2025-11-22 06:13:58 [INFO] [app.main] [Worker-73108] ================================================================================
2025-11-22 06:13:58 [INFO] [app.main] [Worker-73108] CORS locked to: ['https://bpr-g26.netlify.app', 'https://test.bachelorproject26.site', 'https://bachelorproject26.site', 'http://localhost:5173', 'http://127.0.0.1:5173', 'https://carpredict.netlify.app']
2025-11-22 06:13:58 [INFO] [app.main] [Worker-73108] Database URL configured: localhost
2025-11-22 06:13:58 [INFO] [app.main] [Worker-73108] Database initialized with connection pooling
2025-11-22 06:13:58 [INFO] [app.main] [Worker-73108] Initializing ML predictor...
2025-11-22 06:14:00 [INFO] [app.ml.predictor] [Worker-73108] Loaded model from C:\Users\Igor Cretu\Desktop\Bachelor\Project\BackEnd\API\app\ml\../../models\best_model_xgboost.pkl
2025-11-22 06:14:00 [INFO] [app.main] [Worker-73108] ML Predictor initialized: {'version': 'v1.0.0-heuristic', 'loaded': False, 'type': 'heuristic', 'model_name': 'N/A', 'test_r2': 'N/A', 'test_mae': 'N/A', 'features_count': 0}
2025-11-22 06:14:00 [INFO] [app.main] [Worker-73108] Application loaded by WSGI server
2025-11-22 06:14:00 [INFO] [app.main] [Worker-73108] Configuration: {}
2025-11-22 06:14:01 [INFO] [app.main] [Worker-73108] [1763788441747] POST /api/cars from 127.0.0.1 User-Agent: Werkzeug/3.1.3
2025-11-22 06:14:01 [INFO] [app.main] [Worker-73108] [1763788441747] Request body: {'body_type': 'Sedan', 'brand': 'BMW', 'fuel_type': 'Diesel', 'mileage': 50000, 'model': '320d', 'price': 250000.0, 'transmission': 'Automatic', 'year': 2020}
2025-11-22 06:14:01 [INFO] [app.main] [Worker-73108] [1763788441747] Creating new car: BMW 320d
2025-11-22 06:14:01 [INFO] [app.main] [Worker-73108] [1763788441747] Successfully created car with ID: 00bc1ff6-dad6-4c05-91f9-d506529677fd
2025-11-22 06:14:01 [INFO] [app.main] [Worker-73108] [1763788441747] Response: 201 Duration: 0.058s Size: 1213 bytes
2025-11-22 06:14:01 [INFO] [app.main] [Worker-73108] [1763788441835] POST /api/cars from 127.0.0.1 User-Agent: Werkzeug/3.1.3
2025-11-22 06:14:01 [INFO] [app.main] [Worker-73108] [1763788441835] Request body: {'brand': 'BMW', 'model': '320d'}
2025-11-22 06:14:01 [WARNING] [app.main] [Worker-73108] [1763788441835] Validation error in create_car: Missing required fields: year, mileage, fuel_type, transmission, body_type, price
2025-11-22 06:14:01 [INFO] [app.main] [Worker-73108] [1763788441835] Response: 400 Duration: 0.001s Size: 110 bytes
2025-11-22 06:14:01 [INFO] [app.main] [Worker-73108] [1763788441937] POST /api/cars from 127.0.0.1 User-Agent: Werkzeug/3.1.3
2025-11-22 06:14:01 [INFO] [app.main] [Worker-73108] [1763788441937] Request body: {'body_type': 'Sedan', 'brand': 'BMW', 'fuel_type': 'Diesel', 'mileage': 50000, 'model': '320d', 'price': 250000.0, 'transmission': 'Automatic', 'year': 'not_a_year'}
2025-11-22 06:14:01 [INFO] [app.main] [Worker-73108] [1763788441937] Creating new car: BMW 320d
2025-11-22 06:14:01 [WARNING] [app.main] [Worker-73108] [1763788441937] Validation error in create_car: Year must be an integer
2025-11-22 06:14:01 [INFO] [app.main] [Worker-73108] [1763788441937] Response: 400 Duration: 0.002s Size: 52 bytes
2025-11-22 06:14:01 [INFO] [app.main] [Worker-73108] [1763788441972] GET /api/cars/test-car-123 from 127.0.0.1 User-Agent: Werkzeug/3.1.3
2025-11-22 06:14:01 [INFO] [app.main] [Worker-73108] [1763788441972] Fetching car with ID: test-car-123
2025-11-22 06:14:01 [INFO] [app.main] [Worker-73108] [1763788441972] Successfully retrieved car test-car-123
2025-11-22 06:14:01 [INFO] [app.main] [Worker-73108] [1763788441972] Response: 200 Duration: 0.010s Size: 1163 bytes
2025-11-22 06:14:02 [INFO] [app.main] [Worker-73108] [1763788442007] POST /api/predict from 127.0.0.1 User-Agent: Werkzeug/3.1.3
2025-11-22 06:14:02 [INFO] [app.main] [Worker-73108] [1763788442007] Request body: {'body_type': 'Sedan', 'brand': 'Audi', 'fuel_type': 'Diesel', 'mileage': 60000, 'model': 'A4', 'transmission': 'Automatic', 'year': 2019}
2025-11-22 06:14:02 [INFO] [app.main] [Worker-73108] [1763788442007] Price prediction requested for: Audi A4 2019
2025-11-22 06:14:02 [INFO] [app.main] [Worker-73108] [1763788442007] Prediction completed in 0.000s: 162121.7 DKK (confidence: 82.0%)
2025-11-22 06:14:02 [INFO] [app.main] [Worker-73108] [1763788442007] Response: 200 Duration: 0.008s Size: 327 bytes
2025-11-22 06:14:02 [INFO] [app.main] [Worker-73108] [1763788442041] GET /api/queue/job/nonexistent-id from 127.0.0.1 User-Agent: Werkzeug/3.1.3
2025-11-22 06:14:02 [WARNING] [app.main] [Worker-73108] [1763788442041] 404 error: /api/queue/job/nonexistent-id
2025-11-22 06:14:02 [INFO] [app.main] [Worker-73108] [1763788442041] Response: 404 Duration: 0.002s Size: 86 bytes
2025-11-22 06:14:02 [INFO] [app.main] [Worker-73108] [1763788442071] GET /api/cars from 127.0.0.1 User-Agent: Werkzeug/3.1.3
2025-11-22 06:14:02 [INFO] [app.main] [Worker-73108] [1763788442071] Fetching cars with filters: ImmutableMultiDict([('brand', 'Toyota'), ('fuel_type', 'Diesel'), ('min_year', '2018')])
2025-11-22 06:14:02 [INFO] [app.main] [Worker-73108] [1763788442071] Found 0 cars, returning page 1/0 with 0 items
2025-11-22 06:14:02 [INFO] [app.main] [Worker-73108] [1763788442071] Response: 200 Duration: 0.030s Size: 127 bytes
2025-11-22 06:14:02 [INFO] [app.main] [Worker-73108] [1763788442127] GET /api/cars from 127.0.0.1 User-Agent: Werkzeug/3.1.3
2025-11-22 06:14:02 [INFO] [app.main] [Worker-73108] [1763788442127] Fetching cars with filters: ImmutableMultiDict([('search', 'Toyota')])
2025-11-22 06:14:02 [INFO] [app.main] [Worker-73108] [1763788442127] Found 1 cars, returning page 1/1 with 1 items
2025-11-22 06:14:02 [INFO] [app.main] [Worker-73108] [1763788442127] Response: 200 Duration: 0.033s Size: 1266 bytes
2025-11-22 06:14:02 [INFO] [app.main] [Worker-73108] [1763788442196] GET /api/cars from 127.0.0.1 User-Agent: Werkzeug/3.1.3
2025-11-22 06:14:02 [INFO] [app.main] [Worker-73108] [1763788442196] Fetching cars with filters: ImmutableMultiDict([('sort_by', 'price'), ('sort_order', 'desc')])
2025-11-22 06:14:02 [INFO] [app.main] [Worker-73108] [1763788442196] Found 3 cars, returning page 1/1 with 3 items
2025-11-22 06:14:02 [INFO] [app.main] [Worker-73108] [1763788442196] Response: 200 Duration: 0.011s Size: 3618 bytes
2025-11-22 06:14:02 [INFO] [app.main] [Worker-73108] [1763788442234] GET /api/brands from 127.0.0.1 User-Agent: Werkzeug/3.1.3
2025-11-22 06:14:02 [INFO] [app.main] [Worker-73108] [1763788442234] Fetching brands
2025-11-22 06:14:02 [INFO] [app.main] [Worker-73108] [1763788442234] Found 1 brands
2025-11-22 06:14:02 [INFO] [app.main] [Worker-73108] [1763788442234] Response: 200 Duration: 0.007s Size: 56 bytes
2025-11-22 06:14:02 [INFO] [app.main] [Worker-73108] [1763788442271] POST /api/predict from 127.0.0.1 User-Agent: Werkzeug/3.1.3
2025-11-22 06:14:02 [INFO] [app.main] [Worker-73108] [1763788442271] Request body: {'body_type': 'Sedan', 'brand': 'Mercedes', 'doors': 4, 'engine_size': 2.0, 'fuel_type': 'Diesel', 'horsepower': 200, 'mileage': 30000, 'model': 'C-Class', 'seats': 5, 'transmission': 'Automatic', 'year': 2021}
2025-11-22 06:14:02 [INFO] [app.main] [Worker-73108] [1763788442271] Price prediction requested for: Mercedes C-Class 2021
2025-11-22 06:14:02 [INFO] [app.main] [Worker-73108] [1763788442271] Prediction completed in 0.000s: 145563.82 DKK (confidence: 87.0%)
2025-11-22 06:14:02 [INFO] [app.main] [Worker-73108] [1763788442271] Response: 200 Duration: 0.006s Size: 394 bytes
2025-11-22 06:14:02 [INFO] [app.main] [Worker-73108] [1763788442304] POST /api/predict from 127.0.0.1 User-Agent: Werkzeug/3.1.3
2025-11-22 06:14:02 [INFO] [app.main] [Worker-73108] [1763788442304] Request body: {'body_type': 'Sedan', 'brand': 'Mercedes', 'fuel_type': 'Diesel', 'mileage': 30000, 'model': 'C-Class', 'transmission': 'Automatic', 'year': 'invalid'}
2025-11-22 06:14:02 [INFO] [app.main] [Worker-73108] [1763788442304] Price prediction requested for: Mercedes C-Class invalid
2025-11-22 06:14:02 [WARNING] [app.main] [Worker-73108] [1763788442304] Validation error in predict_price: Year must be an integer
2025-11-22 06:14:02 [INFO] [app.main] [Worker-73108] [1763788442304] Response: 400 Duration: 0.002s Size: 52 bytes
2025-11-22 06:14:02 [INFO] [app.main] [Worker-73108] [1763788442330] GET /api/cars from 127.0.0.1 User-Agent: Werkzeug/3.1.3
2025-11-22 06:14:02 [INFO] [app.main] [Worker-73108] [1763788442330] Fetching cars with filters: ImmutableMultiDict([('page', '999999')])
2025-11-22 06:14:02 [INFO] [app.main] [Worker-73108] [1763788442330] Found 0 cars, returning page 999999/0 with 0 items
2025-11-22 06:14:02 [INFO] [app.main] [Worker-73108] [1763788442330] Response: 200 Duration: 0.006s Size: 131 bytes
2025-11-22 06:14:02 [INFO] [app.main] [Worker-73108] [1763788442368] GET /api/cars from 127.0.0.1 User-Agent: Werkzeug/3.1.3
2025-11-22 06:14:02 [INFO] [app.main] [Worker-73108] [1763788442368] Fetching cars with filters: ImmutableMultiDict([('per_page', '2')])
2025-11-22 06:14:02 [INFO] [app.main] [Worker-73108] [1763788442368] Found 5 cars, returning page 1/3 with 2 items
2025-11-22 06:14:02 [INFO] [app.main] [Worker-73108] [1763788442368] Response: 200 Duration: 0.007s Size: 2452 bytes
2025-11-22 06:14:02 [INFO] [app.main] [Worker-73108] [1763788442408] GET /api/stats from 127.0.0.1 User-Agent: Werkzeug/3.1.3
2025-11-22 06:14:02 [INFO] [app.main] [Worker-73108] [1763788442408] Fetching market statistics
2025-11-22 06:14:02 [INFO] [app.main] [Worker-73108] [1763788442408] Statistics: 1 total cars
2025-11-22 06:14:02 [INFO] [app.main] [Worker-73108] [1763788442408] Response: 200 Duration: 0.017s Size: 217 bytes
2025-11-22 06:14:02 [INFO] [app.main] [Worker-73108] [1763788442460] GET /api/cars from 127.0.0.1 User-Agent: Werkzeug/3.1.3
2025-11-22 06:14:02 [INFO] [app.main] [Worker-73108] [1763788442460] Fetching cars with filters: ImmutableMultiDict([])
2025-11-22 06:14:02 [INFO] [app.main] [Worker-73108] [1763788442460] Found 0 cars, returning page 1/0 with 0 items
2025-11-22 06:14:02 [INFO] [app.main] [Worker-73108] [1763788442460] Response: 200 Duration: 0.006s Size: 127 bytes
2025-11-22 06:14:02 [INFO] [app.main] [Worker-73108] [1763788442501] GET /api/cars from 127.0.0.1 User-Agent: Werkzeug/3.1.3
2025-11-22 06:14:02 [INFO] [app.main] [Worker-73108] [1763788442501] Fetching cars with filters: ImmutableMultiDict([])
2025-11-22 06:14:02 [INFO] [app.main] [Worker-73108] [1763788442501] Found 0 cars, returning page 1/0 with 0 items
2025-11-22 06:14:02 [INFO] [app.main] [Worker-73108] [1763788442501] Response: 200 Duration: 0.007s Size: 127 bytes
2025-11-22 06:14:02 [INFO] [app.main] [Worker-73108] [1763788442539] GET /api/cars from 127.0.0.1 User-Agent: Werkzeug/3.1.3
2025-11-22 06:14:02 [INFO] [app.main] [Worker-73108] [1763788442539] Fetching cars with filters: ImmutableMultiDict([('page', '1'), ('per_page', '10')])
2025-11-22 06:14:02 [INFO] [app.main] [Worker-73108] [1763788442539] Found 0 cars, returning page 1/0 with 0 items
2025-11-22 06:14:02 [INFO] [app.main] [Worker-73108] [1763788442539] Response: 200 Duration: 0.007s Size: 127 bytes
2025-11-22 06:14:02 [INFO] [app.main] [Worker-73108] [1763788442573] GET /api/cars from 127.0.0.1 User-Agent: Werkzeug/3.1.3
2025-11-22 06:14:02 [INFO] [app.main] [Worker-73108] [1763788442573] Fetching cars with filters: ImmutableMultiDict([('brand', 'Toyota'), ('fuel_type', 'Benzin')])
2025-11-22 06:14:02 [INFO] [app.main] [Worker-73108] [1763788442573] Found 0 cars, returning page 1/0 with 0 items
2025-11-22 06:14:02 [INFO] [app.main] [Worker-73108] [1763788442573] Response: 200 Duration: 0.007s Size: 127 bytes
2025-11-22 06:14:02 [INFO] [app.main] [Worker-73108] [1763788442612] GET /api/cars from 127.0.0.1 User-Agent: Werkzeug/3.1.3
2025-11-22 06:14:02 [INFO] [app.main] [Worker-73108] [1763788442612] Fetching cars with filters: ImmutableMultiDict([('q', 'Toyota')])
2025-11-22 06:14:02 [INFO] [app.main] [Worker-73108] [1763788442612] Found 0 cars, returning page 1/0 with 0 items
2025-11-22 06:14:02 [INFO] [app.main] [Worker-73108] [1763788442612] Response: 200 Duration: 0.034s Size: 127 bytes
2025-11-22 06:14:02 [INFO] [app.main] [Worker-73108] [1763788442677] GET /api/cars from 127.0.0.1 User-Agent: Werkzeug/3.1.3
2025-11-22 06:14:02 [INFO] [app.main] [Worker-73108] [1763788442677] Fetching cars with filters: ImmutableMultiDict([('price_min', '100000'), ('price_max', '500000')])
2025-11-22 06:14:02 [INFO] [app.main] [Worker-73108] [1763788442677] Found 0 cars, returning page 1/0 with 0 items
2025-11-22 06:14:02 [INFO] [app.main] [Worker-73108] [1763788442677] Response: 200 Duration: 0.040s Size: 127 bytes
2025-11-22 06:14:02 [INFO] [app.main] [Worker-73108] [1763788442747] GET /api/cars from 127.0.0.1 User-Agent: Werkzeug/3.1.3
2025-11-22 06:14:02 [INFO] [app.main] [Worker-73108] [1763788442747] Fetching cars with filters: ImmutableMultiDict([('year_min', '2018'), ('year_max', '2022')])
2025-11-22 06:14:02 [INFO] [app.main] [Worker-73108] [1763788442747] Found 0 cars, returning page 1/0 with 0 items
2025-11-22 06:14:02 [INFO] [app.main] [Worker-73108] [1763788442747] Response: 200 Duration: 0.034s Size: 127 bytes
2025-11-22 06:14:02 [INFO] [app.main] [Worker-73108] [1763788442813] GET /api/cars/invalid-id-999999 from 127.0.0.1 User-Agent: Werkzeug/3.1.3
2025-11-22 06:14:02 [INFO] [app.main] [Worker-73108] [1763788442813] Fetching car with ID: invalid-id-999999
2025-11-22 06:14:02 [WARNING] [app.main] [Worker-73108] [1763788442813] 404 error: /api/cars/invalid-id-999999
2025-11-22 06:14:02 [INFO] [app.main] [Worker-73108] [1763788442813] Response: 404 Duration: 0.012s Size: 84 bytes
2025-11-22 06:14:02 [INFO] [app.main] [Worker-73108] [1763788442852] GET /api/cars/test-id from 127.0.0.1 User-Agent: Werkzeug/3.1.3
2025-11-22 06:14:02 [INFO] [app.main] [Worker-73108] [1763788442852] Fetching car with ID: test-id
2025-11-22 06:14:02 [WARNING] [app.main] [Worker-73108] [1763788442852] 404 error: /api/cars/test-id
2025-11-22 06:14:02 [INFO] [app.main] [Worker-73108] [1763788442852] Response: 404 Duration: 0.006s Size: 74 bytes
2025-11-22 06:14:02 [INFO] [app.main] [Worker-73108] [1763788442891] GET /api/brands from 127.0.0.1 User-Agent: Werkzeug/3.1.3
2025-11-22 06:14:02 [INFO] [app.main] [Worker-73108] [1763788442891] Fetching brands
2025-11-22 06:14:02 [INFO] [app.main] [Worker-73108] [1763788442891] Found 0 brands
2025-11-22 06:14:02 [INFO] [app.main] [Worker-73108] [1763788442891] Response: 200 Duration: 0.004s Size: 29 bytes
2025-11-22 06:14:02 [INFO] [app.main] [Worker-73108] [1763788442927] GET /api/brands from 127.0.0.1 User-Agent: Werkzeug/3.1.3
2025-11-22 06:14:02 [INFO] [app.main] [Worker-73108] [1763788442927] Fetching brands
2025-11-22 06:14:02 [INFO] [app.main] [Worker-73108] [1763788442927] Found 0 brands
2025-11-22 06:14:02 [INFO] [app.main] [Worker-73108] [1763788442927] Response: 200 Duration: 0.003s Size: 29 bytes
2025-11-22 06:14:02 [INFO] [app.main] [Worker-73108] [1763788442960] GET /api/brands from 127.0.0.1 User-Agent: Werkzeug/3.1.3
2025-11-22 06:14:02 [INFO] [app.main] [Worker-73108] [1763788442960] Fetching brands
2025-11-22 06:14:02 [INFO] [app.main] [Worker-73108] [1763788442960] Found 0 brands
2025-11-22 06:14:02 [INFO] [app.main] [Worker-73108] [1763788442960] Response: 200 Duration: 0.005s Size: 29 bytes
2025-11-22 06:14:02 [INFO] [app.main] [Worker-73108] [1763788442990] GET /api/filters from 127.0.0.1 User-Agent: Werkzeug/3.1.3
2025-11-22 06:14:02 [INFO] [app.main] [Worker-73108] [1763788442990] Fetching filter options
2025-11-22 06:14:03 [INFO] [app.main] [Worker-73108] [1763788442990] Retrieved all filter options successfully
2025-11-22 06:14:03 [INFO] [app.main] [Worker-73108] [1763788442990] Response: 200 Duration: 0.017s Size: 210 bytes
2025-11-22 06:14:03 [INFO] [app.main] [Worker-73108] [1763788443036] GET /api/filters from 127.0.0.1 User-Agent: Werkzeug/3.1.3
2025-11-22 06:14:03 [INFO] [app.main] [Worker-73108] [1763788443036] Fetching filter options
2025-11-22 06:14:03 [INFO] [app.main] [Worker-73108] [1763788443036] Retrieved all filter options successfully
2025-11-22 06:14:03 [INFO] [app.main] [Worker-73108] [1763788443036] Response: 200 Duration: 0.009s Size: 210 bytes
2025-11-22 06:14:03 [INFO] [app.main] [Worker-73108] [1763788443077] GET /api/filters from 127.0.0.1 User-Agent: Werkzeug/3.1.3
2025-11-22 06:14:03 [INFO] [app.main] [Worker-73108] [1763788443077] Fetching filter options
2025-11-22 06:14:03 [INFO] [app.main] [Worker-73108] [1763788443077] Retrieved all filter options successfully
2025-11-22 06:14:03 [INFO] [app.main] [Worker-73108] [1763788443077] Response: 200 Duration: 0.013s Size: 210 bytes
2025-11-22 06:14:03 [INFO] [app.main] [Worker-73108] [1763788443120] GET /api/predict from 127.0.0.1 User-Agent: Werkzeug/3.1.3
2025-11-22 06:14:03 [WARNING] [app.main] [Worker-73108] [1763788443120] 405 error: GET /api/predict
2025-11-22 06:14:03 [INFO] [app.main] [Worker-73108] [1763788443120] Response: 405 Duration: 0.001s Size: 84 bytes
2025-11-22 06:14:03 [INFO] [app.main] [Worker-73108] [1763788443151] POST /api/predict from 127.0.0.1 User-Agent: Werkzeug/3.1.3
2025-11-22 06:14:03 [INFO] [app.main] [Worker-73108] [1763788443151] Request body: {'brand': 'Toyota', 'model': 'Camry', 'year': 2020, 'mileage': 50000, 'fuel_type': 'Benzin', 'transmission': 'Automatisk', 'body_type': 'Sedan', 'horsepower': 200, 'engine_size': 2.5, 'doors': 4, 'color': 'Black'}
2025-11-22 06:14:03 [INFO] [app.main] [Worker-73108] [1763788443151] Price prediction requested for: Toyota Camry 2020
2025-11-22 06:14:03 [INFO] [app.main] [Worker-73108] [1763788443151] Prediction completed in 0.000s: 136601.59 DKK (confidence: 87.0%)
2025-11-22 06:14:03 [INFO] [app.main] [Worker-73108] [1763788443151] Response: 200 Duration: 0.006s Size: 396 bytes
2025-11-22 06:14:03 [INFO] [app.main] [Worker-73108] [1763788443188] POST /api/predict from 127.0.0.1 User-Agent: Werkzeug/3.1.3
2025-11-22 06:14:03 [WARNING] [app.main] [Worker-73108] [1763788443188] Validation error in predict_price: Request body must be valid JSON
2025-11-22 06:14:03 [INFO] [app.main] [Worker-73108] [1763788443188] Response: 400 Duration: 0.002s Size: 60 bytes
2025-11-22 06:14:03 [INFO] [app.main] [Worker-73108] [1763788443217] POST /api/predict from 127.0.0.1 User-Agent: Werkzeug/3.1.3
2025-11-22 06:14:03 [WARNING] [app.main] [Worker-73108] [1763788443217] Validation error in predict_price: Missing required fields: brand, model, year, mileage, fuel_type, transmission, body_type
2025-11-22 06:14:03 [INFO] [app.main] [Worker-73108] [1763788443217] Response: 400 Duration: 0.002s Size: 117 bytes
2025-11-22 06:14:03 [INFO] [app.main] [Worker-73108] [1763788443250] GET /api/health from 127.0.0.1 User-Agent: Werkzeug/3.1.3
2025-11-22 06:14:03 [WARNING] [app.main] [Worker-73108] [1763788443250] 404 error: /api/health
2025-11-22 06:14:03 [INFO] [app.main] [Worker-73108] [1763788443250] Response: 404 Duration: 0.002s Size: 68 bytes
2025-11-22 06:14:03 [INFO] [app.main] [Worker-73108] [1763788443275] GET /api/models from 127.0.0.1 User-Agent: Werkzeug/3.1.3
2025-11-22 06:14:03 [WARNING] [app.main] [Worker-73108] [1763788443275] 404 error: /api/models
2025-11-22 06:14:03 [INFO] [app.main] [Worker-73108] [1763788443275] Response: 404 Duration: 0.002s Size: 68 bytes
2025-11-22 06:14:03 [INFO] [app.main] [Worker-73108] [1763788443306] GET /api/models from 127.0.0.1 User-Agent: Werkzeug/3.1.3
2025-11-22 06:14:03 [WARNING] [app.main] [Worker-73108] [1763788443306] 404 error: /api/models
2025-11-22 06:14:03 [INFO] [app.main] [Worker-73108] [1763788443306] Response: 404 Duration: 0.000s Size: 68 bytes
2025-11-22 06:14:03 [INFO] [app.main] [Worker-73108] [1763788443331] GET /api/models from 127.0.0.1 User-Agent: Werkzeug/3.1.3
2025-11-22 06:14:03 [WARNING] [app.main] [Worker-73108] [1763788443331] 404 error: /api/models
2025-11-22 06:14:03 [INFO] [app.main] [Worker-73108] [1763788443331] Response: 404 Duration: 0.002s Size: 68 bytes
2025-11-22 06:14:03 [INFO] [app.main] [Worker-73108] [1763788443358] GET /api/stats from 127.0.0.1 User-Agent: Werkzeug/3.1.3
2025-11-22 06:14:03 [INFO] [app.main] [Worker-73108] [1763788443358] Fetching market statistics
2025-11-22 06:14:03 [INFO] [app.main] [Worker-73108] [1763788443358] Statistics: 0 total cars
2025-11-22 06:14:03 [INFO] [app.main] [Worker-73108] [1763788443358] Response: 200 Duration: 0.008s Size: 136 bytes
2025-11-22 06:14:03 [INFO] [app.main] [Worker-73108] [1763788443390] GET /api/stats from 127.0.0.1 User-Agent: Werkzeug/3.1.3
2025-11-22 06:14:03 [INFO] [app.main] [Worker-73108] [1763788443390] Fetching market statistics
2025-11-22 06:14:03 [INFO] [app.main] [Worker-73108] [1763788443390] Statistics: 0 total cars
2025-11-22 06:14:03 [INFO] [app.main] [Worker-73108] [1763788443390] Response: 200 Duration: 0.008s Size: 136 bytes
2025-11-22 06:14:03 [INFO] [app.main] [Worker-73108] [1763788443430] GET /api/queue/status from 127.0.0.1 User-Agent: Werkzeug/3.1.3
2025-11-22 06:14:03 [WARNING] [app.main] [Worker-73108] [1763788443430] 404 error: /api/queue/status
2025-11-22 06:14:03 [INFO] [app.main] [Worker-73108] [1763788443430] Response: 404 Duration: 0.002s Size: 74 bytes
2025-11-22 06:14:03 [INFO] [app.main] [Worker-73108] [1763788443454] GET /api/queue/job/test-job-123 from 127.0.0.1 User-Agent: Werkzeug/3.1.3
2025-11-22 06:14:03 [WARNING] [app.main] [Worker-73108] [1763788443454] 404 error: /api/queue/job/test-job-123
2025-11-22 06:14:03 [INFO] [app.main] [Worker-73108] [1763788443454] Response: 404 Duration: 0.002s Size: 84 bytes
2025-11-22 06:14:03 [INFO] [app.main] [Worker-73108] [1763788443481] GET /api/nonexistent-endpoint from 127.0.0.1 User-Agent: Werkzeug/3.1.3
2025-11-22 06:14:03 [WARNING] [app.main] [Worker-73108] [1763788443481] 404 error: /api/nonexistent-endpoint
2025-11-22 06:14:03 [INFO] [app.main] [Worker-73108] [1763788443481] Response: 404 Duration: 0.002s Size: 82 bytes
2025-11-22 06:14:03 [INFO] [app.main] [Worker-73108] [1763788443511] POST /api/predict from 127.0.0.1 User-Agent: Werkzeug/3.1.3
2025-11-22 06:14:03 [WARNING] [app.main] [Worker-73108] [1763788443511] Validation error in predict_price: Request body must be valid JSON
2025-11-22 06:14:03 [INFO] [app.main] [Worker-73108] [1763788443511] Response: 400 Duration: 0.001s Size: 60 bytes
2025-11-22 06:14:03 [INFO] [app.main] [Worker-73108] [1763788443541] POST /api/predict from 127.0.0.1 User-Agent: Werkzeug/3.1.3
2025-11-22 06:14:03 [WARNING] [app.main] [Worker-73108] [1763788443541] Validation error in predict_price: Request body must be valid JSON
2025-11-22 06:14:03 [INFO] [app.main] [Worker-73108] [1763788443541] Response: 400 Duration: 0.002s Size: 60 bytes
2025-11-22 06:14:03 [INFO] [app.main] [Worker-73108] [1763788443579] PUT /api/cars/97d58a56-d9e0-410d-9147-840e829b553f from 127.0.0.1 User-Agent: Werkzeug/3.1.3
2025-11-22 06:14:03 [INFO] [app.main] [Worker-73108] [1763788443579] Request body: {'mileage': 60000, 'price': 300000.0}
2025-11-22 06:14:03 [WARNING] [app.main] [Worker-73108] [1763788443579] 405 error: PUT /api/cars/97d58a56-d9e0-410d-9147-840e829b553f
2025-11-22 06:14:03 [INFO] [app.main] [Worker-73108] [1763788443579] Response: 405 Duration: 0.002s Size: 118 bytes
2025-11-22 06:14:03 [INFO] [app.main] [Worker-73108] [1763788443616] DELETE /api/cars/7da9ba67-6dfd-4543-8dcc-c98025145bb3 from 127.0.0.1 User-Agent: Werkzeug/3.1.3
2025-11-22 06:14:03 [WARNING] [app.main] [Worker-73108] [1763788443616] 405 error: DELETE /api/cars/7da9ba67-6dfd-4543-8dcc-c98025145bb3
2025-11-22 06:14:03 [INFO] [app.main] [Worker-73108] [1763788443616] Response: 405 Duration: 0.002s Size: 121 bytes
2025-11-22 06:14:03 [INFO] [app.main] [Worker-73108] [1763788443647] POST /api/predict from 127.0.0.1 User-Agent: Werkzeug/3.1.3
2025-11-22 06:14:03 [INFO] [app.main] [Worker-73108] [1763788443647] Request body: {'body_type': 'Hatchback', 'brand': 'Volkswagen', 'engine_size': 1.4, 'fuel_type': 'Benzin', 'horsepower': 150, 'mileage': 40000, 'model': 'Golf', 'transmission': 'Manual', 'year': 2019}
2025-11-22 06:14:03 [INFO] [app.main] [Worker-73108] [1763788443647] Price prediction requested for: Volkswagen Golf 2019
2025-11-22 06:14:03 [INFO] [app.main] [Worker-73108] [1763788443647] Prediction completed in 0.000s: 105764.6 DKK (confidence: 87.0%)
2025-11-22 06:14:03 [INFO] [app.main] [Worker-73108] [1763788443647] Response: 200 Duration: 0.004s Size: 373 bytes
2025-11-22 06:14:03 [INFO] [app.main] [Worker-73108] [1763788443681] POST /api/predict from 127.0.0.1 User-Agent: Werkzeug/3.1.3
2025-11-22 06:14:03 [INFO] [app.main] [Worker-73108] [1763788443681] Request body: {'body_type': 'Stationcar', 'brand': 'Ford', 'doors': 5, 'fuel_type': 'Diesel', 'horsepower': 120, 'mileage': 70000, 'model': 'Focus', 'seats': 5, 'transmission': 'Automatic', 'year': 2018}
2025-11-22 06:14:03 [INFO] [app.main] [Worker-73108] [1763788443681] Price prediction requested for: Ford Focus 2018
2025-11-22 06:14:03 [INFO] [app.main] [Worker-73108] [1763788443681] Prediction completed in 0.000s: 75874.62 DKK (confidence: 85.0%)
2025-11-22 06:14:03 [INFO] [app.main] [Worker-73108] [1763788443681] Response: 200 Duration: 0.005s Size: 372 bytes
2025-11-22 06:14:03 [INFO] [app.main] [Worker-73108] [1763788443711] POST /api/predict from 127.0.0.1 User-Agent: Werkzeug/3.1.3
2025-11-22 06:14:03 [INFO] [app.main] [Worker-73108] [1763788443711] Request body: {'body_type': 'Hatchback', 'brand': 'Audi', 'engine_size': 'not_a_number', 'fuel_type': 'Diesel', 'mileage': 30000, 'model': 'A3', 'transmission': 'Automatic', 'year': 2020}
2025-11-22 06:14:03 [INFO] [app.main] [Worker-73108] [1763788443711] Price prediction requested for: Audi A3 2020
2025-11-22 06:14:03 [WARNING] [app.main] [Worker-73108] [1763788443711] Validation error in predict_price: engine_size must be numeric
2025-11-22 06:14:03 [INFO] [app.main] [Worker-73108] [1763788443711] Response: 400 Duration: 0.002s Size: 56 bytes
2025-11-22 06:14:03 [INFO] [app.main] [Worker-73108] [1763788443739] POST /api/predict from 127.0.0.1 User-Agent: Werkzeug/3.1.3
2025-11-22 06:14:03 [INFO] [app.main] [Worker-73108] [1763788443739] Request body: {'body_type': 'Hatchback', 'brand': 'Seat', 'fuel_type': 'Benzin', 'horsepower': 'invalid', 'mileage': 50000, 'model': 'Leon', 'transmission': 'Manual', 'year': 2019}
2025-11-22 06:14:03 [INFO] [app.main] [Worker-73108] [1763788443739] Price prediction requested for: Seat Leon 2019
2025-11-22 06:14:03 [WARNING] [app.main] [Worker-73108] [1763788443739] Validation error in predict_price: horsepower must be an integer
2025-11-22 06:14:03 [INFO] [app.main] [Worker-73108] [1763788443739] Response: 400 Duration: 0.002s Size: 58 bytes
2025-11-22 06:14:03 [INFO] [app.main] [Worker-73108] [1763788443767] POST /api/predict from 127.0.0.1 User-Agent: Werkzeug/3.1.3
2025-11-22 06:14:03 [INFO] [app.main] [Worker-73108] [1763788443767] Request body: {'body_type': 'Sedan', 'brand': 'Skoda', 'fuel_type': 'Diesel', 'mileage': 20000, 'model': 'Octavia', 'transmission': 'Automatic', 'year': 2020}
2025-11-22 06:14:03 [INFO] [app.main] [Worker-73108] [1763788443767] Price prediction requested for: Skoda Octavia 2020
2025-11-22 06:14:03 [INFO] [app.main] [Worker-73108] [1763788443767] Prediction completed in 0.000s: 104229.18 DKK (confidence: 82.0%)
2025-11-22 06:14:03 [INFO] [app.main] [Worker-73108] [1763788443767] Response: 200 Duration: 0.004s Size: 335 bytes
2025-11-22 06:14:03 [INFO] [app.main] [Worker-73108] [1763788443797] POST /api/predict from 127.0.0.1 User-Agent: Werkzeug/3.1.3
2025-11-22 06:14:03 [INFO] [app.main] [Worker-73108] [1763788443797] Request body: {'body_type': 'Hatchback', 'brand': 'Renault', 'fuel_type': 'Benzin', 'mileage': 45000, 'model': 'Clio', 'transmission': 'Manual', 'year': 2019}
2025-11-22 06:14:03 [INFO] [app.main] [Worker-73108] [1763788443797] Price prediction requested for: Renault Clio 2019
2025-11-22 06:14:03 [INFO] [app.main] [Worker-73108] [1763788443797] Queued prediction job f6228ddf-9ce1-4c96-be2f-46b6c6c517c6 (mode=client_force_queue, priority=100, position=0)
2025-11-22 06:14:03 [INFO] [app.main] [Worker-73108] [1763788443797] Response: 202 Duration: 0.016s Size: 403 bytes
2025-11-22 06:14:03 [INFO] [app.main] [Worker-73108] [1763788443837] GET /api/cars/nonexistent-id-12345 from 127.0.0.1 User-Agent: Werkzeug/3.1.3
2025-11-22 06:14:03 [INFO] [app.main] [Worker-73108] [1763788443837] Fetching car with ID: nonexistent-id-12345
2025-11-22 06:14:03 [WARNING] [app.main] [Worker-73108] [1763788443837] 404 error: /api/cars/nonexistent-id-12345
2025-11-22 06:14:03 [INFO] [app.main] [Worker-73108] [1763788443837] Response: 404 Duration: 0.003s Size: 87 bytes
2025-11-22 06:14:03 [INFO] [app.main] [Worker-73108] [1763788443862] POST /api/cars from 127.0.0.1 User-Agent: Werkzeug/3.1.3
2025-11-22 06:14:03 [INFO] [app.main] [Worker-73108] [1763788443862] Request body: {'body_type': 'Hatchback', 'brand': 'Peugeot', 'color': 'Blue', 'dealer_name': 'Test Dealer', 'doors': 5, 'engine_size': 1.2, 'fuel_type': 'Benzin', 'horsepower': 100, 'location': 'Aarhus', 'mileage': 15000, 'model': '208', 'price': 180000.0, 'seats': 5, 'transmission': 'Automatic', 'year': 2021}
2025-11-22 06:14:03 [INFO] [app.main] [Worker-73108] [1763788443862] Creating new car: Peugeot 208
2025-11-22 06:14:03 [INFO] [app.main] [Worker-73108] [1763788443862] Successfully created car with ID: 4d9ba959-e83b-4cd6-9d2e-e591f090755b
2025-11-22 06:14:03 [INFO] [app.main] [Worker-73108] [1763788443862] Response: 201 Duration: 0.008s Size: 1227 bytes
2025-11-22 06:14:03 [INFO] [app.main] [Worker-73108] [1763788443897] GET /api/cars from 127.0.0.1 User-Agent: Werkzeug/3.1.3
2025-11-22 06:14:03 [INFO] [app.main] [Worker-73108] [1763788443897] Fetching cars with filters: ImmutableMultiDict([('brand', 'Toyota'), ('model', 'Camry'), ('fuel_type', 'Benzin'), ('transmission', 'Automatisk'), ('body_type', 'Sedan'), ('min_year', '2015'), ('max_year', '2025'), ('min_price', '100000'), ('max_price', '500000'), ('min_mileage', '0'), ('max_mileage', '100000'), ('page', '1'), ('per_page', '10'), ('sort_by', 'price'), ('sort_order', 'asc')])
2025-11-22 06:14:03 [INFO] [app.main] [Worker-73108] [1763788443897] Found 1 cars, returning page 1/1 with 1 items
2025-11-22 06:14:03 [INFO] [app.main] [Worker-73108] [1763788443897] Response: 200 Duration: 0.035s Size: 1290 bytes
2025-11-22 06:14:03 [INFO] [app.main] [Worker-73108] [1763788443955] POST /api/predict from 127.0.0.1 User-Agent: Werkzeug/3.1.3
2025-11-22 06:14:03 [INFO] [app.main] [Worker-73108] [1763788443955] Request body: {'body_type': 'Hatchback', 'brand': 'Citroen', 'fuel_type': 'Diesel', 'mileage': 'lots', 'model': 'C3', 'transmission': 'Manual', 'year': 2019}
2025-11-22 06:14:03 [INFO] [app.main] [Worker-73108] [1763788443955] Price prediction requested for: Citroen C3 2019
2025-11-22 06:14:03 [WARNING] [app.main] [Worker-73108] [1763788443955] Validation error in predict_price: Mileage must be an integer
2025-11-22 06:14:03 [INFO] [app.main] [Worker-73108] [1763788443955] Response: 400 Duration: 0.002s Size: 55 bytes
2025-11-22 06:14:03 [INFO] [app.main] [Worker-73108] [1763788443985] GET /api/brands from 127.0.0.1 User-Agent: Werkzeug/3.1.3
2025-11-22 06:14:03 [INFO] [app.main] [Worker-73108] [1763788443985] Fetching brands
2025-11-22 06:14:03 [INFO] [app.main] [Worker-73108] [1763788443985] Found 1 brands
2025-11-22 06:14:03 [INFO] [app.main] [Worker-73108] [1763788443985] Response: 200 Duration: 0.004s Size: 56 bytes
2025-11-22 06:14:04 [INFO] [app.main] [Worker-73108] [1763788444026] GET /api/models from 127.0.0.1 User-Agent: Werkzeug/3.1.3
2025-11-22 06:14:04 [WARNING] [app.main] [Worker-73108] [1763788444026] 404 error: /api/models
2025-11-22 06:14:04 [INFO] [app.main] [Worker-73108] [1763788444026] Response: 404 Duration: 0.003s Size: 68 bytes
2025-11-22 06:14:04 [INFO] [app.main] [Worker-73108] [1763788444057] GET /api/filters from 127.0.0.1 User-Agent: Werkzeug/3.1.3
2025-11-22 06:14:04 [INFO] [app.main] [Worker-73108] [1763788444057] Fetching filter options
2025-11-22 06:14:04 [INFO] [app.main] [Worker-73108] [1763788444057] Retrieved all filter options successfully
2025-11-22 06:14:04 [INFO] [app.main] [Worker-73108] [1763788444057] Response: 200 Duration: 0.006s Size: 339 bytes
2025-11-22 06:14:04 [INFO] [app.main] [Worker-73108] [1763788444090] GET /api/cars from 127.0.0.1 User-Agent: Werkzeug/3.1.3
2025-11-22 06:14:04 [INFO] [app.main] [Worker-73108] [1763788444090] Fetching cars with filters: ImmutableMultiDict([('search', 'Toy')])
2025-11-22 06:14:04 [INFO] [app.main] [Worker-73108] [1763788444090] Found 1 cars, returning page 1/1 with 1 items
2025-11-22 06:14:04 [INFO] [app.main] [Worker-73108] [1763788444090] Response: 200 Duration: 0.007s Size: 1290 bytes
2025-11-22 06:14:04 [INFO] [app.main] [Worker-73108] [1763788444121] POST /api/predict from 127.0.0.1 User-Agent: Werkzeug/3.1.3
2025-11-22 06:14:04 [INFO] [app.main] [Worker-73108] [1763788444121] Request body: {'body_type': 'SUV', 'brand': 'Mazda', 'color': 'Red', 'doors': 5, 'engine_size': 2.0, 'fuel_type': 'Benzin', 'horsepower': 165, 'mileage': 25000, 'model': 'CX-5', 'seats': 5, 'transmission': 'Automatic', 'year': 2021}
2025-11-22 06:14:04 [INFO] [app.main] [Worker-73108] [1763788444121] Price prediction requested for: Mazda CX-5 2021
2025-11-22 06:14:04 [INFO] [app.main] [Worker-73108] [1763788444121] Prediction completed in 0.000s: 170278.62 DKK (confidence: 87.0%)
2025-11-22 06:14:04 [INFO] [app.main] [Worker-73108] [1763788444121] Response: 200 Duration: 0.004s Size: 400 bytes
2025-11-22 06:14:04 [INFO] [app.main] [Worker-73108] [1763788444151] POST /api/cars from 127.0.0.1 User-Agent: Werkzeug/3.1.3
2025-11-22 06:14:04 [INFO] [app.main] [Worker-73108] [1763788444151] Request body: {'body_type': 'Hatchback', 'brand': 'Hyundai', 'fuel_type': 'Diesel', 'mileage': 60000, 'model': 'i30', 'price': 140000.0, 'transmission': 'Manual', 'year': 2019}
2025-11-22 06:14:04 [INFO] [app.main] [Worker-73108] [1763788444151] Creating new car: Hyundai i30
2025-11-22 06:14:04 [INFO] [app.main] [Worker-73108] [1763788444151] Successfully created car with ID: b49a71b4-8ffe-4bdf-a1e0-841deb20b48f
2025-11-22 06:14:04 [INFO] [app.main] [Worker-73108] [1763788444151] Response: 201 Duration: 0.007s Size: 1217 bytes
2025-11-22 06:14:04 [INFO] [app.main] [Worker-73108] [1763788444186] GET /api/cars from 127.0.0.1 User-Agent: Werkzeug/3.1.3
2025-11-22 06:14:04 [INFO] [app.main] [Worker-73108] [1763788444186] Fetching cars with filters: ImmutableMultiDict([('min_price', '100000')])
2025-11-22 06:14:04 [INFO] [app.main] [Worker-73108] [1763788444186] Found 1 cars, returning page 1/1 with 1 items
2025-11-22 06:14:04 [INFO] [app.main] [Worker-73108] [1763788444186] Response: 200 Duration: 0.007s Size: 1290 bytes
2025-11-22 06:14:04 [INFO] [app.main] [Worker-73108] [1763788444195] GET /api/cars from 127.0.0.1 User-Agent: Werkzeug/3.1.3
2025-11-22 06:14:04 [INFO] [app.main] [Worker-73108] [1763788444195] Fetching cars with filters: ImmutableMultiDict([('max_price', '500000')])
2025-11-22 06:14:04 [INFO] [app.main] [Worker-73108] [1763788444195] Found 1 cars, returning page 1/1 with 1 items
2025-11-22 06:14:04 [INFO] [app.main] [Worker-73108] [1763788444195] Response: 200 Duration: 0.005s Size: 1290 bytes
2025-11-22 06:14:04 [INFO] [app.main] [Worker-73108] [1763788444230] GET /api/cars from 127.0.0.1 User-Agent: Werkzeug/3.1.3
2025-11-22 06:14:04 [INFO] [app.main] [Worker-73108] [1763788444230] Fetching cars with filters: ImmutableMultiDict([('min_year', '2015')])
2025-11-22 06:14:04 [INFO] [app.main] [Worker-73108] [1763788444230] Found 1 cars, returning page 1/1 with 1 items
2025-11-22 06:14:04 [INFO] [app.main] [Worker-73108] [1763788444230] Response: 200 Duration: 0.007s Size: 1290 bytes
2025-11-22 06:14:04 [INFO] [app.main] [Worker-73108] [1763788444238] GET /api/cars from 127.0.0.1 User-Agent: Werkzeug/3.1.3
2025-11-22 06:14:04 [INFO] [app.main] [Worker-73108] [1763788444238] Fetching cars with filters: ImmutableMultiDict([('max_year', '2025')])
2025-11-22 06:14:04 [INFO] [app.main] [Worker-73108] [1763788444238] Found 1 cars, returning page 1/1 with 1 items
2025-11-22 06:14:04 [INFO] [app.main] [Worker-73108] [1763788444238] Response: 200 Duration: 0.005s Size: 1290 bytes
2025-11-22 06:14:04 [INFO] [app.main] [Worker-73108] [1763788444266] GET /api/health from 127.0.0.1 User-Agent: Werkzeug/3.1.3
2025-11-22 06:14:04 [WARNING] [app.main] [Worker-73108] [1763788444266] 404 error: /api/health
2025-11-22 06:14:04 [INFO] [app.main] [Worker-73108] [1763788444266] Response: 404 Duration: 0.001s Size: 68 bytes
2025-11-22 06:14:04 [INFO] [app.main] [Worker-73108] [1763788444294] GET /api/cars from 127.0.0.1 User-Agent: Werkzeug/3.1.3
2025-11-22 06:14:04 [INFO] [app.main] [Worker-73108] [1763788444294] Fetching cars with filters: ImmutableMultiDict([('min_mileage', '10000'), ('max_mileage', '100000')])
2025-11-22 06:14:04 [INFO] [app.main] [Worker-73108] [1763788444294] Found 1 cars, returning page 1/1 with 1 items
2025-11-22 06:14:04 [INFO] [app.main] [Worker-73108] [1763788444294] Response: 200 Duration: 0.004s Size: 1290 bytes
2025-11-22 06:14:04 [INFO] [app.main] [Worker-73108] [1763788444327] GET /api/cars from 127.0.0.1 User-Agent: Werkzeug/3.1.3
2025-11-22 06:14:04 [INFO] [app.main] [Worker-73108] [1763788444327] Fetching cars with filters: ImmutableMultiDict([('sort_by', 'price'), ('sort_order', 'asc')])
2025-11-22 06:14:04 [INFO] [app.main] [Worker-73108] [1763788444327] Found 3 cars, returning page 1/1 with 3 items
2025-11-22 06:14:04 [INFO] [app.main] [Worker-73108] [1763788444327] Response: 200 Duration: 0.013s Size: 3618 bytes
2025-11-22 06:14:04 [INFO] [app.main] [Worker-73108] [1763788444371] POST /api/predict from 127.0.0.1 User-Agent: Werkzeug/3.1.3
2025-11-22 06:14:04 [INFO] [app.main] [Worker-73108] [1763788444371] Request body: {'body_type': 'Hatchback', 'brand': 'Kia', 'fuel_type': 'Diesel', 'mileage': 35000, 'model': 'Ceed', 'transmission': 'Manual', 'year': 2020}
2025-11-22 06:14:04 [INFO] [app.main] [Worker-73108] [1763788444371] Price prediction requested for: Kia Ceed 2020
2025-11-22 06:14:04 [INFO] [app.main] [Worker-73108] [1763788444371] Prediction completed in 0.000s: 81570.67 DKK (confidence: 82.0%)
2025-11-22 06:14:04 [INFO] [app.main] [Worker-73108] [1763788444371] Response: 200 Duration: 0.004s Size: 329 bytes
2025-11-22 06:14:04 [INFO] [app.main] [Worker-73108] [1763788444403] POST /api/predict from 127.0.0.1 User-Agent: Werkzeug/3.1.3
2025-11-22 06:14:04 [INFO] [app.main] [Worker-73108] [1763788444403] Request body: {'body_type': 'SUV', 'brand': 'Nissan', 'fuel_type': 'Diesel', 'mileage': 50000, 'model': 'Qashqai', 'transmission': 'Automatic', 'year': 2019}
2025-11-22 06:14:04 [INFO] [app.main] [Worker-73108] [1763788444403] Price prediction requested for: Nissan Qashqai 2019
2025-11-22 06:14:04 [INFO] [app.main] [Worker-73108] [1763788444403] Prediction completed in 0.000s: 110120.4 DKK (confidence: 82.0%)
2025-11-22 06:14:04 [INFO] [app.main] [Worker-73108] [1763788444403] Response: 200 Duration: 0.005s Size: 334 bytes
2025-11-22 06:14:04 [INFO] [app.main] [Worker-73108] [1763788444440] GET /api/cars from 127.0.0.1 User-Agent: Werkzeug/3.1.3
2025-11-22 06:14:04 [INFO] [app.main] [Worker-73108] [1763788444440] Fetching cars with filters: ImmutableMultiDict([('model', 'Camry')])
2025-11-22 06:14:04 [INFO] [app.main] [Worker-73108] [1763788444440] Found 1 cars, returning page 1/1 with 1 items
2025-11-22 06:14:04 [INFO] [app.main] [Worker-73108] [1763788444440] Response: 200 Duration: 0.033s Size: 1290 bytes
2025-11-22 06:14:04 [INFO] [app.main] [Worker-73108] [1763788444497] GET /api/cars from 127.0.0.1 User-Agent: Werkzeug/3.1.3
2025-11-22 06:14:04 [INFO] [app.main] [Worker-73108] [1763788444497] Fetching cars with filters: ImmutableMultiDict([('location', 'Copenhagen')])
2025-11-22 06:14:04 [INFO] [app.main] [Worker-73108] [1763788444497] Found 1 cars, returning page 1/1 with 1 items
2025-11-22 06:14:04 [INFO] [app.main] [Worker-73108] [1763788444497] Response: 200 Duration: 0.030s Size: 1290 bytes
2025-11-22 06:14:04 [INFO] [app.main] [Worker-73108] [1763788444557] GET /api/cars from 127.0.0.1 User-Agent: Werkzeug/3.1.3
2025-11-22 06:14:04 [INFO] [app.main] [Worker-73108] [1763788444557] Fetching cars with filters: ImmutableMultiDict([('sort_by', 'year'), ('sort_order', 'desc')])
2025-11-22 06:14:04 [INFO] [app.main] [Worker-73108] [1763788444557] Found 3 cars, returning page 1/1 with 3 items
2025-11-22 06:14:04 [INFO] [app.main] [Worker-73108] [1763788444557] Response: 200 Duration: 0.009s Size: 3618 bytes
2025-11-22 06:14:04 [INFO] [app.main] [Worker-73108] [1763788444595] GET /api/cars from 127.0.0.1 User-Agent: Werkzeug/3.1.3
2025-11-22 06:14:04 [INFO] [app.main] [Worker-73108] [1763788444595] Fetching cars with filters: ImmutableMultiDict([('sort_by', 'mileage'), ('sort_order', 'asc')])
2025-11-22 06:14:04 [INFO] [app.main] [Worker-73108] [1763788444595] Found 3 cars, returning page 1/1 with 3 items
2025-11-22 06:14:04 [INFO] [app.main] [Worker-73108] [1763788444595] Response: 200 Duration: 0.015s Size: 3618 bytes
2025-11-22 06:14:04 [INFO] [app.main] [Worker-73108] [1763788444635] GET /api/cars from 127.0.0.1 User-Agent: Werkzeug/3.1.3
2025-11-22 06:14:04 [INFO] [app.main] [Worker-73108] [1763788444635] Fetching cars with filters: ImmutableMultiDict([('max_mileage', '100000')])
2025-11-22 06:14:04 [INFO] [app.main] [Worker-73108] [1763788444635] Found 1 cars, returning page 1/1 with 1 items
2025-11-22 06:14:04 [INFO] [app.main] [Worker-73108] [1763788444635] Response: 200 Duration: 0.006s Size: 1290 bytes
2025-11-22 06:14:04 [INFO] [app.main] [Worker-73108] [1763788444670] GET /api/cars from 127.0.0.1 User-Agent: Werkzeug/3.1.3
2025-11-22 06:14:04 [INFO] [app.main] [Worker-73108] [1763788444670] Fetching cars with filters: ImmutableMultiDict([('min_mileage', '10000')])
2025-11-22 06:14:04 [INFO] [app.main] [Worker-73108] [1763788444670] Found 1 cars, returning page 1/1 with 1 items
2025-11-22 06:14:04 [INFO] [app.main] [Worker-73108] [1763788444670] Response: 200 Duration: 0.006s Size: 1290 bytes
2025-11-22 06:14:04 [INFO] [app.main] [Worker-73108] [1763788444698] POST /api/predict from 127.0.0.1 User-Agent: Werkzeug/3.1.3
2025-11-22 06:14:04 [INFO] [app.main] [Worker-73108] [1763788444698] Request body: {'body_type': 'Sedan', 'brand': 'Honda', 'fuel_type': 'Benzin', 'mileage': 40000, 'model': 'Civic', 'transmission': 'Manual', 'year': 2020}
2025-11-22 06:14:04 [INFO] [app.main] [Worker-73108] [1763788444698] Price prediction requested for: Honda Civic 2020
2025-11-22 06:14:04 [INFO] [app.main] [Worker-73108] [1763788444698] Prediction completed in 0.002s: 102039.62 DKK (confidence: 82.0%)
2025-11-22 06:14:04 [INFO] [app.main] [Worker-73108] [1763788444698] Response: 200 Duration: 0.005s Size: 330 bytes
2025-11-22 06:14:04 [INFO] [app.main] [Worker-73108] [1763788444734] GET /api/cars from 127.0.0.1 User-Agent: Werkzeug/3.1.3
2025-11-22 06:14:04 [INFO] [app.main] [Worker-73108] [1763788444734] Fetching cars with filters: ImmutableMultiDict([('brand', 'Toyota'), ('model', 'Camry'), ('fuel_type', 'Benzin'), ('transmission', 'Automatisk'), ('body_type', 'Sedan'), ('location', 'Aarhus'), ('min_year', '2015'), ('max_year', '2025')])
2025-11-22 06:14:04 [INFO] [app.main] [Worker-73108] [1763788444734] Found 1 cars, returning page 1/1 with 1 items
2025-11-22 06:14:04 [INFO] [app.main] [Worker-73108] [1763788444734] Response: 200 Duration: 0.029s Size: 1286 bytes
2025-11-22 06:14:04 [INFO] [app.main] [Worker-73108] [1763788444787] POST /api/cars from 127.0.0.1 User-Agent: Werkzeug/3.1.3
2025-11-22 06:14:04 [INFO] [app.main] [Worker-73108] [1763788444787] Request body: {'body_type': 'Sedan', 'brand': 'Subaru', 'fuel_type': 'Benzin', 'mileage': 55000, 'model': 'Impreza', 'price': 'expensive', 'transmission': 'Manual', 'year': 2019}
2025-11-22 06:14:04 [INFO] [app.main] [Worker-73108] [1763788444787] Creating new car: Subaru Impreza
2025-11-22 06:14:04 [WARNING] [app.main] [Worker-73108] [1763788444787] Validation error in create_car: Price must be a number
2025-11-22 06:14:04 [INFO] [app.main] [Worker-73108] [1763788444787] Response: 400 Duration: 0.003s Size: 51 bytes
2025-11-22 06:14:04 [INFO] [app.main] [Worker-73108] [1763788444817] POST /api/cars from 127.0.0.1 User-Agent: Werkzeug/3.1.3
2025-11-22 06:14:04 [INFO] [app.main] [Worker-73108] [1763788444817] Request body: {'body_type': 'SUV', 'brand': 'Mitsubishi', 'fuel_type': 'Diesel', 'mileage': -1000, 'model': 'Outlander', 'price': 280000.0, 'transmission': 'Automatic', 'year': 2020}
2025-11-22 06:14:04 [INFO] [app.main] [Worker-73108] [1763788444817] Creating new car: Mitsubishi Outlander
2025-11-22 06:14:04 [WARNING] [app.main] [Worker-73108] [1763788444817] Validation error in create_car: mileage cannot be negative
2025-11-22 06:14:04 [INFO] [app.main] [Worker-73108] [1763788444817] Response: 400 Duration: 0.003s Size: 55 bytes
2025-11-22 06:14:04 [INFO] [app.main] [Worker-73108] [1763788444846] POST /api/predict from 127.0.0.1 User-Agent: Werkzeug/3.1.3
2025-11-22 06:14:04 [INFO] [app.main] [Worker-73108] [1763788444846] Request body: {'body_type': 'Sedan', 'brand': 'Lexus', 'doors': 'many', 'fuel_type': 'Benzin', 'mileage': 35000, 'model': 'IS', 'transmission': 'Automatic', 'year': 2019}
2025-11-22 06:14:04 [INFO] [app.main] [Worker-73108] [1763788444846] Price prediction requested for: Lexus IS 2019
2025-11-22 06:14:04 [WARNING] [app.main] [Worker-73108] [1763788444846] Validation error in predict_price: doors must be an integer
2025-11-22 06:14:04 [INFO] [app.main] [Worker-73108] [1763788444846] Response: 400 Duration: 0.002s Size: 53 bytes
2025-11-22 06:14:04 [INFO] [app.main] [Worker-73108] [1763788444872] POST /api/predict from 127.0.0.1 User-Agent: Werkzeug/3.1.3
2025-11-22 06:14:04 [INFO] [app.main] [Worker-73108] [1763788444872] Request body: {'body_type': 'SUV', 'brand': 'Jeep', 'fuel_type': 'Benzin', 'mileage': 28000, 'model': 'Cherokee', 'seats': 'lots', 'transmission': 'Automatic', 'year': 2020}
2025-11-22 06:14:04 [INFO] [app.main] [Worker-73108] [1763788444872] Price prediction requested for: Jeep Cherokee 2020
2025-11-22 06:14:04 [WARNING] [app.main] [Worker-73108] [1763788444872] Validation error in predict_price: seats must be an integer
2025-11-22 06:14:04 [INFO] [app.main] [Worker-73108] [1763788444872] Response: 400 Duration: 0.002s Size: 53 bytes
2025-11-22 06:14:04 [INFO] [app.main] [Worker-73108] [1763788444908] GET /api/cars/737d027f-8e5c-41f5-b990-72c9cd5446d8 from 127.0.0.1 User-Agent: Werkzeug/3.1.3
2025-11-22 06:14:04 [INFO] [app.main] [Worker-73108] [1763788444908] Fetching car with ID: 737d027f-8e5c-41f5-b990-72c9cd5446d8
2025-11-22 06:14:04 [INFO] [app.main] [Worker-73108] [1763788444908] Successfully retrieved car 737d027f-8e5c-41f5-b990-72c9cd5446d8
2025-11-22 06:14:04 [INFO] [app.main] [Worker-73108] [1763788444908] Response: 200 Duration: 0.004s Size: 1187 bytes
2025-11-22 06:14:04 [INFO] [app.main] [Worker-73108] [1763788444939] GET /api/cars from 127.0.0.1 User-Agent: Werkzeug/3.1.3
2025-11-22 06:14:04 [INFO] [app.main] [Worker-73108] [1763788444939] Fetching cars with filters: ImmutableMultiDict([('min_price', '100000'), ('max_price', '400000'), ('min_year', '2015'), ('max_year', '2023')])
2025-11-22 06:14:04 [INFO] [app.main] [Worker-73108] [1763788444939] Found 1 cars, returning page 1/1 with 1 items
2025-11-22 06:14:04 [INFO] [app.main] [Worker-73108] [1763788444939] Response: 200 Duration: 0.006s Size: 1290 bytes
2025-11-22 06:14:04 [INFO] [app.ml.predictor] [Worker-73108] Loaded model from C:\Users\Igor Cretu\Desktop\Bachelor\Project\BackEnd\API\app\ml\../../models\best_model_xgboost.pkl
2025-11-22 06:14:05 [INFO] [app.ml.predictor] [Worker-73108] Loaded model from C:\Users\Igor Cretu\Desktop\Bachelor\Project\BackEnd\API\app\ml\../../models\best_model_xgboost.pkl
2025-11-22 06:14:05 [INFO] [app.ml.predictor] [Worker-73108] Loaded model from C:\Users\Igor Cretu\Desktop\Bachelor\Project\BackEnd\API\app\ml\../../models\best_model_xgboost.pkl
2025-11-22 06:14:05 [INFO] [app.ml.predictor] [Worker-73108] Loaded model from C:\Users\Igor Cretu\Desktop\Bachelor\Project\BackEnd\API\app\ml\../../models\best_model_xgboost.pkl
2025-11-22 06:14:25 [INFO] [app.main] [Worker-71692] ================================================================================
2025-11-22 06:14:25 [INFO] [app.main] [Worker-71692] INITIALIZING BPR BACKEND API
2025-11-22 06:14:25 [INFO] [app.main] [Worker-71692] ================================================================================
2025-11-22 06:14:25 [INFO] [app.main] [Worker-71692] CORS locked to: ['https://bpr-g26.netlify.app', 'https://test.bachelorproject26.site', 'https://bachelorproject26.site', 'http://localhost:5173', 'http://127.0.0.1:5173', 'https://carpredict.netlify.app']
2025-11-22 06:14:25 [INFO] [app.main] [Worker-71692] Database URL configured: localhost
2025-11-22 06:14:25 [INFO] [app.main] [Worker-71692] Database initialized with connection pooling
2025-11-22 06:14:25 [INFO] [app.main] [Worker-71692] Initializing ML predictor...
2025-11-22 06:14:28 [INFO] [app.ml.predictor] [Worker-71692] Loaded model from C:\Users\Igor Cretu\Desktop\Bachelor\Project\BackEnd\API\app\ml\../../models\best_model_xgboost.pkl
2025-11-22 06:14:28 [INFO] [app.main] [Worker-71692] ML Predictor initialized: {'version': 'v1.0.0-heuristic', 'loaded': False, 'type': 'heuristic', 'model_name': 'N/A', 'test_r2': 'N/A', 'test_mae': 'N/A', 'features_count': 0}
2025-11-22 06:14:28 [INFO] [app.main] [Worker-71692] Application loaded by WSGI server
2025-11-22 06:14:28 [INFO] [app.main] [Worker-71692] Configuration: {}
2025-11-22 06:14:29 [INFO] [app.main] [Worker-71692] [1763788469098] POST /api/cars from 127.0.0.1 User-Agent: Werkzeug/3.1.3
2025-11-22 06:14:29 [INFO] [app.main] [Worker-71692] [1763788469098] Request body: {'body_type': 'Sedan', 'brand': 'BMW', 'fuel_type': 'Diesel', 'mileage': 50000, 'model': '320d', 'price': 250000.0, 'transmission': 'Automatic', 'year': 2020}
2025-11-22 06:14:29 [INFO] [app.main] [Worker-71692] [1763788469098] Creating new car: BMW 320d
2025-11-22 06:14:29 [INFO] [app.main] [Worker-71692] [1763788469098] Successfully created car with ID: 43bb0dfb-c626-4012-bccc-f38d5b084dca
2025-11-22 06:14:29 [INFO] [app.main] [Worker-71692] [1763788469098] Response: 201 Duration: 0.070s Size: 1213 bytes
2025-11-22 06:14:29 [INFO] [app.main] [Worker-71692] [1763788469198] POST /api/cars from 127.0.0.1 User-Agent: Werkzeug/3.1.3
2025-11-22 06:14:29 [INFO] [app.main] [Worker-71692] [1763788469198] Request body: {'brand': 'BMW', 'model': '320d'}
2025-11-22 06:14:29 [WARNING] [app.main] [Worker-71692] [1763788469198] Validation error in create_car: Missing required fields: year, mileage, fuel_type, transmission, body_type, price
2025-11-22 06:14:29 [INFO] [app.main] [Worker-71692] [1763788469198] Response: 400 Duration: 0.003s Size: 110 bytes
2025-11-22 06:14:29 [INFO] [app.main] [Worker-71692] [1763788469227] POST /api/cars from 127.0.0.1 User-Agent: Werkzeug/3.1.3
2025-11-22 06:14:29 [INFO] [app.main] [Worker-71692] [1763788469227] Request body: {'body_type': 'Sedan', 'brand': 'BMW', 'fuel_type': 'Diesel', 'mileage': 50000, 'model': '320d', 'price': 250000.0, 'transmission': 'Automatic', 'year': 'not_a_year'}
2025-11-22 06:14:29 [INFO] [app.main] [Worker-71692] [1763788469227] Creating new car: BMW 320d
2025-11-22 06:14:29 [WARNING] [app.main] [Worker-71692] [1763788469227] Validation error in create_car: Year must be an integer
2025-11-22 06:14:29 [INFO] [app.main] [Worker-71692] [1763788469227] Response: 400 Duration: 0.002s Size: 52 bytes
2025-11-22 06:14:29 [INFO] [app.main] [Worker-71692] [1763788469262] GET /api/cars/test-car-123 from 127.0.0.1 User-Agent: Werkzeug/3.1.3
2025-11-22 06:14:29 [INFO] [app.main] [Worker-71692] [1763788469262] Fetching car with ID: test-car-123
2025-11-22 06:14:29 [INFO] [app.main] [Worker-71692] [1763788469262] Successfully retrieved car test-car-123
2025-11-22 06:14:29 [INFO] [app.main] [Worker-71692] [1763788469262] Response: 200 Duration: 0.009s Size: 1163 bytes
2025-11-22 06:14:29 [INFO] [app.main] [Worker-71692] [1763788469298] POST /api/predict from 127.0.0.1 User-Agent: Werkzeug/3.1.3
2025-11-22 06:14:29 [INFO] [app.main] [Worker-71692] [1763788469298] Request body: {'body_type': 'Sedan', 'brand': 'Audi', 'fuel_type': 'Diesel', 'mileage': 60000, 'model': 'A4', 'transmission': 'Automatic', 'year': 2019}
2025-11-22 06:14:29 [INFO] [app.main] [Worker-71692] [1763788469298] Price prediction requested for: Audi A4 2019
2025-11-22 06:14:29 [INFO] [app.main] [Worker-71692] [1763788469298] Prediction completed in 0.000s: 162121.7 DKK (confidence: 82.0%)
2025-11-22 06:14:29 [INFO] [app.main] [Worker-71692] [1763788469298] Response: 200 Duration: 0.009s Size: 327 bytes
2025-11-22 06:14:29 [INFO] [app.main] [Worker-71692] [1763788469331] GET /api/queue/job/nonexistent-id from 127.0.0.1 User-Agent: Werkzeug/3.1.3
2025-11-22 06:14:29 [WARNING] [app.main] [Worker-71692] [1763788469331] 404 error: /api/queue/job/nonexistent-id
2025-11-22 06:14:29 [INFO] [app.main] [Worker-71692] [1763788469331] Response: 404 Duration: 0.002s Size: 86 bytes
2025-11-22 06:14:29 [INFO] [app.main] [Worker-71692] [1763788469365] GET /api/cars from 127.0.0.1 User-Agent: Werkzeug/3.1.3
2025-11-22 06:14:29 [INFO] [app.main] [Worker-71692] [1763788469365] Fetching cars with filters: ImmutableMultiDict([('brand', 'Toyota'), ('fuel_type', 'Diesel'), ('min_year', '2018')])
2025-11-22 06:14:29 [INFO] [app.main] [Worker-71692] [1763788469365] Found 0 cars, returning page 1/0 with 0 items
2025-11-22 06:14:29 [INFO] [app.main] [Worker-71692] [1763788469365] Response: 200 Duration: 0.099s Size: 127 bytes
2025-11-22 06:14:29 [INFO] [app.main] [Worker-71692] [1763788469491] GET /api/cars from 127.0.0.1 User-Agent: Werkzeug/3.1.3
2025-11-22 06:14:29 [INFO] [app.main] [Worker-71692] [1763788469491] Fetching cars with filters: ImmutableMultiDict([('search', 'Toyota')])
2025-11-22 06:14:29 [INFO] [app.main] [Worker-71692] [1763788469491] Found 1 cars, returning page 1/1 with 1 items
2025-11-22 06:14:29 [INFO] [app.main] [Worker-71692] [1763788469491] Response: 200 Duration: 0.027s Size: 1266 bytes
2025-11-22 06:14:29 [INFO] [app.main] [Worker-71692] [1763788469558] GET /api/cars from 127.0.0.1 User-Agent: Werkzeug/3.1.3
2025-11-22 06:14:29 [INFO] [app.main] [Worker-71692] [1763788469558] Fetching cars with filters: ImmutableMultiDict([('sort_by', 'price'), ('sort_order', 'desc')])
2025-11-22 06:14:29 [INFO] [app.main] [Worker-71692] [1763788469558] Found 3 cars, returning page 1/1 with 3 items
2025-11-22 06:14:29 [INFO] [app.main] [Worker-71692] [1763788469558] Response: 200 Duration: 0.010s Size: 3618 bytes
2025-11-22 06:14:29 [INFO] [app.main] [Worker-71692] [1763788469595] GET /api/brands from 127.0.0.1 User-Agent: Werkzeug/3.1.3
2025-11-22 06:14:29 [INFO] [app.main] [Worker-71692] [1763788469595] Fetching brands
2025-11-22 06:14:29 [INFO] [app.main] [Worker-71692] [1763788469595] Found 1 brands
2025-11-22 06:14:29 [INFO] [app.main] [Worker-71692] [1763788469595] Response: 200 Duration: 0.006s Size: 56 bytes
2025-11-22 06:14:29 [INFO] [app.main] [Worker-71692] [1763788469631] POST /api/predict from 127.0.0.1 User-Agent: Werkzeug/3.1.3
2025-11-22 06:14:29 [INFO] [app.main] [Worker-71692] [1763788469631] Request body: {'body_type': 'Sedan', 'brand': 'Mercedes', 'doors': 4, 'engine_size': 2.0, 'fuel_type': 'Diesel', 'horsepower': 200, 'mileage': 30000, 'model': 'C-Class', 'seats': 5, 'transmission': 'Automatic', 'year': 2021}
2025-11-22 06:14:29 [INFO] [app.main] [Worker-71692] [1763788469631] Price prediction requested for: Mercedes C-Class 2021
2025-11-22 06:14:29 [INFO] [app.main] [Worker-71692] [1763788469631] Prediction completed in 0.002s: 145563.82 DKK (confidence: 87.0%)
2025-11-22 06:14:29 [INFO] [app.main] [Worker-71692] [1763788469631] Response: 200 Duration: 0.005s Size: 394 bytes
2025-11-22 06:14:29 [INFO] [app.main] [Worker-71692] [1763788469664] POST /api/predict from 127.0.0.1 User-Agent: Werkzeug/3.1.3
2025-11-22 06:14:29 [INFO] [app.main] [Worker-71692] [1763788469664] Request body: {'body_type': 'Sedan', 'brand': 'Mercedes', 'fuel_type': 'Diesel', 'mileage': 30000, 'model': 'C-Class', 'transmission': 'Automatic', 'year': 'invalid'}
2025-11-22 06:14:29 [INFO] [app.main] [Worker-71692] [1763788469664] Price prediction requested for: Mercedes C-Class invalid
2025-11-22 06:14:29 [WARNING] [app.main] [Worker-71692] [1763788469664] Validation error in predict_price: Year must be an integer
2025-11-22 06:14:29 [INFO] [app.main] [Worker-71692] [1763788469664] Response: 400 Duration: 0.001s Size: 52 bytes
2025-11-22 06:14:29 [INFO] [app.main] [Worker-71692] [1763788469694] GET /api/cars from 127.0.0.1 User-Agent: Werkzeug/3.1.3
2025-11-22 06:14:29 [INFO] [app.main] [Worker-71692] [1763788469694] Fetching cars with filters: ImmutableMultiDict([('page', '999999')])
2025-11-22 06:14:29 [INFO] [app.main] [Worker-71692] [1763788469694] Found 0 cars, returning page 999999/0 with 0 items
2025-11-22 06:14:29 [INFO] [app.main] [Worker-71692] [1763788469694] Response: 200 Duration: 0.006s Size: 131 bytes
2025-11-22 06:14:29 [INFO] [app.main] [Worker-71692] [1763788469733] GET /api/cars from 127.0.0.1 User-Agent: Werkzeug/3.1.3
2025-11-22 06:14:29 [INFO] [app.main] [Worker-71692] [1763788469733] Fetching cars with filters: ImmutableMultiDict([('per_page', '2')])
2025-11-22 06:14:29 [INFO] [app.main] [Worker-71692] [1763788469733] Found 5 cars, returning page 1/3 with 2 items
2025-11-22 06:14:29 [INFO] [app.main] [Worker-71692] [1763788469733] Response: 200 Duration: 0.006s Size: 2452 bytes
2025-11-22 06:14:29 [INFO] [app.main] [Worker-71692] [1763788469771] GET /api/stats from 127.0.0.1 User-Agent: Werkzeug/3.1.3
2025-11-22 06:14:29 [INFO] [app.main] [Worker-71692] [1763788469771] Fetching market statistics
2025-11-22 06:14:29 [INFO] [app.main] [Worker-71692] [1763788469771] Statistics: 1 total cars
2025-11-22 06:14:29 [INFO] [app.main] [Worker-71692] [1763788469771] Response: 200 Duration: 0.017s Size: 217 bytes
2025-11-22 06:14:29 [INFO] [app.main] [Worker-71692] [1763788469820] GET /api/cars from 127.0.0.1 User-Agent: Werkzeug/3.1.3
2025-11-22 06:14:29 [INFO] [app.main] [Worker-71692] [1763788469820] Fetching cars with filters: ImmutableMultiDict([])
2025-11-22 06:14:29 [INFO] [app.main] [Worker-71692] [1763788469820] Found 0 cars, returning page 1/0 with 0 items
2025-11-22 06:14:29 [INFO] [app.main] [Worker-71692] [1763788469820] Response: 200 Duration: 0.004s Size: 127 bytes
2025-11-22 06:14:29 [INFO] [app.main] [Worker-71692] [1763788469857] GET /api/cars from 127.0.0.1 User-Agent: Werkzeug/3.1.3
2025-11-22 06:14:29 [INFO] [app.main] [Worker-71692] [1763788469857] Fetching cars with filters: ImmutableMultiDict([])
2025-11-22 06:14:29 [INFO] [app.main] [Worker-71692] [1763788469857] Found 0 cars, returning page 1/0 with 0 items
2025-11-22 06:14:29 [INFO] [app.main] [Worker-71692] [1763788469857] Response: 200 Duration: 0.006s Size: 127 bytes
2025-11-22 06:14:29 [INFO] [app.main] [Worker-71692] [1763788469892] GET /api/cars from 127.0.0.1 User-Agent: Werkzeug/3.1.3
2025-11-22 06:14:29 [INFO] [app.main] [Worker-71692] [1763788469892] Fetching cars with filters: ImmutableMultiDict([('page', '1'), ('per_page', '10')])
2025-11-22 06:14:29 [INFO] [app.main] [Worker-71692] [1763788469892] Found 0 cars, returning page 1/0 with 0 items
2025-11-22 06:14:29 [INFO] [app.main] [Worker-71692] [1763788469892] Response: 200 Duration: 0.006s Size: 127 bytes
2025-11-22 06:14:29 [INFO] [app.main] [Worker-71692] [1763788469923] GET /api/cars from 127.0.0.1 User-Agent: Werkzeug/3.1.3
2025-11-22 06:14:29 [INFO] [app.main] [Worker-71692] [1763788469923] Fetching cars with filters: ImmutableMultiDict([('brand', 'Toyota'), ('fuel_type', 'Benzin')])
2025-11-22 06:14:29 [INFO] [app.main] [Worker-71692] [1763788469923] Found 0 cars, returning page 1/0 with 0 items
2025-11-22 06:14:29 [INFO] [app.main] [Worker-71692] [1763788469923] Response: 200 Duration: 0.006s Size: 127 bytes
2025-11-22 06:14:29 [INFO] [app.main] [Worker-71692] [1763788469956] GET /api/cars from 127.0.0.1 User-Agent: Werkzeug/3.1.3
2025-11-22 06:14:29 [INFO] [app.main] [Worker-71692] [1763788469956] Fetching cars with filters: ImmutableMultiDict([('q', 'Toyota')])
2025-11-22 06:14:29 [INFO] [app.main] [Worker-71692] [1763788469956] Found 0 cars, returning page 1/0 with 0 items
2025-11-22 06:14:29 [INFO] [app.main] [Worker-71692] [1763788469956] Response: 200 Duration: 0.039s Size: 127 bytes
2025-11-22 06:14:30 [INFO] [app.main] [Worker-71692] [1763788470023] GET /api/cars from 127.0.0.1 User-Agent: Werkzeug/3.1.3
2025-11-22 06:14:30 [INFO] [app.main] [Worker-71692] [1763788470023] Fetching cars with filters: ImmutableMultiDict([('price_min', '100000'), ('price_max', '500000')])
2025-11-22 06:14:30 [INFO] [app.main] [Worker-71692] [1763788470023] Found 0 cars, returning page 1/0 with 0 items
2025-11-22 06:14:30 [INFO] [app.main] [Worker-71692] [1763788470023] Response: 200 Duration: 0.031s Size: 127 bytes
2025-11-22 06:14:30 [INFO] [app.main] [Worker-71692] [1763788470081] GET /api/cars from 127.0.0.1 User-Agent: Werkzeug/3.1.3
2025-11-22 06:14:30 [INFO] [app.main] [Worker-71692] [1763788470081] Fetching cars with filters: ImmutableMultiDict([('year_min', '2018'), ('year_max', '2022')])
2025-11-22 06:14:30 [INFO] [app.main] [Worker-71692] [1763788470081] Found 0 cars, returning page 1/0 with 0 items
2025-11-22 06:14:30 [INFO] [app.main] [Worker-71692] [1763788470081] Response: 200 Duration: 0.030s Size: 127 bytes
2025-11-22 06:14:30 [INFO] [app.main] [Worker-71692] [1763788470137] GET /api/cars/invalid-id-999999 from 127.0.0.1 User-Agent: Werkzeug/3.1.3
2025-11-22 06:14:30 [INFO] [app.main] [Worker-71692] [1763788470137] Fetching car with ID: invalid-id-999999
2025-11-22 06:14:30 [WARNING] [app.main] [Worker-71692] [1763788470137] 404 error: /api/cars/invalid-id-999999
2025-11-22 06:14:30 [INFO] [app.main] [Worker-71692] [1763788470137] Response: 404 Duration: 0.010s Size: 84 bytes
2025-11-22 06:14:30 [INFO] [app.main] [Worker-71692] [1763788470172] GET /api/cars/test-id from 127.0.0.1 User-Agent: Werkzeug/3.1.3
2025-11-22 06:14:30 [INFO] [app.main] [Worker-71692] [1763788470172] Fetching car with ID: test-id
2025-11-22 06:14:30 [WARNING] [app.main] [Worker-71692] [1763788470172] 404 error: /api/cars/test-id
2025-11-22 06:14:30 [INFO] [app.main] [Worker-71692] [1763788470172] Response: 404 Duration: 0.004s Size: 74 bytes
2025-11-22 06:14:30 [INFO] [app.main] [Worker-71692] [1763788470203] GET /api/brands from 127.0.0.1 User-Agent: Werkzeug/3.1.3
2025-11-22 06:14:30 [INFO] [app.main] [Worker-71692] [1763788470203] Fetching brands
2025-11-22 06:14:30 [INFO] [app.main] [Worker-71692] [1763788470203] Found 0 brands
2025-11-22 06:14:30 [INFO] [app.main] [Worker-71692] [1763788470203] Response: 200 Duration: 0.003s Size: 29 bytes
2025-11-22 06:14:30 [INFO] [app.main] [Worker-71692] [1763788470231] GET /api/brands from 127.0.0.1 User-Agent: Werkzeug/3.1.3
2025-11-22 06:14:30 [INFO] [app.main] [Worker-71692] [1763788470231] Fetching brands
2025-11-22 06:14:30 [INFO] [app.main] [Worker-71692] [1763788470231] Found 0 brands
2025-11-22 06:14:30 [INFO] [app.main] [Worker-71692] [1763788470231] Response: 200 Duration: 0.003s Size: 29 bytes
2025-11-22 06:14:30 [INFO] [app.main] [Worker-71692] [1763788470263] GET /api/brands from 127.0.0.1 User-Agent: Werkzeug/3.1.3
2025-11-22 06:14:30 [INFO] [app.main] [Worker-71692] [1763788470263] Fetching brands
2025-11-22 06:14:30 [INFO] [app.main] [Worker-71692] [1763788470263] Found 0 brands
2025-11-22 06:14:30 [INFO] [app.main] [Worker-71692] [1763788470263] Response: 200 Duration: 0.005s Size: 29 bytes
2025-11-22 06:14:30 [INFO] [app.main] [Worker-71692] [1763788470298] GET /api/filters from 127.0.0.1 User-Agent: Werkzeug/3.1.3
2025-11-22 06:14:30 [INFO] [app.main] [Worker-71692] [1763788470298] Fetching filter options
2025-11-22 06:14:30 [INFO] [app.main] [Worker-71692] [1763788470298] Retrieved all filter options successfully
2025-11-22 06:14:30 [INFO] [app.main] [Worker-71692] [1763788470298] Response: 200 Duration: 0.017s Size: 210 bytes
2025-11-22 06:14:30 [INFO] [app.main] [Worker-71692] [1763788470340] GET /api/filters from 127.0.0.1 User-Agent: Werkzeug/3.1.3
2025-11-22 06:14:30 [INFO] [app.main] [Worker-71692] [1763788470340] Fetching filter options
2025-11-22 06:14:30 [INFO] [app.main] [Worker-71692] [1763788470340] Retrieved all filter options successfully
2025-11-22 06:14:30 [INFO] [app.main] [Worker-71692] [1763788470340] Response: 200 Duration: 0.012s Size: 210 bytes
2025-11-22 06:14:30 [INFO] [app.main] [Worker-71692] [1763788470380] GET /api/filters from 127.0.0.1 User-Agent: Werkzeug/3.1.3
2025-11-22 06:14:30 [INFO] [app.main] [Worker-71692] [1763788470380] Fetching filter options
2025-11-22 06:14:30 [INFO] [app.main] [Worker-71692] [1763788470380] Retrieved all filter options successfully
2025-11-22 06:14:30 [INFO] [app.main] [Worker-71692] [1763788470380] Response: 200 Duration: 0.009s Size: 210 bytes
2025-11-22 06:14:30 [INFO] [app.main] [Worker-71692] [1763788470412] GET /api/predict from 127.0.0.1 User-Agent: Werkzeug/3.1.3
2025-11-22 06:14:30 [WARNING] [app.main] [Worker-71692] [1763788470412] 405 error: GET /api/predict
2025-11-22 06:14:30 [INFO] [app.main] [Worker-71692] [1763788470412] Response: 405 Duration: 0.002s Size: 84 bytes
2025-11-22 06:14:30 [INFO] [app.main] [Worker-71692] [1763788470440] POST /api/predict from 127.0.0.1 User-Agent: Werkzeug/3.1.3
2025-11-22 06:14:30 [INFO] [app.main] [Worker-71692] [1763788470440] Request body: {'brand': 'Toyota', 'model': 'Camry', 'year': 2020, 'mileage': 50000, 'fuel_type': 'Benzin', 'transmission': 'Automatisk', 'body_type': 'Sedan', 'horsepower': 200, 'engine_size': 2.5, 'doors': 4, 'color': 'Black'}
2025-11-22 06:14:30 [INFO] [app.main] [Worker-71692] [1763788470440] Price prediction requested for: Toyota Camry 2020
2025-11-22 06:14:30 [INFO] [app.main] [Worker-71692] [1763788470440] Prediction completed in 0.000s: 136601.59 DKK (confidence: 87.0%)
2025-11-22 06:14:30 [INFO] [app.main] [Worker-71692] [1763788470440] Response: 200 Duration: 0.005s Size: 397 bytes
2025-11-22 06:14:30 [INFO] [app.main] [Worker-71692] [1763788470471] POST /api/predict from 127.0.0.1 User-Agent: Werkzeug/3.1.3
2025-11-22 06:14:30 [WARNING] [app.main] [Worker-71692] [1763788470471] Validation error in predict_price: Request body must be valid JSON
2025-11-22 06:14:30 [INFO] [app.main] [Worker-71692] [1763788470471] Response: 400 Duration: 0.001s Size: 60 bytes
2025-11-22 06:14:30 [INFO] [app.main] [Worker-71692] [1763788470502] POST /api/predict from 127.0.0.1 User-Agent: Werkzeug/3.1.3
2025-11-22 06:14:30 [WARNING] [app.main] [Worker-71692] [1763788470502] Validation error in predict_price: Missing required fields: brand, model, year, mileage, fuel_type, transmission, body_type
2025-11-22 06:14:30 [INFO] [app.main] [Worker-71692] [1763788470502] Response: 400 Duration: 0.000s Size: 117 bytes
2025-11-22 06:14:30 [INFO] [app.main] [Worker-71692] [1763788470530] GET /api/health from 127.0.0.1 User-Agent: Werkzeug/3.1.3
2025-11-22 06:14:30 [WARNING] [app.main] [Worker-71692] [1763788470530] 404 error: /api/health
2025-11-22 06:14:30 [INFO] [app.main] [Worker-71692] [1763788470530] Response: 404 Duration: 0.001s Size: 68 bytes
2025-11-22 06:14:30 [INFO] [app.main] [Worker-71692] [1763788470556] GET /api/models from 127.0.0.1 User-Agent: Werkzeug/3.1.3
2025-11-22 06:14:30 [WARNING] [app.main] [Worker-71692] [1763788470556] 404 error: /api/models
2025-11-22 06:14:30 [INFO] [app.main] [Worker-71692] [1763788470556] Response: 404 Duration: 0.001s Size: 68 bytes
2025-11-22 06:14:30 [INFO] [app.main] [Worker-71692] [1763788470589] GET /api/models from 127.0.0.1 User-Agent: Werkzeug/3.1.3
2025-11-22 06:14:30 [WARNING] [app.main] [Worker-71692] [1763788470589] 404 error: /api/models
2025-11-22 06:14:30 [INFO] [app.main] [Worker-71692] [1763788470589] Response: 404 Duration: 0.002s Size: 68 bytes
2025-11-22 06:14:30 [INFO] [app.main] [Worker-71692] [1763788470621] GET /api/models from 127.0.0.1 User-Agent: Werkzeug/3.1.3
2025-11-22 06:14:30 [WARNING] [app.main] [Worker-71692] [1763788470621] 404 error: /api/models
2025-11-22 06:14:30 [INFO] [app.main] [Worker-71692] [1763788470621] Response: 404 Duration: 0.001s Size: 68 bytes
2025-11-22 06:14:30 [INFO] [app.main] [Worker-71692] [1763788470655] GET /api/stats from 127.0.0.1 User-Agent: Werkzeug/3.1.3
2025-11-22 06:14:30 [INFO] [app.main] [Worker-71692] [1763788470655] Fetching market statistics
2025-11-22 06:14:30 [INFO] [app.main] [Worker-71692] [1763788470655] Statistics: 0 total cars
2025-11-22 06:14:30 [INFO] [app.main] [Worker-71692] [1763788470655] Response: 200 Duration: 0.007s Size: 136 bytes
2025-11-22 06:14:30 [INFO] [app.main] [Worker-71692] [1763788470691] GET /api/stats from 127.0.0.1 User-Agent: Werkzeug/3.1.3
2025-11-22 06:14:30 [INFO] [app.main] [Worker-71692] [1763788470691] Fetching market statistics
2025-11-22 06:14:30 [INFO] [app.main] [Worker-71692] [1763788470691] Statistics: 0 total cars
2025-11-22 06:14:30 [INFO] [app.main] [Worker-71692] [1763788470691] Response: 200 Duration: 0.009s Size: 136 bytes
2025-11-22 06:14:30 [INFO] [app.main] [Worker-71692] [1763788470721] GET /api/queue/status from 127.0.0.1 User-Agent: Werkzeug/3.1.3
2025-11-22 06:14:30 [WARNING] [app.main] [Worker-71692] [1763788470721] 404 error: /api/queue/status
2025-11-22 06:14:30 [INFO] [app.main] [Worker-71692] [1763788470721] Response: 404 Duration: 0.001s Size: 74 bytes
2025-11-22 06:14:30 [INFO] [app.main] [Worker-71692] [1763788470750] GET /api/queue/job/test-job-123 from 127.0.0.1 User-Agent: Werkzeug/3.1.3
2025-11-22 06:14:30 [WARNING] [app.main] [Worker-71692] [1763788470750] 404 error: /api/queue/job/test-job-123
2025-11-22 06:14:30 [INFO] [app.main] [Worker-71692] [1763788470750] Response: 404 Duration: 0.001s Size: 84 bytes
2025-11-22 06:14:30 [INFO] [app.main] [Worker-71692] [1763788470778] GET /api/nonexistent-endpoint from 127.0.0.1 User-Agent: Werkzeug/3.1.3
2025-11-22 06:14:30 [WARNING] [app.main] [Worker-71692] [1763788470778] 404 error: /api/nonexistent-endpoint
2025-11-22 06:14:30 [INFO] [app.main] [Worker-71692] [1763788470778] Response: 404 Duration: 0.000s Size: 82 bytes
2025-11-22 06:14:30 [INFO] [app.main] [Worker-71692] [1763788470805] POST /api/predict from 127.0.0.1 User-Agent: Werkzeug/3.1.3
2025-11-22 06:14:30 [WARNING] [app.main] [Worker-71692] [1763788470805] Validation error in predict_price: Request body must be valid JSON
2025-11-22 06:14:30 [INFO] [app.main] [Worker-71692] [1763788470805] Response: 400 Duration: 0.001s Size: 60 bytes
2025-11-22 06:14:30 [INFO] [app.main] [Worker-71692] [1763788470835] POST /api/predict from 127.0.0.1 User-Agent: Werkzeug/3.1.3
2025-11-22 06:14:30 [WARNING] [app.main] [Worker-71692] [1763788470835] Validation error in predict_price: Request body must be valid JSON
2025-11-22 06:14:30 [INFO] [app.main] [Worker-71692] [1763788470835] Response: 400 Duration: 0.001s Size: 60 bytes
2025-11-22 06:14:30 [INFO] [app.main] [Worker-71692] [1763788470868] PUT /api/cars/00bb4770-4e86-4473-b0ce-a40f8e1284bc from 127.0.0.1 User-Agent: Werkzeug/3.1.3
2025-11-22 06:14:30 [INFO] [app.main] [Worker-71692] [1763788470868] Request body: {'mileage': 60000, 'price': 300000.0}
2025-11-22 06:14:30 [WARNING] [app.main] [Worker-71692] [1763788470868] 405 error: PUT /api/cars/00bb4770-4e86-4473-b0ce-a40f8e1284bc
2025-11-22 06:14:30 [INFO] [app.main] [Worker-71692] [1763788470868] Response: 405 Duration: 0.003s Size: 118 bytes
2025-11-22 06:14:30 [INFO] [app.main] [Worker-71692] [1763788470900] DELETE /api/cars/1114cf87-1a2a-49e2-9364-900023f7f6df from 127.0.0.1 User-Agent: Werkzeug/3.1.3
2025-11-22 06:14:30 [WARNING] [app.main] [Worker-71692] [1763788470900] 405 error: DELETE /api/cars/1114cf87-1a2a-49e2-9364-900023f7f6df
2025-11-22 06:14:30 [INFO] [app.main] [Worker-71692] [1763788470900] Response: 405 Duration: 0.002s Size: 121 bytes
2025-11-22 06:14:30 [INFO] [app.main] [Worker-71692] [1763788470928] POST /api/predict from 127.0.0.1 User-Agent: Werkzeug/3.1.3
2025-11-22 06:14:30 [INFO] [app.main] [Worker-71692] [1763788470928] Request body: {'body_type': 'Hatchback', 'brand': 'Volkswagen', 'engine_size': 1.4, 'fuel_type': 'Benzin', 'horsepower': 150, 'mileage': 40000, 'model': 'Golf', 'transmission': 'Manual', 'year': 2019}
2025-11-22 06:14:30 [INFO] [app.main] [Worker-71692] [1763788470928] Price prediction requested for: Volkswagen Golf 2019
2025-11-22 06:14:30 [INFO] [app.main] [Worker-71692] [1763788470928] Prediction completed in 0.000s: 105764.6 DKK (confidence: 87.0%)
2025-11-22 06:14:30 [INFO] [app.main] [Worker-71692] [1763788470928] Response: 200 Duration: 0.003s Size: 372 bytes
2025-11-22 06:14:30 [INFO] [app.main] [Worker-71692] [1763788470956] POST /api/predict from 127.0.0.1 User-Agent: Werkzeug/3.1.3
2025-11-22 06:14:30 [INFO] [app.main] [Worker-71692] [1763788470956] Request body: {'body_type': 'Stationcar', 'brand': 'Ford', 'doors': 5, 'fuel_type': 'Diesel', 'horsepower': 120, 'mileage': 70000, 'model': 'Focus', 'seats': 5, 'transmission': 'Automatic', 'year': 2018}
2025-11-22 06:14:30 [INFO] [app.main] [Worker-71692] [1763788470956] Price prediction requested for: Ford Focus 2018
2025-11-22 06:14:30 [INFO] [app.main] [Worker-71692] [1763788470956] Prediction completed in 0.000s: 75874.62 DKK (confidence: 85.0%)
2025-11-22 06:14:30 [INFO] [app.main] [Worker-71692] [1763788470956] Response: 200 Duration: 0.006s Size: 373 bytes
2025-11-22 06:14:30 [INFO] [app.main] [Worker-71692] [1763788470987] POST /api/predict from 127.0.0.1 User-Agent: Werkzeug/3.1.3
2025-11-22 06:14:30 [INFO] [app.main] [Worker-71692] [1763788470987] Request body: {'body_type': 'Hatchback', 'brand': 'Audi', 'engine_size': 'not_a_number', 'fuel_type': 'Diesel', 'mileage': 30000, 'model': 'A3', 'transmission': 'Automatic', 'year': 2020}
2025-11-22 06:14:30 [INFO] [app.main] [Worker-71692] [1763788470987] Price prediction requested for: Audi A3 2020
2025-11-22 06:14:30 [WARNING] [app.main] [Worker-71692] [1763788470987] Validation error in predict_price: engine_size must be numeric
2025-11-22 06:14:30 [INFO] [app.main] [Worker-71692] [1763788470987] Response: 400 Duration: 0.003s Size: 56 bytes
2025-11-22 06:14:31 [INFO] [app.main] [Worker-71692] [1763788471017] POST /api/predict from 127.0.0.1 User-Agent: Werkzeug/3.1.3
2025-11-22 06:14:31 [INFO] [app.main] [Worker-71692] [1763788471017] Request body: {'body_type': 'Hatchback', 'brand': 'Seat', 'fuel_type': 'Benzin', 'horsepower': 'invalid', 'mileage': 50000, 'model': 'Leon', 'transmission': 'Manual', 'year': 2019}
2025-11-22 06:14:31 [INFO] [app.main] [Worker-71692] [1763788471017] Price prediction requested for: Seat Leon 2019
2025-11-22 06:14:31 [WARNING] [app.main] [Worker-71692] [1763788471017] Validation error in predict_price: horsepower must be an integer
2025-11-22 06:14:31 [INFO] [app.main] [Worker-71692] [1763788471017] Response: 400 Duration: 0.004s Size: 58 bytes
2025-11-22 06:14:31 [INFO] [app.main] [Worker-71692] [1763788471052] POST /api/predict from 127.0.0.1 User-Agent: Werkzeug/3.1.3
2025-11-22 06:14:31 [INFO] [app.main] [Worker-71692] [1763788471052] Request body: {'body_type': 'Sedan', 'brand': 'Skoda', 'fuel_type': 'Diesel', 'mileage': 20000, 'model': 'Octavia', 'transmission': 'Automatic', 'year': 2020}
2025-11-22 06:14:31 [INFO] [app.main] [Worker-71692] [1763788471052] Price prediction requested for: Skoda Octavia 2020
2025-11-22 06:14:31 [INFO] [app.main] [Worker-71692] [1763788471052] Prediction completed in 0.000s: 104229.18 DKK (confidence: 82.0%)
2025-11-22 06:14:31 [INFO] [app.main] [Worker-71692] [1763788471052] Response: 200 Duration: 0.004s Size: 336 bytes
2025-11-22 06:14:31 [INFO] [app.main] [Worker-71692] [1763788471083] POST /api/predict from 127.0.0.1 User-Agent: Werkzeug/3.1.3
2025-11-22 06:14:31 [INFO] [app.main] [Worker-71692] [1763788471083] Request body: {'body_type': 'Hatchback', 'brand': 'Renault', 'fuel_type': 'Benzin', 'mileage': 45000, 'model': 'Clio', 'transmission': 'Manual', 'year': 2019}
2025-11-22 06:14:31 [INFO] [app.main] [Worker-71692] [1763788471083] Price prediction requested for: Renault Clio 2019
2025-11-22 06:14:31 [INFO] [app.main] [Worker-71692] [1763788471083] Queued prediction job bb27d49c-9f6e-4d93-a773-f775a7b3dddf (mode=client_force_queue, priority=100, position=0)
2025-11-22 06:14:31 [INFO] [app.main] [Worker-71692] [1763788471083] Response: 202 Duration: 0.018s Size: 403 bytes
2025-11-22 06:14:31 [INFO] [app.main] [Worker-71692] [1763788471130] GET /api/cars/nonexistent-id-12345 from 127.0.0.1 User-Agent: Werkzeug/3.1.3
2025-11-22 06:14:31 [INFO] [app.main] [Worker-71692] [1763788471130] Fetching car with ID: nonexistent-id-12345
2025-11-22 06:14:31 [WARNING] [app.main] [Worker-71692] [1763788471130] 404 error: /api/cars/nonexistent-id-12345
2025-11-22 06:14:31 [INFO] [app.main] [Worker-71692] [1763788471130] Response: 404 Duration: 0.004s Size: 87 bytes
2025-11-22 06:14:31 [INFO] [app.main] [Worker-71692] [1763788471161] POST /api/cars from 127.0.0.1 User-Agent: Werkzeug/3.1.3
2025-11-22 06:14:31 [INFO] [app.main] [Worker-71692] [1763788471161] Request body: {'body_type': 'Hatchback', 'brand': 'Peugeot', 'color': 'Blue', 'dealer_name': 'Test Dealer', 'doors': 5, 'engine_size': 1.2, 'fuel_type': 'Benzin', 'horsepower': 100, 'location': 'Aarhus', 'mileage': 15000, 'model': '208', 'price': 180000.0, 'seats': 5, 'transmission': 'Automatic', 'year': 2021}
2025-11-22 06:14:31 [INFO] [app.main] [Worker-71692] [1763788471161] Creating new car: Peugeot 208
2025-11-22 06:14:31 [INFO] [app.main] [Worker-71692] [1763788471161] Successfully created car with ID: 50f4b4bb-e142-4f2a-bbb2-f1c8fd361d0b
2025-11-22 06:14:31 [INFO] [app.main] [Worker-71692] [1763788471161] Response: 201 Duration: 0.007s Size: 1227 bytes
2025-11-22 06:14:31 [INFO] [app.main] [Worker-71692] [1763788471197] GET /api/cars from 127.0.0.1 User-Agent: Werkzeug/3.1.3
2025-11-22 06:14:31 [INFO] [app.main] [Worker-71692] [1763788471197] Fetching cars with filters: ImmutableMultiDict([('brand', 'Toyota'), ('model', 'Camry'), ('fuel_type', 'Benzin'), ('transmission', 'Automatisk'), ('body_type', 'Sedan'), ('min_year', '2015'), ('max_year', '2025'), ('min_price', '100000'), ('max_price', '500000'), ('min_mileage', '0'), ('max_mileage', '100000'), ('page', '1'), ('per_page', '10'), ('sort_by', 'price'), ('sort_order', 'asc')])
2025-11-22 06:14:31 [INFO] [app.main] [Worker-71692] [1763788471197] Found 1 cars, returning page 1/1 with 1 items
2025-11-22 06:14:31 [INFO] [app.main] [Worker-71692] [1763788471197] Response: 200 Duration: 0.038s Size: 1290 bytes
2025-11-22 06:14:31 [INFO] [app.main] [Worker-71692] [1763788471264] POST /api/predict from 127.0.0.1 User-Agent: Werkzeug/3.1.3
2025-11-22 06:14:31 [INFO] [app.main] [Worker-71692] [1763788471264] Request body: {'body_type': 'Hatchback', 'brand': 'Citroen', 'fuel_type': 'Diesel', 'mileage': 'lots', 'model': 'C3', 'transmission': 'Manual', 'year': 2019}
2025-11-22 06:14:31 [INFO] [app.main] [Worker-71692] [1763788471264] Price prediction requested for: Citroen C3 2019
2025-11-22 06:14:31 [WARNING] [app.main] [Worker-71692] [1763788471264] Validation error in predict_price: Mileage must be an integer
2025-11-22 06:14:31 [INFO] [app.main] [Worker-71692] [1763788471264] Response: 400 Duration: 0.002s Size: 55 bytes
2025-11-22 06:14:31 [INFO] [app.main] [Worker-71692] [1763788471294] GET /api/brands from 127.0.0.1 User-Agent: Werkzeug/3.1.3
2025-11-22 06:14:31 [INFO] [app.main] [Worker-71692] [1763788471294] Fetching brands
2025-11-22 06:14:31 [INFO] [app.main] [Worker-71692] [1763788471294] Found 1 brands
2025-11-22 06:14:31 [INFO] [app.main] [Worker-71692] [1763788471294] Response: 200 Duration: 0.003s Size: 56 bytes
2025-11-22 06:14:31 [INFO] [app.main] [Worker-71692] [1763788471325] GET /api/models from 127.0.0.1 User-Agent: Werkzeug/3.1.3
2025-11-22 06:14:31 [WARNING] [app.main] [Worker-71692] [1763788471325] 404 error: /api/models
2025-11-22 06:14:31 [INFO] [app.main] [Worker-71692] [1763788471325] Response: 404 Duration: 0.002s Size: 68 bytes
2025-11-22 06:14:31 [INFO] [app.main] [Worker-71692] [1763788471363] GET /api/filters from 127.0.0.1 User-Agent: Werkzeug/3.1.3
2025-11-22 06:14:31 [INFO] [app.main] [Worker-71692] [1763788471363] Fetching filter options
2025-11-22 06:14:31 [INFO] [app.main] [Worker-71692] [1763788471363] Retrieved all filter options successfully
2025-11-22 06:14:31 [INFO] [app.main] [Worker-71692] [1763788471363] Response: 200 Duration: 0.008s Size: 339 bytes
2025-11-22 06:14:31 [INFO] [app.main] [Worker-71692] [1763788471398] GET /api/cars from 127.0.0.1 User-Agent: Werkzeug/3.1.3
2025-11-22 06:14:31 [INFO] [app.main] [Worker-71692] [1763788471398] Fetching cars with filters: ImmutableMultiDict([('search', 'Toy')])
2025-11-22 06:14:31 [INFO] [app.main] [Worker-71692] [1763788471398] Found 1 cars, returning page 1/1 with 1 items
2025-11-22 06:14:31 [INFO] [app.main] [Worker-71692] [1763788471398] Response: 200 Duration: 0.006s Size: 1290 bytes
2025-11-22 06:14:31 [INFO] [app.main] [Worker-71692] [1763788471433] POST /api/predict from 127.0.0.1 User-Agent: Werkzeug/3.1.3
2025-11-22 06:14:31 [INFO] [app.main] [Worker-71692] [1763788471433] Request body: {'body_type': 'SUV', 'brand': 'Mazda', 'color': 'Red', 'doors': 5, 'engine_size': 2.0, 'fuel_type': 'Benzin', 'horsepower': 165, 'mileage': 25000, 'model': 'CX-5', 'seats': 5, 'transmission': 'Automatic', 'year': 2021}
2025-11-22 06:14:31 [INFO] [app.main] [Worker-71692] [1763788471433] Price prediction requested for: Mazda CX-5 2021
2025-11-22 06:14:31 [INFO] [app.main] [Worker-71692] [1763788471433] Prediction completed in 0.000s: 170278.62 DKK (confidence: 87.0%)
2025-11-22 06:14:31 [INFO] [app.main] [Worker-71692] [1763788471433] Response: 200 Duration: 0.005s Size: 400 bytes
2025-11-22 06:14:31 [INFO] [app.main] [Worker-71692] [1763788471462] POST /api/cars from 127.0.0.1 User-Agent: Werkzeug/3.1.3
2025-11-22 06:14:31 [INFO] [app.main] [Worker-71692] [1763788471462] Request body: {'body_type': 'Hatchback', 'brand': 'Hyundai', 'fuel_type': 'Diesel', 'mileage': 60000, 'model': 'i30', 'price': 140000.0, 'transmission': 'Manual', 'year': 2019}
2025-11-22 06:14:31 [INFO] [app.main] [Worker-71692] [1763788471462] Creating new car: Hyundai i30
2025-11-22 06:14:31 [INFO] [app.main] [Worker-71692] [1763788471462] Successfully created car with ID: 9cb1d59a-dd34-4961-8672-d7313a6ec059
2025-11-22 06:14:31 [INFO] [app.main] [Worker-71692] [1763788471462] Response: 201 Duration: 0.009s Size: 1217 bytes
2025-11-22 06:14:31 [INFO] [app.main] [Worker-71692] [1763788471498] GET /api/cars from 127.0.0.1 User-Agent: Werkzeug/3.1.3
2025-11-22 06:14:31 [INFO] [app.main] [Worker-71692] [1763788471498] Fetching cars with filters: ImmutableMultiDict([('min_price', '100000')])
2025-11-22 06:14:31 [INFO] [app.main] [Worker-71692] [1763788471498] Found 1 cars, returning page 1/1 with 1 items
2025-11-22 06:14:31 [INFO] [app.main] [Worker-71692] [1763788471498] Response: 200 Duration: 0.007s Size: 1290 bytes
2025-11-22 06:14:31 [INFO] [app.main] [Worker-71692] [1763788471507] GET /api/cars from 127.0.0.1 User-Agent: Werkzeug/3.1.3
2025-11-22 06:14:31 [INFO] [app.main] [Worker-71692] [1763788471507] Fetching cars with filters: ImmutableMultiDict([('max_price', '500000')])
2025-11-22 06:14:31 [INFO] [app.main] [Worker-71692] [1763788471507] Found 1 cars, returning page 1/1 with 1 items
2025-11-22 06:14:31 [INFO] [app.main] [Worker-71692] [1763788471507] Response: 200 Duration: 0.004s Size: 1290 bytes
2025-11-22 06:14:31 [INFO] [app.main] [Worker-71692] [1763788471544] GET /api/cars from 127.0.0.1 User-Agent: Werkzeug/3.1.3
2025-11-22 06:14:31 [INFO] [app.main] [Worker-71692] [1763788471544] Fetching cars with filters: ImmutableMultiDict([('min_year', '2015')])
2025-11-22 06:14:31 [INFO] [app.main] [Worker-71692] [1763788471544] Found 1 cars, returning page 1/1 with 1 items
2025-11-22 06:14:31 [INFO] [app.main] [Worker-71692] [1763788471544] Response: 200 Duration: 0.005s Size: 1290 bytes
2025-11-22 06:14:31 [INFO] [app.main] [Worker-71692] [1763788471551] GET /api/cars from 127.0.0.1 User-Agent: Werkzeug/3.1.3
2025-11-22 06:14:31 [INFO] [app.main] [Worker-71692] [1763788471551] Fetching cars with filters: ImmutableMultiDict([('max_year', '2025')])
2025-11-22 06:14:31 [INFO] [app.main] [Worker-71692] [1763788471551] Found 1 cars, returning page 1/1 with 1 items
2025-11-22 06:14:31 [INFO] [app.main] [Worker-71692] [1763788471551] Response: 200 Duration: 0.004s Size: 1290 bytes
2025-11-22 06:14:31 [INFO] [app.main] [Worker-71692] [1763788471578] GET /api/health from 127.0.0.1 User-Agent: Werkzeug/3.1.3
2025-11-22 06:14:31 [WARNING] [app.main] [Worker-71692] [1763788471578] 404 error: /api/health
2025-11-22 06:14:31 [INFO] [app.main] [Worker-71692] [1763788471578] Response: 404 Duration: 0.000s Size: 68 bytes
2025-11-22 06:14:31 [INFO] [app.main] [Worker-71692] [1763788471607] GET /api/cars from 127.0.0.1 User-Agent: Werkzeug/3.1.3
2025-11-22 06:14:31 [INFO] [app.main] [Worker-71692] [1763788471607] Fetching cars with filters: ImmutableMultiDict([('min_mileage', '10000'), ('max_mileage', '100000')])
2025-11-22 06:14:31 [INFO] [app.main] [Worker-71692] [1763788471607] Found 1 cars, returning page 1/1 with 1 items
2025-11-22 06:14:31 [INFO] [app.main] [Worker-71692] [1763788471607] Response: 200 Duration: 0.006s Size: 1290 bytes
2025-11-22 06:14:31 [INFO] [app.main] [Worker-71692] [1763788471645] GET /api/cars from 127.0.0.1 User-Agent: Werkzeug/3.1.3
2025-11-22 06:14:31 [INFO] [app.main] [Worker-71692] [1763788471645] Fetching cars with filters: ImmutableMultiDict([('sort_by', 'price'), ('sort_order', 'asc')])
2025-11-22 06:14:31 [INFO] [app.main] [Worker-71692] [1763788471645] Found 3 cars, returning page 1/1 with 3 items
2025-11-22 06:14:31 [INFO] [app.main] [Worker-71692] [1763788471645] Response: 200 Duration: 0.011s Size: 3618 bytes
2025-11-22 06:14:31 [INFO] [app.main] [Worker-71692] [1763788471679] POST /api/predict from 127.0.0.1 User-Agent: Werkzeug/3.1.3
2025-11-22 06:14:31 [INFO] [app.main] [Worker-71692] [1763788471679] Request body: {'body_type': 'Hatchback', 'brand': 'Kia', 'fuel_type': 'Diesel', 'mileage': 35000, 'model': 'Ceed', 'transmission': 'Manual', 'year': 2020}
2025-11-22 06:14:31 [INFO] [app.main] [Worker-71692] [1763788471679] Price prediction requested for: Kia Ceed 2020
2025-11-22 06:14:31 [INFO] [app.main] [Worker-71692] [1763788471679] Prediction completed in 0.000s: 81570.67 DKK (confidence: 82.0%)
2025-11-22 06:14:31 [INFO] [app.main] [Worker-71692] [1763788471679] Response: 200 Duration: 0.004s Size: 329 bytes
2025-11-22 06:14:31 [INFO] [app.main] [Worker-71692] [1763788471711] POST /api/predict from 127.0.0.1 User-Agent: Werkzeug/3.1.3
2025-11-22 06:14:31 [INFO] [app.main] [Worker-71692] [1763788471711] Request body: {'body_type': 'SUV', 'brand': 'Nissan', 'fuel_type': 'Diesel', 'mileage': 50000, 'model': 'Qashqai', 'transmission': 'Automatic', 'year': 2019}
2025-11-22 06:14:31 [INFO] [app.main] [Worker-71692] [1763788471711] Price prediction requested for: Nissan Qashqai 2019
2025-11-22 06:14:31 [INFO] [app.main] [Worker-71692] [1763788471711] Prediction completed in 0.000s: 110120.4 DKK (confidence: 82.0%)
2025-11-22 06:14:31 [INFO] [app.main] [Worker-71692] [1763788471711] Response: 200 Duration: 0.003s Size: 333 bytes
2025-11-22 06:14:31 [INFO] [app.main] [Worker-71692] [1763788471742] GET /api/cars from 127.0.0.1 User-Agent: Werkzeug/3.1.3
2025-11-22 06:14:31 [INFO] [app.main] [Worker-71692] [1763788471742] Fetching cars with filters: ImmutableMultiDict([('model', 'Camry')])
2025-11-22 06:14:31 [INFO] [app.main] [Worker-71692] [1763788471742] Found 1 cars, returning page 1/1 with 1 items
2025-11-22 06:14:31 [INFO] [app.main] [Worker-71692] [1763788471742] Response: 200 Duration: 0.030s Size: 1290 bytes
2025-11-22 06:14:31 [INFO] [app.main] [Worker-71692] [1763788471799] GET /api/cars from 127.0.0.1 User-Agent: Werkzeug/3.1.3
2025-11-22 06:14:31 [INFO] [app.main] [Worker-71692] [1763788471799] Fetching cars with filters: ImmutableMultiDict([('location', 'Copenhagen')])
2025-11-22 06:14:31 [INFO] [app.main] [Worker-71692] [1763788471799] Found 1 cars, returning page 1/1 with 1 items
2025-11-22 06:14:31 [INFO] [app.main] [Worker-71692] [1763788471799] Response: 200 Duration: 0.027s Size: 1290 bytes
2025-11-22 06:14:31 [INFO] [app.main] [Worker-71692] [1763788471856] GET /api/cars from 127.0.0.1 User-Agent: Werkzeug/3.1.3
2025-11-22 06:14:31 [INFO] [app.main] [Worker-71692] [1763788471856] Fetching cars with filters: ImmutableMultiDict([('sort_by', 'year'), ('sort_order', 'desc')])
2025-11-22 06:14:31 [INFO] [app.main] [Worker-71692] [1763788471856] Found 3 cars, returning page 1/1 with 3 items
2025-11-22 06:14:31 [INFO] [app.main] [Worker-71692] [1763788471856] Response: 200 Duration: 0.011s Size: 3618 bytes
2025-11-22 06:14:31 [INFO] [app.main] [Worker-71692] [1763788471896] GET /api/cars from 127.0.0.1 User-Agent: Werkzeug/3.1.3
2025-11-22 06:14:31 [INFO] [app.main] [Worker-71692] [1763788471896] Fetching cars with filters: ImmutableMultiDict([('sort_by', 'mileage'), ('sort_order', 'asc')])
2025-11-22 06:14:31 [INFO] [app.main] [Worker-71692] [1763788471896] Found 3 cars, returning page 1/1 with 3 items
2025-11-22 06:14:31 [INFO] [app.main] [Worker-71692] [1763788471896] Response: 200 Duration: 0.012s Size: 3618 bytes
2025-11-22 06:14:31 [INFO] [app.main] [Worker-71692] [1763788471933] GET /api/cars from 127.0.0.1 User-Agent: Werkzeug/3.1.3
2025-11-22 06:14:31 [INFO] [app.main] [Worker-71692] [1763788471933] Fetching cars with filters: ImmutableMultiDict([('max_mileage', '100000')])
2025-11-22 06:14:31 [INFO] [app.main] [Worker-71692] [1763788471933] Found 1 cars, returning page 1/1 with 1 items
2025-11-22 06:14:31 [INFO] [app.main] [Worker-71692] [1763788471933] Response: 200 Duration: 0.006s Size: 1290 bytes
2025-11-22 06:14:31 [INFO] [app.main] [Worker-71692] [1763788471966] GET /api/cars from 127.0.0.1 User-Agent: Werkzeug/3.1.3
2025-11-22 06:14:31 [INFO] [app.main] [Worker-71692] [1763788471966] Fetching cars with filters: ImmutableMultiDict([('min_mileage', '10000')])
2025-11-22 06:14:31 [INFO] [app.main] [Worker-71692] [1763788471966] Found 1 cars, returning page 1/1 with 1 items
2025-11-22 06:14:31 [INFO] [app.main] [Worker-71692] [1763788471966] Response: 200 Duration: 0.005s Size: 1290 bytes
2025-11-22 06:14:31 [INFO] [app.main] [Worker-71692] [1763788471996] POST /api/predict from 127.0.0.1 User-Agent: Werkzeug/3.1.3
2025-11-22 06:14:31 [INFO] [app.main] [Worker-71692] [1763788471996] Request body: {'body_type': 'Sedan', 'brand': 'Honda', 'fuel_type': 'Benzin', 'mileage': 40000, 'model': 'Civic', 'transmission': 'Manual', 'year': 2020}
2025-11-22 06:14:31 [INFO] [app.main] [Worker-71692] [1763788471996] Price prediction requested for: Honda Civic 2020
2025-11-22 06:14:31 [INFO] [app.main] [Worker-71692] [1763788471996] Prediction completed in 0.000s: 102039.62 DKK (confidence: 82.0%)
2025-11-22 06:14:31 [INFO] [app.main] [Worker-71692] [1763788471996] Response: 200 Duration: 0.003s Size: 330 bytes
2025-11-22 06:14:32 [INFO] [app.main] [Worker-71692] [1763788472030] GET /api/cars from 127.0.0.1 User-Agent: Werkzeug/3.1.3
2025-11-22 06:14:32 [INFO] [app.main] [Worker-71692] [1763788472030] Fetching cars with filters: ImmutableMultiDict([('brand', 'Toyota'), ('model', 'Camry'), ('fuel_type', 'Benzin'), ('transmission', 'Automatisk'), ('body_type', 'Sedan'), ('location', 'Aarhus'), ('min_year', '2015'), ('max_year', '2025')])
2025-11-22 06:14:32 [INFO] [app.main] [Worker-71692] [1763788472030] Found 1 cars, returning page 1/1 with 1 items
2025-11-22 06:14:32 [INFO] [app.main] [Worker-71692] [1763788472030] Response: 200 Duration: 0.033s Size: 1286 bytes
2025-11-22 06:14:32 [INFO] [app.main] [Worker-71692] [1763788472093] POST /api/cars from 127.0.0.1 User-Agent: Werkzeug/3.1.3
2025-11-22 06:14:32 [INFO] [app.main] [Worker-71692] [1763788472093] Request body: {'body_type': 'Sedan', 'brand': 'Subaru', 'fuel_type': 'Benzin', 'mileage': 55000, 'model': 'Impreza', 'price': 'expensive', 'transmission': 'Manual', 'year': 2019}
2025-11-22 06:14:32 [INFO] [app.main] [Worker-71692] [1763788472093] Creating new car: Subaru Impreza
2025-11-22 06:14:32 [WARNING] [app.main] [Worker-71692] [1763788472093] Validation error in create_car: Price must be a number
2025-11-22 06:14:32 [INFO] [app.main] [Worker-71692] [1763788472093] Response: 400 Duration: 0.003s Size: 51 bytes
2025-11-22 06:14:32 [INFO] [app.main] [Worker-71692] [1763788472123] POST /api/cars from 127.0.0.1 User-Agent: Werkzeug/3.1.3
2025-11-22 06:14:32 [INFO] [app.main] [Worker-71692] [1763788472123] Request body: {'body_type': 'SUV', 'brand': 'Mitsubishi', 'fuel_type': 'Diesel', 'mileage': -1000, 'model': 'Outlander', 'price': 280000.0, 'transmission': 'Automatic', 'year': 2020}
2025-11-22 06:14:32 [INFO] [app.main] [Worker-71692] [1763788472123] Creating new car: Mitsubishi Outlander
2025-11-22 06:14:32 [WARNING] [app.main] [Worker-71692] [1763788472123] Validation error in create_car: mileage cannot be negative
2025-11-22 06:14:32 [INFO] [app.main] [Worker-71692] [1763788472123] Response: 400 Duration: 0.002s Size: 55 bytes
2025-11-22 06:14:32 [INFO] [app.main] [Worker-71692] [1763788472150] POST /api/predict from 127.0.0.1 User-Agent: Werkzeug/3.1.3
2025-11-22 06:14:32 [INFO] [app.main] [Worker-71692] [1763788472150] Request body: {'body_type': 'Sedan', 'brand': 'Lexus', 'doors': 'many', 'fuel_type': 'Benzin', 'mileage': 35000, 'model': 'IS', 'transmission': 'Automatic', 'year': 2019}
2025-11-22 06:14:32 [INFO] [app.main] [Worker-71692] [1763788472150] Price prediction requested for: Lexus IS 2019
2025-11-22 06:14:32 [WARNING] [app.main] [Worker-71692] [1763788472150] Validation error in predict_price: doors must be an integer
2025-11-22 06:14:32 [INFO] [app.main] [Worker-71692] [1763788472150] Response: 400 Duration: 0.003s Size: 53 bytes
2025-11-22 06:14:32 [INFO] [app.main] [Worker-71692] [1763788472184] POST /api/predict from 127.0.0.1 User-Agent: Werkzeug/3.1.3
2025-11-22 06:14:32 [INFO] [app.main] [Worker-71692] [1763788472184] Request body: {'body_type': 'SUV', 'brand': 'Jeep', 'fuel_type': 'Benzin', 'mileage': 28000, 'model': 'Cherokee', 'seats': 'lots', 'transmission': 'Automatic', 'year': 2020}
2025-11-22 06:14:32 [INFO] [app.main] [Worker-71692] [1763788472184] Price prediction requested for: Jeep Cherokee 2020
2025-11-22 06:14:32 [WARNING] [app.main] [Worker-71692] [1763788472184] Validation error in predict_price: seats must be an integer
2025-11-22 06:14:32 [INFO] [app.main] [Worker-71692] [1763788472184] Response: 400 Duration: 0.001s Size: 53 bytes
2025-11-22 06:14:32 [INFO] [app.main] [Worker-71692] [1763788472212] GET /api/cars/5a5005aa-3921-46bc-aff5-6cc0495a780d from 127.0.0.1 User-Agent: Werkzeug/3.1.3
2025-11-22 06:14:32 [INFO] [app.main] [Worker-71692] [1763788472212] Fetching car with ID: 5a5005aa-3921-46bc-aff5-6cc0495a780d
2025-11-22 06:14:32 [INFO] [app.main] [Worker-71692] [1763788472212] Successfully retrieved car 5a5005aa-3921-46bc-aff5-6cc0495a780d
2025-11-22 06:14:32 [INFO] [app.main] [Worker-71692] [1763788472212] Response: 200 Duration: 0.004s Size: 1187 bytes
2025-11-22 06:14:32 [INFO] [app.main] [Worker-71692] [1763788472245] GET /api/cars from 127.0.0.1 User-Agent: Werkzeug/3.1.3
2025-11-22 06:14:32 [INFO] [app.main] [Worker-71692] [1763788472245] Fetching cars with filters: ImmutableMultiDict([('min_price', '100000'), ('max_price', '400000'), ('min_year', '2015'), ('max_year', '2023')])
2025-11-22 06:14:32 [INFO] [app.main] [Worker-71692] [1763788472245] Found 1 cars, returning page 1/1 with 1 items
2025-11-22 06:14:32 [INFO] [app.main] [Worker-71692] [1763788472245] Response: 200 Duration: 0.005s Size: 1290 bytes
2025-11-22 06:14:32 [INFO] [app.ml.predictor] [Worker-71692] Loaded model from C:\Users\Igor Cretu\Desktop\Bachelor\Project\BackEnd\API\app\ml\../../models\best_model_xgboost.pkl
2025-11-22 06:14:32 [INFO] [app.ml.predictor] [Worker-71692] Loaded model from C:\Users\Igor Cretu\Desktop\Bachelor\Project\BackEnd\API\app\ml\../../models\best_model_xgboost.pkl
2025-11-22 06:14:32 [INFO] [app.ml.predictor] [Worker-71692] Loaded model from C:\Users\Igor Cretu\Desktop\Bachelor\Project\BackEnd\API\app\ml\../../models\best_model_xgboost.pkl
2025-11-22 06:14:32 [INFO] [app.ml.predictor] [Worker-71692] Loaded model from C:\Users\Igor Cretu\Desktop\Bachelor\Project\BackEnd\API\app\ml\../../models\best_model_xgboost.pkl
2025-11-22 06:14:32 [INFO] [prediction_worker] [Worker-71692] Completed job 92bab3fe-72e2-454a-8f84-aad2d2b156a6
2025-11-22 06:14:53 [INFO] [app.main] [Worker-56560] ================================================================================
2025-11-22 06:14:53 [INFO] [app.main] [Worker-56560] INITIALIZING BPR BACKEND API
2025-11-22 06:14:53 [INFO] [app.main] [Worker-56560] ================================================================================
2025-11-22 06:14:53 [INFO] [app.main] [Worker-56560] CORS locked to: ['https://bpr-g26.netlify.app', 'https://test.bachelorproject26.site', 'https://bachelorproject26.site', 'http://localhost:5173', 'http://127.0.0.1:5173', 'https://carpredict.netlify.app']
2025-11-22 06:14:53 [INFO] [app.main] [Worker-56560] Database URL configured: localhost
2025-11-22 06:14:53 [INFO] [app.main] [Worker-56560] Database initialized with connection pooling
2025-11-22 06:14:53 [INFO] [app.main] [Worker-56560] Initializing ML predictor...
2025-11-22 06:14:55 [INFO] [app.ml.predictor] [Worker-56560] Loaded model from C:\Users\Igor Cretu\Desktop\Bachelor\Project\BackEnd\API\app\ml\../../models\best_model_xgboost.pkl
2025-11-22 06:14:55 [INFO] [app.main] [Worker-56560] ML Predictor initialized: {'version': 'v1.0.0-heuristic', 'loaded': False, 'type': 'heuristic', 'model_name': 'N/A', 'test_r2': 'N/A', 'test_mae': 'N/A', 'features_count': 0}
2025-11-22 06:14:55 [INFO] [app.main] [Worker-56560] Application loaded by WSGI server
2025-11-22 06:14:55 [INFO] [app.main] [Worker-56560] Configuration: {}
2025-11-22 06:14:56 [INFO] [app.main] [Worker-56560] [1763788496465] POST /api/cars from 127.0.0.1 User-Agent: Werkzeug/3.1.3
2025-11-22 06:14:56 [INFO] [app.main] [Worker-56560] [1763788496465] Request body: {'body_type': 'Sedan', 'brand': 'BMW', 'fuel_type': 'Diesel', 'mileage': 50000, 'model': '320d', 'price': 250000.0, 'transmission': 'Automatic', 'year': 2020}
2025-11-22 06:14:56 [INFO] [app.main] [Worker-56560] [1763788496465] Creating new car: BMW 320d
2025-11-22 06:14:56 [INFO] [app.main] [Worker-56560] [1763788496465] Successfully created car with ID: c47cacf8-2f29-4e93-8649-bfc15e2ce774
2025-11-22 06:14:56 [INFO] [app.main] [Worker-56560] [1763788496465] Response: 201 Duration: 0.061s Size: 1213 bytes
2025-11-22 06:14:56 [INFO] [app.main] [Worker-56560] [1763788496558] POST /api/cars from 127.0.0.1 User-Agent: Werkzeug/3.1.3
2025-11-22 06:14:56 [INFO] [app.main] [Worker-56560] [1763788496558] Request body: {'brand': 'BMW', 'model': '320d'}
2025-11-22 06:14:56 [WARNING] [app.main] [Worker-56560] [1763788496558] Validation error in create_car: Missing required fields: year, mileage, fuel_type, transmission, body_type, price
2025-11-22 06:14:56 [INFO] [app.main] [Worker-56560] [1763788496558] Response: 400 Duration: 0.003s Size: 110 bytes
2025-11-22 06:14:56 [INFO] [app.main] [Worker-56560] [1763788496586] POST /api/cars from 127.0.0.1 User-Agent: Werkzeug/3.1.3
2025-11-22 06:14:56 [INFO] [app.main] [Worker-56560] [1763788496586] Request body: {'body_type': 'Sedan', 'brand': 'BMW', 'fuel_type': 'Diesel', 'mileage': 50000, 'model': '320d', 'price': 250000.0, 'transmission': 'Automatic', 'year': 'not_a_year'}
2025-11-22 06:14:56 [INFO] [app.main] [Worker-56560] [1763788496586] Creating new car: BMW 320d
2025-11-22 06:14:56 [WARNING] [app.main] [Worker-56560] [1763788496586] Validation error in create_car: Year must be an integer
2025-11-22 06:14:56 [INFO] [app.main] [Worker-56560] [1763788496586] Response: 400 Duration: 0.003s Size: 52 bytes
2025-11-22 06:14:56 [INFO] [app.main] [Worker-56560] [1763788496631] GET /api/cars/test-car-123 from 127.0.0.1 User-Agent: Werkzeug/3.1.3
2025-11-22 06:14:56 [INFO] [app.main] [Worker-56560] [1763788496631] Fetching car with ID: test-car-123
2025-11-22 06:14:56 [INFO] [app.main] [Worker-56560] [1763788496631] Successfully retrieved car test-car-123
2025-11-22 06:14:56 [INFO] [app.main] [Worker-56560] [1763788496631] Response: 200 Duration: 0.012s Size: 1163 bytes
2025-11-22 06:14:56 [INFO] [app.main] [Worker-56560] [1763788496671] POST /api/predict from 127.0.0.1 User-Agent: Werkzeug/3.1.3
2025-11-22 06:14:56 [INFO] [app.main] [Worker-56560] [1763788496671] Request body: {'body_type': 'Sedan', 'brand': 'Audi', 'fuel_type': 'Diesel', 'mileage': 60000, 'model': 'A4', 'transmission': 'Automatic', 'year': 2019}
2025-11-22 06:14:56 [INFO] [app.main] [Worker-56560] [1763788496671] Price prediction requested for: Audi A4 2019
2025-11-22 06:14:56 [INFO] [app.main] [Worker-56560] [1763788496671] Prediction completed in 0.000s: 162121.7 DKK (confidence: 82.0%)
2025-11-22 06:14:56 [INFO] [app.main] [Worker-56560] [1763788496671] Response: 200 Duration: 0.009s Size: 328 bytes
2025-11-22 06:14:56 [INFO] [app.main] [Worker-56560] [1763788496703] GET /api/queue/job/nonexistent-id from 127.0.0.1 User-Agent: Werkzeug/3.1.3
2025-11-22 06:14:56 [WARNING] [app.main] [Worker-56560] [1763788496703] 404 error: /api/queue/job/nonexistent-id
2025-11-22 06:14:56 [INFO] [app.main] [Worker-56560] [1763788496703] Response: 404 Duration: 0.002s Size: 86 bytes
2025-11-22 06:14:56 [INFO] [app.main] [Worker-56560] [1763788496806] GET /api/cars from 127.0.0.1 User-Agent: Werkzeug/3.1.3
2025-11-22 06:14:56 [INFO] [app.main] [Worker-56560] [1763788496806] Fetching cars with filters: ImmutableMultiDict([('brand', 'Toyota'), ('fuel_type', 'Diesel'), ('min_year', '2018')])
2025-11-22 06:14:56 [INFO] [app.main] [Worker-56560] [1763788496806] Found 0 cars, returning page 1/0 with 0 items
2025-11-22 06:14:56 [INFO] [app.main] [Worker-56560] [1763788496806] Response: 200 Duration: 0.040s Size: 127 bytes
2025-11-22 06:14:56 [INFO] [app.main] [Worker-56560] [1763788496878] GET /api/cars from 127.0.0.1 User-Agent: Werkzeug/3.1.3
2025-11-22 06:14:56 [INFO] [app.main] [Worker-56560] [1763788496878] Fetching cars with filters: ImmutableMultiDict([('search', 'Toyota')])
2025-11-22 06:14:56 [INFO] [app.main] [Worker-56560] [1763788496878] Found 1 cars, returning page 1/1 with 1 items
2025-11-22 06:14:56 [INFO] [app.main] [Worker-56560] [1763788496878] Response: 200 Duration: 0.033s Size: 1266 bytes
2025-11-22 06:14:56 [INFO] [app.main] [Worker-56560] [1763788496944] GET /api/cars from 127.0.0.1 User-Agent: Werkzeug/3.1.3
2025-11-22 06:14:56 [INFO] [app.main] [Worker-56560] [1763788496944] Fetching cars with filters: ImmutableMultiDict([('sort_by', 'price'), ('sort_order', 'desc')])
2025-11-22 06:14:56 [INFO] [app.main] [Worker-56560] [1763788496944] Found 3 cars, returning page 1/1 with 3 items
2025-11-22 06:14:56 [INFO] [app.main] [Worker-56560] [1763788496944] Response: 200 Duration: 0.012s Size: 3618 bytes
2025-11-22 06:14:56 [INFO] [app.main] [Worker-56560] [1763788496981] GET /api/brands from 127.0.0.1 User-Agent: Werkzeug/3.1.3
2025-11-22 06:14:56 [INFO] [app.main] [Worker-56560] [1763788496981] Fetching brands
2025-11-22 06:14:56 [INFO] [app.main] [Worker-56560] [1763788496981] Found 1 brands
2025-11-22 06:14:56 [INFO] [app.main] [Worker-56560] [1763788496981] Response: 200 Duration: 0.005s Size: 56 bytes
2025-11-22 06:14:57 [INFO] [app.main] [Worker-56560] [1763788497014] POST /api/predict from 127.0.0.1 User-Agent: Werkzeug/3.1.3
2025-11-22 06:14:57 [INFO] [app.main] [Worker-56560] [1763788497014] Request body: {'body_type': 'Sedan', 'brand': 'Mercedes', 'doors': 4, 'engine_size': 2.0, 'fuel_type': 'Diesel', 'horsepower': 200, 'mileage': 30000, 'model': 'C-Class', 'seats': 5, 'transmission': 'Automatic', 'year': 2021}
2025-11-22 06:14:57 [INFO] [app.main] [Worker-56560] [1763788497014] Price prediction requested for: Mercedes C-Class 2021
2025-11-22 06:14:57 [INFO] [app.main] [Worker-56560] [1763788497014] Prediction completed in 0.000s: 145563.82 DKK (confidence: 87.0%)
2025-11-22 06:14:57 [INFO] [app.main] [Worker-56560] [1763788497014] Response: 200 Duration: 0.005s Size: 394 bytes
2025-11-22 06:14:57 [INFO] [app.main] [Worker-56560] [1763788497045] POST /api/predict from 127.0.0.1 User-Agent: Werkzeug/3.1.3
2025-11-22 06:14:57 [INFO] [app.main] [Worker-56560] [1763788497045] Request body: {'body_type': 'Sedan', 'brand': 'Mercedes', 'fuel_type': 'Diesel', 'mileage': 30000, 'model': 'C-Class', 'transmission': 'Automatic', 'year': 'invalid'}
2025-11-22 06:14:57 [INFO] [app.main] [Worker-56560] [1763788497045] Price prediction requested for: Mercedes C-Class invalid
2025-11-22 06:14:57 [WARNING] [app.main] [Worker-56560] [1763788497045] Validation error in predict_price: Year must be an integer
2025-11-22 06:14:57 [INFO] [app.main] [Worker-56560] [1763788497045] Response: 400 Duration: 0.003s Size: 52 bytes
2025-11-22 06:14:57 [INFO] [app.main] [Worker-56560] [1763788497079] GET /api/cars from 127.0.0.1 User-Agent: Werkzeug/3.1.3
2025-11-22 06:14:57 [INFO] [app.main] [Worker-56560] [1763788497079] Fetching cars with filters: ImmutableMultiDict([('page', '999999')])
2025-11-22 06:14:57 [INFO] [app.main] [Worker-56560] [1763788497079] Found 0 cars, returning page 999999/0 with 0 items
2025-11-22 06:14:57 [INFO] [app.main] [Worker-56560] [1763788497079] Response: 200 Duration: 0.003s Size: 131 bytes
2025-11-22 06:14:57 [INFO] [app.main] [Worker-56560] [1763788497121] GET /api/cars from 127.0.0.1 User-Agent: Werkzeug/3.1.3
2025-11-22 06:14:57 [INFO] [app.main] [Worker-56560] [1763788497121] Fetching cars with filters: ImmutableMultiDict([('per_page', '2')])
2025-11-22 06:14:57 [INFO] [app.main] [Worker-56560] [1763788497121] Found 5 cars, returning page 1/3 with 2 items
2025-11-22 06:14:57 [INFO] [app.main] [Worker-56560] [1763788497121] Response: 200 Duration: 0.005s Size: 2452 bytes
2025-11-22 06:14:57 [INFO] [app.main] [Worker-56560] [1763788497161] GET /api/stats from 127.0.0.1 User-Agent: Werkzeug/3.1.3
2025-11-22 06:14:57 [INFO] [app.main] [Worker-56560] [1763788497161] Fetching market statistics
2025-11-22 06:14:57 [INFO] [app.main] [Worker-56560] [1763788497161] Statistics: 1 total cars
2025-11-22 06:14:57 [INFO] [app.main] [Worker-56560] [1763788497161] Response: 200 Duration: 0.015s Size: 217 bytes
2025-11-22 06:14:57 [INFO] [app.main] [Worker-56560] [1763788497201] GET /api/cars from 127.0.0.1 User-Agent: Werkzeug/3.1.3
2025-11-22 06:14:57 [INFO] [app.main] [Worker-56560] [1763788497201] Fetching cars with filters: ImmutableMultiDict([])
2025-11-22 06:14:57 [INFO] [app.main] [Worker-56560] [1763788497201] Found 0 cars, returning page 1/0 with 0 items
2025-11-22 06:14:57 [INFO] [app.main] [Worker-56560] [1763788497201] Response: 200 Duration: 0.005s Size: 127 bytes
2025-11-22 06:14:57 [INFO] [app.main] [Worker-56560] [1763788497229] GET /api/cars from 127.0.0.1 User-Agent: Werkzeug/3.1.3
2025-11-22 06:14:57 [INFO] [app.main] [Worker-56560] [1763788497229] Fetching cars with filters: ImmutableMultiDict([])
2025-11-22 06:14:57 [INFO] [app.main] [Worker-56560] [1763788497229] Found 0 cars, returning page 1/0 with 0 items
2025-11-22 06:14:57 [INFO] [app.main] [Worker-56560] [1763788497229] Response: 200 Duration: 0.004s Size: 127 bytes
2025-11-22 06:14:57 [INFO] [app.main] [Worker-56560] [1763788497258] GET /api/cars from 127.0.0.1 User-Agent: Werkzeug/3.1.3
2025-11-22 06:14:57 [INFO] [app.main] [Worker-56560] [1763788497258] Fetching cars with filters: ImmutableMultiDict([('page', '1'), ('per_page', '10')])
2025-11-22 06:14:57 [INFO] [app.main] [Worker-56560] [1763788497258] Found 0 cars, returning page 1/0 with 0 items
2025-11-22 06:14:57 [INFO] [app.main] [Worker-56560] [1763788497258] Response: 200 Duration: 0.006s Size: 127 bytes
2025-11-22 06:14:57 [INFO] [app.main] [Worker-56560] [1763788497289] GET /api/cars from 127.0.0.1 User-Agent: Werkzeug/3.1.3
2025-11-22 06:14:57 [INFO] [app.main] [Worker-56560] [1763788497289] Fetching cars with filters: ImmutableMultiDict([('brand', 'Toyota'), ('fuel_type', 'Benzin')])
2025-11-22 06:14:57 [INFO] [app.main] [Worker-56560] [1763788497289] Found 0 cars, returning page 1/0 with 0 items
2025-11-22 06:14:57 [INFO] [app.main] [Worker-56560] [1763788497289] Response: 200 Duration: 0.008s Size: 127 bytes
2025-11-22 06:14:57 [INFO] [app.main] [Worker-56560] [1763788497325] GET /api/cars from 127.0.0.1 User-Agent: Werkzeug/3.1.3
2025-11-22 06:14:57 [INFO] [app.main] [Worker-56560] [1763788497325] Fetching cars with filters: ImmutableMultiDict([('q', 'Toyota')])
2025-11-22 06:14:57 [INFO] [app.main] [Worker-56560] [1763788497325] Found 0 cars, returning page 1/0 with 0 items
2025-11-22 06:14:57 [INFO] [app.main] [Worker-56560] [1763788497325] Response: 200 Duration: 0.027s Size: 127 bytes
2025-11-22 06:14:57 [INFO] [app.main] [Worker-56560] [1763788497380] GET /api/cars from 127.0.0.1 User-Agent: Werkzeug/3.1.3
2025-11-22 06:14:57 [INFO] [app.main] [Worker-56560] [1763788497380] Fetching cars with filters: ImmutableMultiDict([('price_min', '100000'), ('price_max', '500000')])
2025-11-22 06:14:57 [INFO] [app.main] [Worker-56560] [1763788497380] Found 0 cars, returning page 1/0 with 0 items
2025-11-22 06:14:57 [INFO] [app.main] [Worker-56560] [1763788497380] Response: 200 Duration: 0.027s Size: 127 bytes
2025-11-22 06:14:57 [INFO] [app.main] [Worker-56560] [1763788497430] GET /api/cars from 127.0.0.1 User-Agent: Werkzeug/3.1.3
2025-11-22 06:14:57 [INFO] [app.main] [Worker-56560] [1763788497430] Fetching cars with filters: ImmutableMultiDict([('year_min', '2018'), ('year_max', '2022')])
2025-11-22 06:14:57 [INFO] [app.main] [Worker-56560] [1763788497430] Found 0 cars, returning page 1/0 with 0 items
2025-11-22 06:14:57 [INFO] [app.main] [Worker-56560] [1763788497430] Response: 200 Duration: 0.029s Size: 127 bytes
2025-11-22 06:14:57 [INFO] [app.main] [Worker-56560] [1763788497483] GET /api/cars/invalid-id-999999 from 127.0.0.1 User-Agent: Werkzeug/3.1.3
2025-11-22 06:14:57 [INFO] [app.main] [Worker-56560] [1763788497483] Fetching car with ID: invalid-id-999999
2025-11-22 06:14:57 [WARNING] [app.main] [Worker-56560] [1763788497483] 404 error: /api/cars/invalid-id-999999
2025-11-22 06:14:57 [INFO] [app.main] [Worker-56560] [1763788497483] Response: 404 Duration: 0.008s Size: 84 bytes
2025-11-22 06:14:57 [INFO] [app.main] [Worker-56560] [1763788497517] GET /api/cars/test-id from 127.0.0.1 User-Agent: Werkzeug/3.1.3
2025-11-22 06:14:57 [INFO] [app.main] [Worker-56560] [1763788497517] Fetching car with ID: test-id
2025-11-22 06:14:57 [WARNING] [app.main] [Worker-56560] [1763788497517] 404 error: /api/cars/test-id
2025-11-22 06:14:57 [INFO] [app.main] [Worker-56560] [1763788497517] Response: 404 Duration: 0.005s Size: 74 bytes
2025-11-22 06:14:57 [INFO] [app.main] [Worker-56560] [1763788497545] GET /api/brands from 127.0.0.1 User-Agent: Werkzeug/3.1.3
2025-11-22 06:14:57 [INFO] [app.main] [Worker-56560] [1763788497545] Fetching brands
2025-11-22 06:14:57 [INFO] [app.main] [Worker-56560] [1763788497545] Found 0 brands
2025-11-22 06:14:57 [INFO] [app.main] [Worker-56560] [1763788497545] Response: 200 Duration: 0.002s Size: 29 bytes
2025-11-22 06:14:57 [INFO] [app.main] [Worker-56560] [1763788497573] GET /api/brands from 127.0.0.1 User-Agent: Werkzeug/3.1.3
2025-11-22 06:14:57 [INFO] [app.main] [Worker-56560] [1763788497573] Fetching brands
2025-11-22 06:14:57 [INFO] [app.main] [Worker-56560] [1763788497573] Found 0 brands
2025-11-22 06:14:57 [INFO] [app.main] [Worker-56560] [1763788497573] Response: 200 Duration: 0.003s Size: 29 bytes
2025-11-22 06:14:57 [INFO] [app.main] [Worker-56560] [1763788497602] GET /api/brands from 127.0.0.1 User-Agent: Werkzeug/3.1.3
2025-11-22 06:14:57 [INFO] [app.main] [Worker-56560] [1763788497602] Fetching brands
2025-11-22 06:14:57 [INFO] [app.main] [Worker-56560] [1763788497602] Found 0 brands
2025-11-22 06:14:57 [INFO] [app.main] [Worker-56560] [1763788497602] Response: 200 Duration: 0.004s Size: 29 bytes
2025-11-22 06:14:57 [INFO] [app.main] [Worker-56560] [1763788497636] GET /api/filters from 127.0.0.1 User-Agent: Werkzeug/3.1.3
2025-11-22 06:14:57 [INFO] [app.main] [Worker-56560] [1763788497636] Fetching filter options
2025-11-22 06:14:57 [INFO] [app.main] [Worker-56560] [1763788497636] Retrieved all filter options successfully
2025-11-22 06:14:57 [INFO] [app.main] [Worker-56560] [1763788497636] Response: 200 Duration: 0.023s Size: 210 bytes
2025-11-22 06:14:57 [INFO] [app.main] [Worker-56560] [1763788497686] GET /api/filters from 127.0.0.1 User-Agent: Werkzeug/3.1.3
2025-11-22 06:14:57 [INFO] [app.main] [Worker-56560] [1763788497686] Fetching filter options
2025-11-22 06:14:57 [INFO] [app.main] [Worker-56560] [1763788497686] Retrieved all filter options successfully
2025-11-22 06:14:57 [INFO] [app.main] [Worker-56560] [1763788497686] Response: 200 Duration: 0.010s Size: 210 bytes
2025-11-22 06:14:57 [INFO] [app.main] [Worker-56560] [1763788497727] GET /api/filters from 127.0.0.1 User-Agent: Werkzeug/3.1.3
2025-11-22 06:14:57 [INFO] [app.main] [Worker-56560] [1763788497727] Fetching filter options
2025-11-22 06:14:57 [INFO] [app.main] [Worker-56560] [1763788497727] Retrieved all filter options successfully
2025-11-22 06:14:57 [INFO] [app.main] [Worker-56560] [1763788497727] Response: 200 Duration: 0.006s Size: 210 bytes
2025-11-22 06:14:57 [INFO] [app.main] [Worker-56560] [1763788497759] GET /api/predict from 127.0.0.1 User-Agent: Werkzeug/3.1.3
2025-11-22 06:14:57 [WARNING] [app.main] [Worker-56560] [1763788497759] 405 error: GET /api/predict
2025-11-22 06:14:57 [INFO] [app.main] [Worker-56560] [1763788497759] Response: 405 Duration: 0.000s Size: 84 bytes
2025-11-22 06:14:57 [INFO] [app.main] [Worker-56560] [1763788497787] POST /api/predict from 127.0.0.1 User-Agent: Werkzeug/3.1.3
2025-11-22 06:14:57 [INFO] [app.main] [Worker-56560] [1763788497787] Request body: {'brand': 'Toyota', 'model': 'Camry', 'year': 2020, 'mileage': 50000, 'fuel_type': 'Benzin', 'transmission': 'Automatisk', 'body_type': 'Sedan', 'horsepower': 200, 'engine_size': 2.5, 'doors': 4, 'color': 'Black'}
2025-11-22 06:14:57 [INFO] [app.main] [Worker-56560] [1763788497787] Price prediction requested for: Toyota Camry 2020
2025-11-22 06:14:57 [INFO] [app.main] [Worker-56560] [1763788497787] Prediction completed in 0.000s: 136601.59 DKK (confidence: 87.0%)
2025-11-22 06:14:57 [INFO] [app.main] [Worker-56560] [1763788497787] Response: 200 Duration: 0.006s Size: 397 bytes
2025-11-22 06:14:57 [INFO] [app.main] [Worker-56560] [1763788497817] POST /api/predict from 127.0.0.1 User-Agent: Werkzeug/3.1.3
2025-11-22 06:14:57 [WARNING] [app.main] [Worker-56560] [1763788497817] Validation error in predict_price: Request body must be valid JSON
2025-11-22 06:14:57 [INFO] [app.main] [Worker-56560] [1763788497817] Response: 400 Duration: 0.003s Size: 60 bytes
2025-11-22 06:14:57 [INFO] [app.main] [Worker-56560] [1763788497844] POST /api/predict from 127.0.0.1 User-Agent: Werkzeug/3.1.3
2025-11-22 06:14:57 [WARNING] [app.main] [Worker-56560] [1763788497844] Validation error in predict_price: Missing required fields: brand, model, year, mileage, fuel_type, transmission, body_type
2025-11-22 06:14:57 [INFO] [app.main] [Worker-56560] [1763788497844] Response: 400 Duration: 0.001s Size: 117 bytes
2025-11-22 06:14:57 [INFO] [app.main] [Worker-56560] [1763788497872] GET /api/health from 127.0.0.1 User-Agent: Werkzeug/3.1.3
2025-11-22 06:14:57 [WARNING] [app.main] [Worker-56560] [1763788497872] 404 error: /api/health
2025-11-22 06:14:57 [INFO] [app.main] [Worker-56560] [1763788497872] Response: 404 Duration: 0.001s Size: 68 bytes
2025-11-22 06:14:57 [INFO] [app.main] [Worker-56560] [1763788497897] GET /api/models from 127.0.0.1 User-Agent: Werkzeug/3.1.3
2025-11-22 06:14:57 [WARNING] [app.main] [Worker-56560] [1763788497897] 404 error: /api/models
2025-11-22 06:14:57 [INFO] [app.main] [Worker-56560] [1763788497897] Response: 404 Duration: 0.002s Size: 68 bytes
2025-11-22 06:14:57 [INFO] [app.main] [Worker-56560] [1763788497922] GET /api/models from 127.0.0.1 User-Agent: Werkzeug/3.1.3
2025-11-22 06:14:57 [WARNING] [app.main] [Worker-56560] [1763788497922] 404 error: /api/models
2025-11-22 06:14:57 [INFO] [app.main] [Worker-56560] [1763788497922] Response: 404 Duration: 0.000s Size: 68 bytes
2025-11-22 06:14:57 [INFO] [app.main] [Worker-56560] [1763788497946] GET /api/models from 127.0.0.1 User-Agent: Werkzeug/3.1.3
2025-11-22 06:14:57 [WARNING] [app.main] [Worker-56560] [1763788497946] 404 error: /api/models
2025-11-22 06:14:57 [INFO] [app.main] [Worker-56560] [1763788497946] Response: 404 Duration: 0.001s Size: 68 bytes
2025-11-22 06:14:57 [INFO] [app.main] [Worker-56560] [1763788497972] GET /api/stats from 127.0.0.1 User-Agent: Werkzeug/3.1.3
2025-11-22 06:14:57 [INFO] [app.main] [Worker-56560] [1763788497972] Fetching market statistics
2025-11-22 06:14:57 [INFO] [app.main] [Worker-56560] [1763788497972] Statistics: 0 total cars
2025-11-22 06:14:57 [INFO] [app.main] [Worker-56560] [1763788497972] Response: 200 Duration: 0.009s Size: 136 bytes
2025-11-22 06:14:58 [INFO] [app.main] [Worker-56560] [1763788498004] GET /api/stats from 127.0.0.1 User-Agent: Werkzeug/3.1.3
2025-11-22 06:14:58 [INFO] [app.main] [Worker-56560] [1763788498004] Fetching market statistics
2025-11-22 06:14:58 [INFO] [app.main] [Worker-56560] [1763788498004] Statistics: 0 total cars
2025-11-22 06:14:58 [INFO] [app.main] [Worker-56560] [1763788498004] Response: 200 Duration: 0.004s Size: 136 bytes
2025-11-22 06:14:58 [INFO] [app.main] [Worker-56560] [1763788498035] GET /api/queue/status from 127.0.0.1 User-Agent: Werkzeug/3.1.3
2025-11-22 06:14:58 [WARNING] [app.main] [Worker-56560] [1763788498035] 404 error: /api/queue/status
2025-11-22 06:14:58 [INFO] [app.main] [Worker-56560] [1763788498035] Response: 404 Duration: 0.001s Size: 74 bytes
2025-11-22 06:14:58 [INFO] [app.main] [Worker-56560] [1763788498061] GET /api/queue/job/test-job-123 from 127.0.0.1 User-Agent: Werkzeug/3.1.3
2025-11-22 06:14:58 [WARNING] [app.main] [Worker-56560] [1763788498061] 404 error: /api/queue/job/test-job-123
2025-11-22 06:14:58 [INFO] [app.main] [Worker-56560] [1763788498061] Response: 404 Duration: 0.001s Size: 84 bytes
2025-11-22 06:14:58 [INFO] [app.main] [Worker-56560] [1763788498085] GET /api/nonexistent-endpoint from 127.0.0.1 User-Agent: Werkzeug/3.1.3
2025-11-22 06:14:58 [WARNING] [app.main] [Worker-56560] [1763788498085] 404 error: /api/nonexistent-endpoint
2025-11-22 06:14:58 [INFO] [app.main] [Worker-56560] [1763788498085] Response: 404 Duration: 0.002s Size: 82 bytes
2025-11-22 06:14:58 [INFO] [app.main] [Worker-56560] [1763788498114] POST /api/predict from 127.0.0.1 User-Agent: Werkzeug/3.1.3
2025-11-22 06:14:58 [WARNING] [app.main] [Worker-56560] [1763788498114] Validation error in predict_price: Request body must be valid JSON
2025-11-22 06:14:58 [INFO] [app.main] [Worker-56560] [1763788498114] Response: 400 Duration: 0.001s Size: 60 bytes
2025-11-22 06:14:58 [INFO] [app.main] [Worker-56560] [1763788498142] POST /api/predict from 127.0.0.1 User-Agent: Werkzeug/3.1.3
2025-11-22 06:14:58 [WARNING] [app.main] [Worker-56560] [1763788498142] Validation error in predict_price: Request body must be valid JSON
2025-11-22 06:14:58 [INFO] [app.main] [Worker-56560] [1763788498142] Response: 400 Duration: 0.002s Size: 60 bytes
2025-11-22 06:14:58 [INFO] [app.main] [Worker-56560] [1763788498173] PUT /api/cars/82b15431-5d33-4d41-a761-2f6bb17b5226 from 127.0.0.1 User-Agent: Werkzeug/3.1.3
2025-11-22 06:14:58 [INFO] [app.main] [Worker-56560] [1763788498173] Request body: {'mileage': 60000, 'price': 300000.0}
2025-11-22 06:14:58 [WARNING] [app.main] [Worker-56560] [1763788498173] 405 error: PUT /api/cars/82b15431-5d33-4d41-a761-2f6bb17b5226
2025-11-22 06:14:58 [INFO] [app.main] [Worker-56560] [1763788498173] Response: 405 Duration: 0.002s Size: 118 bytes
2025-11-22 06:14:58 [INFO] [app.main] [Worker-56560] [1763788498202] DELETE /api/cars/5c52e704-9dda-4e26-8bc7-4f7cb078e8f4 from 127.0.0.1 User-Agent: Werkzeug/3.1.3
2025-11-22 06:14:58 [WARNING] [app.main] [Worker-56560] [1763788498202] 405 error: DELETE /api/cars/5c52e704-9dda-4e26-8bc7-4f7cb078e8f4
2025-11-22 06:14:58 [INFO] [app.main] [Worker-56560] [1763788498202] Response: 405 Duration: 0.002s Size: 121 bytes
2025-11-22 06:14:58 [INFO] [app.main] [Worker-56560] [1763788498226] POST /api/predict from 127.0.0.1 User-Agent: Werkzeug/3.1.3
2025-11-22 06:14:58 [INFO] [app.main] [Worker-56560] [1763788498226] Request body: {'body_type': 'Hatchback', 'brand': 'Volkswagen', 'engine_size': 1.4, 'fuel_type': 'Benzin', 'horsepower': 150, 'mileage': 40000, 'model': 'Golf', 'transmission': 'Manual', 'year': 2019}
2025-11-22 06:14:58 [INFO] [app.main] [Worker-56560] [1763788498226] Price prediction requested for: Volkswagen Golf 2019
2025-11-22 06:14:58 [INFO] [app.main] [Worker-56560] [1763788498226] Prediction completed in 0.000s: 105764.6 DKK (confidence: 87.0%)
2025-11-22 06:14:58 [INFO] [app.main] [Worker-56560] [1763788498226] Response: 200 Duration: 0.005s Size: 372 bytes
2025-11-22 06:14:58 [INFO] [app.main] [Worker-56560] [1763788498257] POST /api/predict from 127.0.0.1 User-Agent: Werkzeug/3.1.3
2025-11-22 06:14:58 [INFO] [app.main] [Worker-56560] [1763788498257] Request body: {'body_type': 'Stationcar', 'brand': 'Ford', 'doors': 5, 'fuel_type': 'Diesel', 'horsepower': 120, 'mileage': 70000, 'model': 'Focus', 'seats': 5, 'transmission': 'Automatic', 'year': 2018}
2025-11-22 06:14:58 [INFO] [app.main] [Worker-56560] [1763788498257] Price prediction requested for: Ford Focus 2018
2025-11-22 06:14:58 [INFO] [app.main] [Worker-56560] [1763788498257] Prediction completed in 0.000s: 75874.62 DKK (confidence: 85.0%)
2025-11-22 06:14:58 [INFO] [app.main] [Worker-56560] [1763788498257] Response: 200 Duration: 0.005s Size: 372 bytes
2025-11-22 06:14:58 [INFO] [app.main] [Worker-56560] [1763788498289] POST /api/predict from 127.0.0.1 User-Agent: Werkzeug/3.1.3
2025-11-22 06:14:58 [INFO] [app.main] [Worker-56560] [1763788498289] Request body: {'body_type': 'Hatchback', 'brand': 'Audi', 'engine_size': 'not_a_number', 'fuel_type': 'Diesel', 'mileage': 30000, 'model': 'A3', 'transmission': 'Automatic', 'year': 2020}
2025-11-22 06:14:58 [INFO] [app.main] [Worker-56560] [1763788498289] Price prediction requested for: Audi A3 2020
2025-11-22 06:14:58 [WARNING] [app.main] [Worker-56560] [1763788498289] Validation error in predict_price: engine_size must be numeric
2025-11-22 06:14:58 [INFO] [app.main] [Worker-56560] [1763788498289] Response: 400 Duration: 0.002s Size: 56 bytes
2025-11-22 06:14:58 [INFO] [app.main] [Worker-56560] [1763788498320] POST /api/predict from 127.0.0.1 User-Agent: Werkzeug/3.1.3
2025-11-22 06:14:58 [INFO] [app.main] [Worker-56560] [1763788498320] Request body: {'body_type': 'Hatchback', 'brand': 'Seat', 'fuel_type': 'Benzin', 'horsepower': 'invalid', 'mileage': 50000, 'model': 'Leon', 'transmission': 'Manual', 'year': 2019}
2025-11-22 06:14:58 [INFO] [app.main] [Worker-56560] [1763788498320] Price prediction requested for: Seat Leon 2019
2025-11-22 06:14:58 [WARNING] [app.main] [Worker-56560] [1763788498320] Validation error in predict_price: horsepower must be an integer
2025-11-22 06:14:58 [INFO] [app.main] [Worker-56560] [1763788498320] Response: 400 Duration: 0.003s Size: 58 bytes
2025-11-22 06:14:58 [INFO] [app.main] [Worker-56560] [1763788498347] POST /api/predict from 127.0.0.1 User-Agent: Werkzeug/3.1.3
2025-11-22 06:14:58 [INFO] [app.main] [Worker-56560] [1763788498347] Request body: {'body_type': 'Sedan', 'brand': 'Skoda', 'fuel_type': 'Diesel', 'mileage': 20000, 'model': 'Octavia', 'transmission': 'Automatic', 'year': 2020}
2025-11-22 06:14:58 [INFO] [app.main] [Worker-56560] [1763788498347] Price prediction requested for: Skoda Octavia 2020
2025-11-22 06:14:58 [INFO] [app.main] [Worker-56560] [1763788498347] Prediction completed in 0.000s: 104229.18 DKK (confidence: 82.0%)
2025-11-22 06:14:58 [INFO] [app.main] [Worker-56560] [1763788498347] Response: 200 Duration: 0.004s Size: 336 bytes
2025-11-22 06:14:58 [INFO] [app.main] [Worker-56560] [1763788498381] POST /api/predict from 127.0.0.1 User-Agent: Werkzeug/3.1.3
2025-11-22 06:14:58 [INFO] [app.main] [Worker-56560] [1763788498381] Request body: {'body_type': 'Hatchback', 'brand': 'Renault', 'fuel_type': 'Benzin', 'mileage': 45000, 'model': 'Clio', 'transmission': 'Manual', 'year': 2019}
2025-11-22 06:14:58 [INFO] [app.main] [Worker-56560] [1763788498381] Price prediction requested for: Renault Clio 2019
2025-11-22 06:14:58 [INFO] [app.main] [Worker-56560] [1763788498381] Queued prediction job e389f003-1869-482c-bc8a-0954d4ffb899 (mode=client_force_queue, priority=100, position=0)
2025-11-22 06:14:58 [INFO] [app.main] [Worker-56560] [1763788498381] Response: 202 Duration: 0.016s Size: 403 bytes
2025-11-22 06:14:58 [INFO] [app.main] [Worker-56560] [1763788498421] GET /api/cars/nonexistent-id-12345 from 127.0.0.1 User-Agent: Werkzeug/3.1.3
2025-11-22 06:14:58 [INFO] [app.main] [Worker-56560] [1763788498421] Fetching car with ID: nonexistent-id-12345
2025-11-22 06:14:58 [WARNING] [app.main] [Worker-56560] [1763788498421] 404 error: /api/cars/nonexistent-id-12345
2025-11-22 06:14:58 [INFO] [app.main] [Worker-56560] [1763788498421] Response: 404 Duration: 0.004s Size: 87 bytes
2025-11-22 06:14:58 [INFO] [app.main] [Worker-56560] [1763788498449] POST /api/cars from 127.0.0.1 User-Agent: Werkzeug/3.1.3
2025-11-22 06:14:58 [INFO] [app.main] [Worker-56560] [1763788498449] Request body: {'body_type': 'Hatchback', 'brand': 'Peugeot', 'color': 'Blue', 'dealer_name': 'Test Dealer', 'doors': 5, 'engine_size': 1.2, 'fuel_type': 'Benzin', 'horsepower': 100, 'location': 'Aarhus', 'mileage': 15000, 'model': '208', 'price': 180000.0, 'seats': 5, 'transmission': 'Automatic', 'year': 2021}
2025-11-22 06:14:58 [INFO] [app.main] [Worker-56560] [1763788498449] Creating new car: Peugeot 208
2025-11-22 06:14:58 [INFO] [app.main] [Worker-56560] [1763788498449] Successfully created car with ID: e057e2e7-8cb5-4abc-8f86-55ab67a53459
2025-11-22 06:14:58 [INFO] [app.main] [Worker-56560] [1763788498449] Response: 201 Duration: 0.006s Size: 1227 bytes
2025-11-22 06:14:58 [INFO] [app.main] [Worker-56560] [1763788498483] GET /api/cars from 127.0.0.1 User-Agent: Werkzeug/3.1.3
2025-11-22 06:14:58 [INFO] [app.main] [Worker-56560] [1763788498483] Fetching cars with filters: ImmutableMultiDict([('brand', 'Toyota'), ('model', 'Camry'), ('fuel_type', 'Benzin'), ('transmission', 'Automatisk'), ('body_type', 'Sedan'), ('min_year', '2015'), ('max_year', '2025'), ('min_price', '100000'), ('max_price', '500000'), ('min_mileage', '0'), ('max_mileage', '100000'), ('page', '1'), ('per_page', '10'), ('sort_by', 'price'), ('sort_order', 'asc')])
2025-11-22 06:14:58 [INFO] [app.main] [Worker-56560] [1763788498483] Found 1 cars, returning page 1/1 with 1 items
2025-11-22 06:14:58 [INFO] [app.main] [Worker-56560] [1763788498483] Response: 200 Duration: 0.030s Size: 1290 bytes
2025-11-22 06:14:58 [INFO] [app.main] [Worker-56560] [1763788498540] POST /api/predict from 127.0.0.1 User-Agent: Werkzeug/3.1.3
2025-11-22 06:14:58 [INFO] [app.main] [Worker-56560] [1763788498540] Request body: {'body_type': 'Hatchback', 'brand': 'Citroen', 'fuel_type': 'Diesel', 'mileage': 'lots', 'model': 'C3', 'transmission': 'Manual', 'year': 2019}
2025-11-22 06:14:58 [INFO] [app.main] [Worker-56560] [1763788498540] Price prediction requested for: Citroen C3 2019
2025-11-22 06:14:58 [WARNING] [app.main] [Worker-56560] [1763788498540] Validation error in predict_price: Mileage must be an integer
2025-11-22 06:14:58 [INFO] [app.main] [Worker-56560] [1763788498540] Response: 400 Duration: 0.003s Size: 55 bytes
2025-11-22 06:14:58 [INFO] [app.main] [Worker-56560] [1763788498572] GET /api/brands from 127.0.0.1 User-Agent: Werkzeug/3.1.3
2025-11-22 06:14:58 [INFO] [app.main] [Worker-56560] [1763788498572] Fetching brands
2025-11-22 06:14:58 [INFO] [app.main] [Worker-56560] [1763788498572] Found 1 brands
2025-11-22 06:14:58 [INFO] [app.main] [Worker-56560] [1763788498572] Response: 200 Duration: 0.004s Size: 56 bytes
2025-11-22 06:14:58 [INFO] [app.main] [Worker-56560] [1763788498605] GET /api/models from 127.0.0.1 User-Agent: Werkzeug/3.1.3
2025-11-22 06:14:58 [WARNING] [app.main] [Worker-56560] [1763788498605] 404 error: /api/models
2025-11-22 06:14:58 [INFO] [app.main] [Worker-56560] [1763788498605] Response: 404 Duration: 0.001s Size: 68 bytes
2025-11-22 06:14:58 [INFO] [app.main] [Worker-56560] [1763788498635] GET /api/filters from 127.0.0.1 User-Agent: Werkzeug/3.1.3
2025-11-22 06:14:58 [INFO] [app.main] [Worker-56560] [1763788498635] Fetching filter options
2025-11-22 06:14:58 [INFO] [app.main] [Worker-56560] [1763788498635] Retrieved all filter options successfully
2025-11-22 06:14:58 [INFO] [app.main] [Worker-56560] [1763788498635] Response: 200 Duration: 0.007s Size: 339 bytes
2025-11-22 06:14:58 [INFO] [app.main] [Worker-56560] [1763788498672] GET /api/cars from 127.0.0.1 User-Agent: Werkzeug/3.1.3
2025-11-22 06:14:58 [INFO] [app.main] [Worker-56560] [1763788498672] Fetching cars with filters: ImmutableMultiDict([('search', 'Toy')])
2025-11-22 06:14:58 [INFO] [app.main] [Worker-56560] [1763788498672] Found 1 cars, returning page 1/1 with 1 items
2025-11-22 06:14:58 [INFO] [app.main] [Worker-56560] [1763788498672] Response: 200 Duration: 0.007s Size: 1290 bytes
2025-11-22 06:14:58 [INFO] [app.main] [Worker-56560] [1763788498705] POST /api/predict from 127.0.0.1 User-Agent: Werkzeug/3.1.3
2025-11-22 06:14:58 [INFO] [app.main] [Worker-56560] [1763788498705] Request body: {'body_type': 'SUV', 'brand': 'Mazda', 'color': 'Red', 'doors': 5, 'engine_size': 2.0, 'fuel_type': 'Benzin', 'horsepower': 165, 'mileage': 25000, 'model': 'CX-5', 'seats': 5, 'transmission': 'Automatic', 'year': 2021}
2025-11-22 06:14:58 [INFO] [app.main] [Worker-56560] [1763788498705] Price prediction requested for: Mazda CX-5 2021
2025-11-22 06:14:58 [INFO] [app.main] [Worker-56560] [1763788498705] Prediction completed in 0.001s: 170278.62 DKK (confidence: 87.0%)
2025-11-22 06:14:58 [INFO] [app.main] [Worker-56560] [1763788498705] Response: 200 Duration: 0.004s Size: 400 bytes
2025-11-22 06:14:58 [INFO] [app.main] [Worker-56560] [1763788498731] POST /api/cars from 127.0.0.1 User-Agent: Werkzeug/3.1.3
2025-11-22 06:14:58 [INFO] [app.main] [Worker-56560] [1763788498731] Request body: {'body_type': 'Hatchback', 'brand': 'Hyundai', 'fuel_type': 'Diesel', 'mileage': 60000, 'model': 'i30', 'price': 140000.0, 'transmission': 'Manual', 'year': 2019}
2025-11-22 06:14:58 [INFO] [app.main] [Worker-56560] [1763788498731] Creating new car: Hyundai i30
2025-11-22 06:14:58 [INFO] [app.main] [Worker-56560] [1763788498731] Successfully created car with ID: a8762944-9b90-47c5-87e0-07a2bd5b3f75
2025-11-22 06:14:58 [INFO] [app.main] [Worker-56560] [1763788498731] Response: 201 Duration: 0.006s Size: 1217 bytes
2025-11-22 06:14:58 [INFO] [app.main] [Worker-56560] [1763788498765] GET /api/cars from 127.0.0.1 User-Agent: Werkzeug/3.1.3
2025-11-22 06:14:58 [INFO] [app.main] [Worker-56560] [1763788498765] Fetching cars with filters: ImmutableMultiDict([('min_price', '100000')])
2025-11-22 06:14:58 [INFO] [app.main] [Worker-56560] [1763788498765] Found 1 cars, returning page 1/1 with 1 items
2025-11-22 06:14:58 [INFO] [app.main] [Worker-56560] [1763788498765] Response: 200 Duration: 0.006s Size: 1290 bytes
2025-11-22 06:14:58 [INFO] [app.main] [Worker-56560] [1763788498774] GET /api/cars from 127.0.0.1 User-Agent: Werkzeug/3.1.3
2025-11-22 06:14:58 [INFO] [app.main] [Worker-56560] [1763788498774] Fetching cars with filters: ImmutableMultiDict([('max_price', '500000')])
2025-11-22 06:14:58 [INFO] [app.main] [Worker-56560] [1763788498774] Found 1 cars, returning page 1/1 with 1 items
2025-11-22 06:14:58 [INFO] [app.main] [Worker-56560] [1763788498774] Response: 200 Duration: 0.006s Size: 1290 bytes
2025-11-22 06:14:58 [INFO] [app.main] [Worker-56560] [1763788498813] GET /api/cars from 127.0.0.1 User-Agent: Werkzeug/3.1.3
2025-11-22 06:14:58 [INFO] [app.main] [Worker-56560] [1763788498813] Fetching cars with filters: ImmutableMultiDict([('min_year', '2015')])
2025-11-22 06:14:58 [INFO] [app.main] [Worker-56560] [1763788498813] Found 1 cars, returning page 1/1 with 1 items
2025-11-22 06:14:58 [INFO] [app.main] [Worker-56560] [1763788498813] Response: 200 Duration: 0.004s Size: 1290 bytes
2025-11-22 06:14:58 [INFO] [app.main] [Worker-56560] [1763788498819] GET /api/cars from 127.0.0.1 User-Agent: Werkzeug/3.1.3
2025-11-22 06:14:58 [INFO] [app.main] [Worker-56560] [1763788498819] Fetching cars with filters: ImmutableMultiDict([('max_year', '2025')])
2025-11-22 06:14:58 [INFO] [app.main] [Worker-56560] [1763788498819] Found 1 cars, returning page 1/1 with 1 items
2025-11-22 06:14:58 [INFO] [app.main] [Worker-56560] [1763788498819] Response: 200 Duration: 0.003s Size: 1290 bytes
2025-11-22 06:14:58 [INFO] [app.main] [Worker-56560] [1763788498848] GET /api/health from 127.0.0.1 User-Agent: Werkzeug/3.1.3
2025-11-22 06:14:58 [WARNING] [app.main] [Worker-56560] [1763788498848] 404 error: /api/health
2025-11-22 06:14:58 [INFO] [app.main] [Worker-56560] [1763788498848] Response: 404 Duration: 0.002s Size: 68 bytes
2025-11-22 06:14:58 [INFO] [app.main] [Worker-56560] [1763788498876] GET /api/cars from 127.0.0.1 User-Agent: Werkzeug/3.1.3
2025-11-22 06:14:58 [INFO] [app.main] [Worker-56560] [1763788498876] Fetching cars with filters: ImmutableMultiDict([('min_mileage', '10000'), ('max_mileage', '100000')])
2025-11-22 06:14:58 [INFO] [app.main] [Worker-56560] [1763788498876] Found 1 cars, returning page 1/1 with 1 items
2025-11-22 06:14:58 [INFO] [app.main] [Worker-56560] [1763788498876] Response: 200 Duration: 0.006s Size: 1290 bytes
2025-11-22 06:14:58 [INFO] [app.main] [Worker-56560] [1763788498912] GET /api/cars from 127.0.0.1 User-Agent: Werkzeug/3.1.3
2025-11-22 06:14:58 [INFO] [app.main] [Worker-56560] [1763788498912] Fetching cars with filters: ImmutableMultiDict([('sort_by', 'price'), ('sort_order', 'asc')])
2025-11-22 06:14:58 [INFO] [app.main] [Worker-56560] [1763788498912] Found 3 cars, returning page 1/1 with 3 items
2025-11-22 06:14:58 [INFO] [app.main] [Worker-56560] [1763788498912] Response: 200 Duration: 0.012s Size: 3618 bytes
2025-11-22 06:14:58 [INFO] [app.main] [Worker-56560] [1763788498948] POST /api/predict from 127.0.0.1 User-Agent: Werkzeug/3.1.3
2025-11-22 06:14:58 [INFO] [app.main] [Worker-56560] [1763788498948] Request body: {'body_type': 'Hatchback', 'brand': 'Kia', 'fuel_type': 'Diesel', 'mileage': 35000, 'model': 'Ceed', 'transmission': 'Manual', 'year': 2020}
2025-11-22 06:14:58 [INFO] [app.main] [Worker-56560] [1763788498948] Price prediction requested for: Kia Ceed 2020
2025-11-22 06:14:58 [INFO] [app.main] [Worker-56560] [1763788498948] Prediction completed in 0.000s: 81570.67 DKK (confidence: 82.0%)
2025-11-22 06:14:58 [INFO] [app.main] [Worker-56560] [1763788498948] Response: 200 Duration: 0.004s Size: 330 bytes
2025-11-22 06:14:58 [INFO] [app.main] [Worker-56560] [1763788498975] POST /api/predict from 127.0.0.1 User-Agent: Werkzeug/3.1.3
2025-11-22 06:14:58 [INFO] [app.main] [Worker-56560] [1763788498975] Request body: {'body_type': 'SUV', 'brand': 'Nissan', 'fuel_type': 'Diesel', 'mileage': 50000, 'model': 'Qashqai', 'transmission': 'Automatic', 'year': 2019}
2025-11-22 06:14:58 [INFO] [app.main] [Worker-56560] [1763788498975] Price prediction requested for: Nissan Qashqai 2019
2025-11-22 06:14:58 [INFO] [app.main] [Worker-56560] [1763788498975] Prediction completed in 0.001s: 110120.4 DKK (confidence: 82.0%)
2025-11-22 06:14:58 [INFO] [app.main] [Worker-56560] [1763788498975] Response: 200 Duration: 0.005s Size: 334 bytes
2025-11-22 06:14:59 [INFO] [app.main] [Worker-56560] [1763788499011] GET /api/cars from 127.0.0.1 User-Agent: Werkzeug/3.1.3
2025-11-22 06:14:59 [INFO] [app.main] [Worker-56560] [1763788499011] Fetching cars with filters: ImmutableMultiDict([('model', 'Camry')])
2025-11-22 06:14:59 [INFO] [app.main] [Worker-56560] [1763788499011] Found 1 cars, returning page 1/1 with 1 items
2025-11-22 06:14:59 [INFO] [app.main] [Worker-56560] [1763788499011] Response: 200 Duration: 0.035s Size: 1290 bytes
2025-11-22 06:14:59 [INFO] [app.main] [Worker-56560] [1763788499077] GET /api/cars from 127.0.0.1 User-Agent: Werkzeug/3.1.3
2025-11-22 06:14:59 [INFO] [app.main] [Worker-56560] [1763788499077] Fetching cars with filters: ImmutableMultiDict([('location', 'Copenhagen')])
2025-11-22 06:14:59 [INFO] [app.main] [Worker-56560] [1763788499077] Found 1 cars, returning page 1/1 with 1 items
2025-11-22 06:14:59 [INFO] [app.main] [Worker-56560] [1763788499077] Response: 200 Duration: 0.030s Size: 1290 bytes
2025-11-22 06:14:59 [INFO] [app.main] [Worker-56560] [1763788499136] GET /api/cars from 127.0.0.1 User-Agent: Werkzeug/3.1.3
2025-11-22 06:14:59 [INFO] [app.main] [Worker-56560] [1763788499136] Fetching cars with filters: ImmutableMultiDict([('sort_by', 'year'), ('sort_order', 'desc')])
2025-11-22 06:14:59 [INFO] [app.main] [Worker-56560] [1763788499136] Found 3 cars, returning page 1/1 with 3 items
2025-11-22 06:14:59 [INFO] [app.main] [Worker-56560] [1763788499136] Response: 200 Duration: 0.012s Size: 3618 bytes
2025-11-22 06:14:59 [INFO] [app.main] [Worker-56560] [1763788499183] GET /api/cars from 127.0.0.1 User-Agent: Werkzeug/3.1.3
2025-11-22 06:14:59 [INFO] [app.main] [Worker-56560] [1763788499183] Fetching cars with filters: ImmutableMultiDict([('sort_by', 'mileage'), ('sort_order', 'asc')])
2025-11-22 06:14:59 [INFO] [app.main] [Worker-56560] [1763788499183] Found 3 cars, returning page 1/1 with 3 items
2025-11-22 06:14:59 [INFO] [app.main] [Worker-56560] [1763788499183] Response: 200 Duration: 0.013s Size: 3618 bytes
2025-11-22 06:14:59 [INFO] [app.main] [Worker-56560] [1763788499225] GET /api/cars from 127.0.0.1 User-Agent: Werkzeug/3.1.3
2025-11-22 06:14:59 [INFO] [app.main] [Worker-56560] [1763788499225] Fetching cars with filters: ImmutableMultiDict([('max_mileage', '100000')])
2025-11-22 06:14:59 [INFO] [app.main] [Worker-56560] [1763788499225] Found 1 cars, returning page 1/1 with 1 items
2025-11-22 06:14:59 [INFO] [app.main] [Worker-56560] [1763788499225] Response: 200 Duration: 0.006s Size: 1290 bytes
2025-11-22 06:14:59 [INFO] [app.main] [Worker-56560] [1763788499262] GET /api/cars from 127.0.0.1 User-Agent: Werkzeug/3.1.3
2025-11-22 06:14:59 [INFO] [app.main] [Worker-56560] [1763788499262] Fetching cars with filters: ImmutableMultiDict([('min_mileage', '10000')])
2025-11-22 06:14:59 [INFO] [app.main] [Worker-56560] [1763788499262] Found 1 cars, returning page 1/1 with 1 items
2025-11-22 06:14:59 [INFO] [app.main] [Worker-56560] [1763788499262] Response: 200 Duration: 0.006s Size: 1290 bytes
2025-11-22 06:14:59 [INFO] [app.main] [Worker-56560] [1763788499300] POST /api/predict from 127.0.0.1 User-Agent: Werkzeug/3.1.3
2025-11-22 06:14:59 [INFO] [app.main] [Worker-56560] [1763788499300] Request body: {'body_type': 'Sedan', 'brand': 'Honda', 'fuel_type': 'Benzin', 'mileage': 40000, 'model': 'Civic', 'transmission': 'Manual', 'year': 2020}
2025-11-22 06:14:59 [INFO] [app.main] [Worker-56560] [1763788499300] Price prediction requested for: Honda Civic 2020
2025-11-22 06:14:59 [INFO] [app.main] [Worker-56560] [1763788499300] Prediction completed in 0.000s: 102039.62 DKK (confidence: 82.0%)
2025-11-22 06:14:59 [INFO] [app.main] [Worker-56560] [1763788499300] Response: 200 Duration: 0.005s Size: 330 bytes
2025-11-22 06:14:59 [INFO] [app.main] [Worker-56560] [1763788499337] GET /api/cars from 127.0.0.1 User-Agent: Werkzeug/3.1.3
2025-11-22 06:14:59 [INFO] [app.main] [Worker-56560] [1763788499337] Fetching cars with filters: ImmutableMultiDict([('brand', 'Toyota'), ('model', 'Camry'), ('fuel_type', 'Benzin'), ('transmission', 'Automatisk'), ('body_type', 'Sedan'), ('location', 'Aarhus'), ('min_year', '2015'), ('max_year', '2025')])
2025-11-22 06:14:59 [INFO] [app.main] [Worker-56560] [1763788499337] Found 1 cars, returning page 1/1 with 1 items
2025-11-22 06:14:59 [INFO] [app.main] [Worker-56560] [1763788499337] Response: 200 Duration: 0.032s Size: 1286 bytes
2025-11-22 06:14:59 [INFO] [app.main] [Worker-56560] [1763788499399] POST /api/cars from 127.0.0.1 User-Agent: Werkzeug/3.1.3
2025-11-22 06:14:59 [INFO] [app.main] [Worker-56560] [1763788499399] Request body: {'body_type': 'Sedan', 'brand': 'Subaru', 'fuel_type': 'Benzin', 'mileage': 55000, 'model': 'Impreza', 'price': 'expensive', 'transmission': 'Manual', 'year': 2019}
2025-11-22 06:14:59 [INFO] [app.main] [Worker-56560] [1763788499399] Creating new car: Subaru Impreza
2025-11-22 06:14:59 [WARNING] [app.main] [Worker-56560] [1763788499399] Validation error in create_car: Price must be a number
2025-11-22 06:14:59 [INFO] [app.main] [Worker-56560] [1763788499399] Response: 400 Duration: 0.004s Size: 51 bytes
2025-11-22 06:14:59 [INFO] [app.main] [Worker-56560] [1763788499427] POST /api/cars from 127.0.0.1 User-Agent: Werkzeug/3.1.3
2025-11-22 06:14:59 [INFO] [app.main] [Worker-56560] [1763788499427] Request body: {'body_type': 'SUV', 'brand': 'Mitsubishi', 'fuel_type': 'Diesel', 'mileage': -1000, 'model': 'Outlander', 'price': 280000.0, 'transmission': 'Automatic', 'year': 2020}
2025-11-22 06:14:59 [INFO] [app.main] [Worker-56560] [1763788499427] Creating new car: Mitsubishi Outlander
2025-11-22 06:14:59 [WARNING] [app.main] [Worker-56560] [1763788499427] Validation error in create_car: mileage cannot be negative
2025-11-22 06:14:59 [INFO] [app.main] [Worker-56560] [1763788499427] Response: 400 Duration: 0.001s Size: 55 bytes
2025-11-22 06:14:59 [INFO] [app.main] [Worker-56560] [1763788499457] POST /api/predict from 127.0.0.1 User-Agent: Werkzeug/3.1.3
2025-11-22 06:14:59 [INFO] [app.main] [Worker-56560] [1763788499457] Request body: {'body_type': 'Sedan', 'brand': 'Lexus', 'doors': 'many', 'fuel_type': 'Benzin', 'mileage': 35000, 'model': 'IS', 'transmission': 'Automatic', 'year': 2019}
2025-11-22 06:14:59 [INFO] [app.main] [Worker-56560] [1763788499457] Price prediction requested for: Lexus IS 2019
2025-11-22 06:14:59 [WARNING] [app.main] [Worker-56560] [1763788499457] Validation error in predict_price: doors must be an integer
2025-11-22 06:14:59 [INFO] [app.main] [Worker-56560] [1763788499457] Response: 400 Duration: 0.002s Size: 53 bytes
2025-11-22 06:14:59 [INFO] [app.main] [Worker-56560] [1763788499490] POST /api/predict from 127.0.0.1 User-Agent: Werkzeug/3.1.3
2025-11-22 06:14:59 [INFO] [app.main] [Worker-56560] [1763788499490] Request body: {'body_type': 'SUV', 'brand': 'Jeep', 'fuel_type': 'Benzin', 'mileage': 28000, 'model': 'Cherokee', 'seats': 'lots', 'transmission': 'Automatic', 'year': 2020}
2025-11-22 06:14:59 [INFO] [app.main] [Worker-56560] [1763788499490] Price prediction requested for: Jeep Cherokee 2020
2025-11-22 06:14:59 [WARNING] [app.main] [Worker-56560] [1763788499490] Validation error in predict_price: seats must be an integer
2025-11-22 06:14:59 [INFO] [app.main] [Worker-56560] [1763788499490] Response: 400 Duration: 0.002s Size: 53 bytes
2025-11-22 06:14:59 [INFO] [app.main] [Worker-56560] [1763788499526] GET /api/cars/e4a7b8ea-3192-4a7f-9c76-3e99d5130c57 from 127.0.0.1 User-Agent: Werkzeug/3.1.3
2025-11-22 06:14:59 [INFO] [app.main] [Worker-56560] [1763788499526] Fetching car with ID: e4a7b8ea-3192-4a7f-9c76-3e99d5130c57
2025-11-22 06:14:59 [INFO] [app.main] [Worker-56560] [1763788499526] Successfully retrieved car e4a7b8ea-3192-4a7f-9c76-3e99d5130c57
2025-11-22 06:14:59 [INFO] [app.main] [Worker-56560] [1763788499526] Response: 200 Duration: 0.004s Size: 1187 bytes
2025-11-22 06:14:59 [INFO] [app.main] [Worker-56560] [1763788499559] GET /api/cars from 127.0.0.1 User-Agent: Werkzeug/3.1.3
2025-11-22 06:14:59 [INFO] [app.main] [Worker-56560] [1763788499559] Fetching cars with filters: ImmutableMultiDict([('min_price', '100000'), ('max_price', '400000'), ('min_year', '2015'), ('max_year', '2023')])
2025-11-22 06:14:59 [INFO] [app.main] [Worker-56560] [1763788499559] Found 1 cars, returning page 1/1 with 1 items
2025-11-22 06:14:59 [INFO] [app.main] [Worker-56560] [1763788499559] Response: 200 Duration: 0.008s Size: 1290 bytes
2025-11-22 06:14:59 [INFO] [app.ml.predictor] [Worker-56560] Loaded model from C:\Users\Igor Cretu\Desktop\Bachelor\Project\BackEnd\API\app\ml\../../models\best_model_xgboost.pkl
2025-11-22 06:14:59 [INFO] [app.ml.predictor] [Worker-56560] Loaded model from C:\Users\Igor Cretu\Desktop\Bachelor\Project\BackEnd\API\app\ml\../../models\best_model_xgboost.pkl
2025-11-22 06:14:59 [INFO] [app.ml.predictor] [Worker-56560] Loaded model from C:\Users\Igor Cretu\Desktop\Bachelor\Project\BackEnd\API\app\ml\../../models\best_model_xgboost.pkl
2025-11-22 06:14:59 [INFO] [app.ml.predictor] [Worker-56560] Loaded model from C:\Users\Igor Cretu\Desktop\Bachelor\Project\BackEnd\API\app\ml\../../models\best_model_xgboost.pkl
2025-11-22 06:15:00 [INFO] [prediction_worker] [Worker-56560] Completed job de19fada-eb83-405d-a197-a98d84ae6193
2025-11-22 06:15:25 [INFO] [app.main] [Worker-44768] ================================================================================
2025-11-22 06:15:25 [INFO] [app.main] [Worker-44768] INITIALIZING BPR BACKEND API
2025-11-22 06:15:25 [INFO] [app.main] [Worker-44768] ================================================================================
2025-11-22 06:15:25 [INFO] [app.main] [Worker-44768] CORS locked to: ['https://bpr-g26.netlify.app', 'https://test.bachelorproject26.site', 'https://bachelorproject26.site', 'http://localhost:5173', 'http://127.0.0.1:5173', 'https://carpredict.netlify.app']
2025-11-22 06:15:25 [INFO] [app.main] [Worker-44768] Database URL configured: localhost
2025-11-22 06:15:25 [INFO] [app.main] [Worker-44768] Database initialized with connection pooling
2025-11-22 06:15:25 [INFO] [app.main] [Worker-44768] Initializing ML predictor...
2025-11-22 06:15:27 [INFO] [app.ml.predictor] [Worker-44768] Loaded model from C:\Users\Igor Cretu\Desktop\Bachelor\Project\BackEnd\API\app\ml\../../models\best_model_xgboost.pkl
2025-11-22 06:15:27 [INFO] [app.main] [Worker-44768] ML Predictor initialized: {'version': 'v1.0.0-heuristic', 'loaded': False, 'type': 'heuristic', 'model_name': 'N/A', 'test_r2': 'N/A', 'test_mae': 'N/A', 'features_count': 0}
2025-11-22 06:15:27 [INFO] [app.main] [Worker-44768] Application loaded by WSGI server
2025-11-22 06:15:27 [INFO] [app.main] [Worker-44768] Configuration: {}
2025-11-22 06:15:28 [INFO] [app.main] [Worker-44768] [1763788528142] POST /api/cars from 127.0.0.1 User-Agent: Werkzeug/3.1.3
2025-11-22 06:15:28 [INFO] [app.main] [Worker-44768] [1763788528142] Request body: {'body_type': 'Sedan', 'brand': 'BMW', 'fuel_type': 'Diesel', 'mileage': 50000, 'model': '320d', 'price': 250000.0, 'transmission': 'Automatic', 'year': 2020}
2025-11-22 06:15:28 [INFO] [app.main] [Worker-44768] [1763788528142] Creating new car: BMW 320d
2025-11-22 06:15:28 [INFO] [app.main] [Worker-44768] [1763788528142] Successfully created car with ID: bef3dbdb-f2bf-468c-8968-f310065a2456
2025-11-22 06:15:28 [INFO] [app.main] [Worker-44768] [1763788528142] Response: 201 Duration: 0.051s Size: 1213 bytes
2025-11-22 06:15:28 [INFO] [app.main] [Worker-44768] [1763788528220] POST /api/cars from 127.0.0.1 User-Agent: Werkzeug/3.1.3
2025-11-22 06:15:28 [INFO] [app.main] [Worker-44768] [1763788528220] Request body: {'brand': 'BMW', 'model': '320d'}
2025-11-22 06:15:28 [WARNING] [app.main] [Worker-44768] [1763788528220] Validation error in create_car: Missing required fields: year, mileage, fuel_type, transmission, body_type, price
2025-11-22 06:15:28 [INFO] [app.main] [Worker-44768] [1763788528220] Response: 400 Duration: 0.003s Size: 110 bytes
2025-11-22 06:15:28 [INFO] [app.main] [Worker-44768] [1763788528252] POST /api/cars from 127.0.0.1 User-Agent: Werkzeug/3.1.3
2025-11-22 06:15:28 [INFO] [app.main] [Worker-44768] [1763788528252] Request body: {'body_type': 'Sedan', 'brand': 'BMW', 'fuel_type': 'Diesel', 'mileage': 50000, 'model': '320d', 'price': 250000.0, 'transmission': 'Automatic', 'year': 'not_a_year'}
2025-11-22 06:15:28 [INFO] [app.main] [Worker-44768] [1763788528252] Creating new car: BMW 320d
2025-11-22 06:15:28 [WARNING] [app.main] [Worker-44768] [1763788528252] Validation error in create_car: Year must be an integer
2025-11-22 06:15:28 [INFO] [app.main] [Worker-44768] [1763788528252] Response: 400 Duration: 0.001s Size: 52 bytes
2025-11-22 06:15:28 [INFO] [app.main] [Worker-44768] [1763788528289] GET /api/cars/test-car-123 from 127.0.0.1 User-Agent: Werkzeug/3.1.3
2025-11-22 06:15:28 [INFO] [app.main] [Worker-44768] [1763788528289] Fetching car with ID: test-car-123
2025-11-22 06:15:28 [INFO] [app.main] [Worker-44768] [1763788528289] Successfully retrieved car test-car-123
2025-11-22 06:15:28 [INFO] [app.main] [Worker-44768] [1763788528289] Response: 200 Duration: 0.010s Size: 1163 bytes
2025-11-22 06:15:28 [INFO] [app.main] [Worker-44768] [1763788528331] POST /api/predict from 127.0.0.1 User-Agent: Werkzeug/3.1.3
2025-11-22 06:15:28 [INFO] [app.main] [Worker-44768] [1763788528331] Request body: {'body_type': 'Sedan', 'brand': 'Audi', 'fuel_type': 'Diesel', 'mileage': 60000, 'model': 'A4', 'transmission': 'Automatic', 'year': 2019}
2025-11-22 06:15:28 [INFO] [app.main] [Worker-44768] [1763788528331] Price prediction requested for: Audi A4 2019
2025-11-22 06:15:28 [INFO] [app.main] [Worker-44768] [1763788528331] Prediction completed in 0.001s: 162121.7 DKK (confidence: 82.0%)
2025-11-22 06:15:28 [INFO] [app.main] [Worker-44768] [1763788528331] Response: 200 Duration: 0.073s Size: 327 bytes
2025-11-22 06:15:28 [INFO] [app.main] [Worker-44768] [1763788528432] GET /api/queue/job/nonexistent-id from 127.0.0.1 User-Agent: Werkzeug/3.1.3
2025-11-22 06:15:28 [WARNING] [app.main] [Worker-44768] [1763788528432] 404 error: /api/queue/job/nonexistent-id
2025-11-22 06:15:28 [INFO] [app.main] [Worker-44768] [1763788528432] Response: 404 Duration: 0.002s Size: 86 bytes
2025-11-22 06:15:28 [INFO] [app.main] [Worker-44768] [1763788528460] GET /api/cars from 127.0.0.1 User-Agent: Werkzeug/3.1.3
2025-11-22 06:15:28 [INFO] [app.main] [Worker-44768] [1763788528460] Fetching cars with filters: ImmutableMultiDict([('brand', 'Toyota'), ('fuel_type', 'Diesel'), ('min_year', '2018')])
2025-11-22 06:15:28 [INFO] [app.main] [Worker-44768] [1763788528460] Found 0 cars, returning page 1/0 with 0 items
2025-11-22 06:15:28 [INFO] [app.main] [Worker-44768] [1763788528460] Response: 200 Duration: 0.034s Size: 127 bytes
2025-11-22 06:15:28 [INFO] [app.main] [Worker-44768] [1763788528521] GET /api/cars from 127.0.0.1 User-Agent: Werkzeug/3.1.3
2025-11-22 06:15:28 [INFO] [app.main] [Worker-44768] [1763788528521] Fetching cars with filters: ImmutableMultiDict([('search', 'Toyota')])
2025-11-22 06:15:28 [INFO] [app.main] [Worker-44768] [1763788528521] Found 1 cars, returning page 1/1 with 1 items
2025-11-22 06:15:28 [INFO] [app.main] [Worker-44768] [1763788528521] Response: 200 Duration: 0.030s Size: 1266 bytes
2025-11-22 06:15:28 [INFO] [app.main] [Worker-44768] [1763788528586] GET /api/cars from 127.0.0.1 User-Agent: Werkzeug/3.1.3
2025-11-22 06:15:28 [INFO] [app.main] [Worker-44768] [1763788528586] Fetching cars with filters: ImmutableMultiDict([('sort_by', 'price'), ('sort_order', 'desc')])
2025-11-22 06:15:28 [INFO] [app.main] [Worker-44768] [1763788528586] Found 3 cars, returning page 1/1 with 3 items
2025-11-22 06:15:28 [INFO] [app.main] [Worker-44768] [1763788528586] Response: 200 Duration: 0.011s Size: 3618 bytes
2025-11-22 06:15:28 [INFO] [app.main] [Worker-44768] [1763788528627] GET /api/brands from 127.0.0.1 User-Agent: Werkzeug/3.1.3
2025-11-22 06:15:28 [INFO] [app.main] [Worker-44768] [1763788528627] Fetching brands
2025-11-22 06:15:28 [INFO] [app.main] [Worker-44768] [1763788528627] Found 1 brands
2025-11-22 06:15:28 [INFO] [app.main] [Worker-44768] [1763788528627] Response: 200 Duration: 0.005s Size: 56 bytes
2025-11-22 06:15:28 [INFO] [app.main] [Worker-44768] [1763788528657] POST /api/predict from 127.0.0.1 User-Agent: Werkzeug/3.1.3
2025-11-22 06:15:28 [INFO] [app.main] [Worker-44768] [1763788528657] Request body: {'body_type': 'Sedan', 'brand': 'Mercedes', 'doors': 4, 'engine_size': 2.0, 'fuel_type': 'Diesel', 'horsepower': 200, 'mileage': 30000, 'model': 'C-Class', 'seats': 5, 'transmission': 'Automatic', 'year': 2021}
2025-11-22 06:15:28 [INFO] [app.main] [Worker-44768] [1763788528657] Price prediction requested for: Mercedes C-Class 2021
2025-11-22 06:15:28 [INFO] [app.main] [Worker-44768] [1763788528657] Prediction completed in 0.000s: 145563.82 DKK (confidence: 87.0%)
2025-11-22 06:15:28 [INFO] [app.main] [Worker-44768] [1763788528657] Response: 200 Duration: 0.005s Size: 394 bytes
2025-11-22 06:15:28 [INFO] [app.main] [Worker-44768] [1763788528688] POST /api/predict from 127.0.0.1 User-Agent: Werkzeug/3.1.3
2025-11-22 06:15:28 [INFO] [app.main] [Worker-44768] [1763788528688] Request body: {'body_type': 'Sedan', 'brand': 'Mercedes', 'fuel_type': 'Diesel', 'mileage': 30000, 'model': 'C-Class', 'transmission': 'Automatic', 'year': 'invalid'}
2025-11-22 06:15:28 [INFO] [app.main] [Worker-44768] [1763788528688] Price prediction requested for: Mercedes C-Class invalid
2025-11-22 06:15:28 [WARNING] [app.main] [Worker-44768] [1763788528688] Validation error in predict_price: Year must be an integer
2025-11-22 06:15:28 [INFO] [app.main] [Worker-44768] [1763788528688] Response: 400 Duration: 0.002s Size: 52 bytes
2025-11-22 06:15:28 [INFO] [app.main] [Worker-44768] [1763788528712] GET /api/cars from 127.0.0.1 User-Agent: Werkzeug/3.1.3
2025-11-22 06:15:28 [INFO] [app.main] [Worker-44768] [1763788528712] Fetching cars with filters: ImmutableMultiDict([('page', '999999')])
2025-11-22 06:15:28 [INFO] [app.main] [Worker-44768] [1763788528712] Found 0 cars, returning page 999999/0 with 0 items
2025-11-22 06:15:28 [INFO] [app.main] [Worker-44768] [1763788528712] Response: 200 Duration: 0.006s Size: 131 bytes
2025-11-22 06:15:28 [INFO] [app.main] [Worker-44768] [1763788528748] GET /api/cars from 127.0.0.1 User-Agent: Werkzeug/3.1.3
2025-11-22 06:15:28 [INFO] [app.main] [Worker-44768] [1763788528748] Fetching cars with filters: ImmutableMultiDict([('per_page', '2')])
2025-11-22 06:15:28 [INFO] [app.main] [Worker-44768] [1763788528748] Found 5 cars, returning page 1/3 with 2 items
2025-11-22 06:15:28 [INFO] [app.main] [Worker-44768] [1763788528748] Response: 200 Duration: 0.007s Size: 2452 bytes
2025-11-22 06:15:28 [INFO] [app.main] [Worker-44768] [1763788528781] GET /api/stats from 127.0.0.1 User-Agent: Werkzeug/3.1.3
2025-11-22 06:15:28 [INFO] [app.main] [Worker-44768] [1763788528781] Fetching market statistics
2025-11-22 06:15:28 [INFO] [app.main] [Worker-44768] [1763788528781] Statistics: 1 total cars
2025-11-22 06:15:28 [INFO] [app.main] [Worker-44768] [1763788528781] Response: 200 Duration: 0.011s Size: 217 bytes
2025-11-22 06:15:28 [INFO] [app.main] [Worker-44768] [1763788528817] GET /api/cars from 127.0.0.1 User-Agent: Werkzeug/3.1.3
2025-11-22 06:15:28 [INFO] [app.main] [Worker-44768] [1763788528817] Fetching cars with filters: ImmutableMultiDict([])
2025-11-22 06:15:28 [INFO] [app.main] [Worker-44768] [1763788528817] Found 0 cars, returning page 1/0 with 0 items
2025-11-22 06:15:28 [INFO] [app.main] [Worker-44768] [1763788528817] Response: 200 Duration: 0.005s Size: 127 bytes
2025-11-22 06:15:28 [INFO] [app.main] [Worker-44768] [1763788528851] GET /api/cars from 127.0.0.1 User-Agent: Werkzeug/3.1.3
2025-11-22 06:15:28 [INFO] [app.main] [Worker-44768] [1763788528851] Fetching cars with filters: ImmutableMultiDict([])
2025-11-22 06:15:28 [INFO] [app.main] [Worker-44768] [1763788528851] Found 0 cars, returning page 1/0 with 0 items
2025-11-22 06:15:28 [INFO] [app.main] [Worker-44768] [1763788528851] Response: 200 Duration: 0.005s Size: 127 bytes
2025-11-22 06:15:28 [INFO] [app.main] [Worker-44768] [1763788528901] GET /api/cars from 127.0.0.1 User-Agent: Werkzeug/3.1.3
2025-11-22 06:15:28 [INFO] [app.main] [Worker-44768] [1763788528901] Fetching cars with filters: ImmutableMultiDict([('page', '1'), ('per_page', '10')])
2025-11-22 06:15:28 [INFO] [app.main] [Worker-44768] [1763788528901] Found 0 cars, returning page 1/0 with 0 items
2025-11-22 06:15:28 [INFO] [app.main] [Worker-44768] [1763788528901] Response: 200 Duration: 0.006s Size: 127 bytes
2025-11-22 06:15:28 [INFO] [app.main] [Worker-44768] [1763788528938] GET /api/cars from 127.0.0.1 User-Agent: Werkzeug/3.1.3
2025-11-22 06:15:28 [INFO] [app.main] [Worker-44768] [1763788528938] Fetching cars with filters: ImmutableMultiDict([('brand', 'Toyota'), ('fuel_type', 'Benzin')])
2025-11-22 06:15:28 [INFO] [app.main] [Worker-44768] [1763788528938] Found 0 cars, returning page 1/0 with 0 items
2025-11-22 06:15:28 [INFO] [app.main] [Worker-44768] [1763788528938] Response: 200 Duration: 0.007s Size: 127 bytes
2025-11-22 06:15:28 [INFO] [app.main] [Worker-44768] [1763788528977] GET /api/cars from 127.0.0.1 User-Agent: Werkzeug/3.1.3
2025-11-22 06:15:28 [INFO] [app.main] [Worker-44768] [1763788528977] Fetching cars with filters: ImmutableMultiDict([('q', 'Toyota')])
2025-11-22 06:15:29 [INFO] [app.main] [Worker-44768] [1763788528977] Found 0 cars, returning page 1/0 with 0 items
2025-11-22 06:15:29 [INFO] [app.main] [Worker-44768] [1763788528977] Response: 200 Duration: 0.040s Size: 127 bytes
2025-11-22 06:15:29 [INFO] [app.main] [Worker-44768] [1763788529045] GET /api/cars from 127.0.0.1 User-Agent: Werkzeug/3.1.3
2025-11-22 06:15:29 [INFO] [app.main] [Worker-44768] [1763788529045] Fetching cars with filters: ImmutableMultiDict([('price_min', '100000'), ('price_max', '500000')])
2025-11-22 06:15:29 [INFO] [app.main] [Worker-44768] [1763788529045] Found 0 cars, returning page 1/0 with 0 items
2025-11-22 06:15:29 [INFO] [app.main] [Worker-44768] [1763788529045] Response: 200 Duration: 0.032s Size: 127 bytes
2025-11-22 06:15:29 [INFO] [app.main] [Worker-44768] [1763788529102] GET /api/cars from 127.0.0.1 User-Agent: Werkzeug/3.1.3
2025-11-22 06:15:29 [INFO] [app.main] [Worker-44768] [1763788529102] Fetching cars with filters: ImmutableMultiDict([('year_min', '2018'), ('year_max', '2022')])
2025-11-22 06:15:29 [INFO] [app.main] [Worker-44768] [1763788529102] Found 0 cars, returning page 1/0 with 0 items
2025-11-22 06:15:29 [INFO] [app.main] [Worker-44768] [1763788529102] Response: 200 Duration: 0.029s Size: 127 bytes
2025-11-22 06:15:29 [INFO] [app.main] [Worker-44768] [1763788529154] GET /api/cars/invalid-id-999999 from 127.0.0.1 User-Agent: Werkzeug/3.1.3
2025-11-22 06:15:29 [INFO] [app.main] [Worker-44768] [1763788529154] Fetching car with ID: invalid-id-999999
2025-11-22 06:15:29 [WARNING] [app.main] [Worker-44768] [1763788529154] 404 error: /api/cars/invalid-id-999999
2025-11-22 06:15:29 [INFO] [app.main] [Worker-44768] [1763788529154] Response: 404 Duration: 0.013s Size: 84 bytes
2025-11-22 06:15:29 [INFO] [app.main] [Worker-44768] [1763788529197] GET /api/cars/test-id from 127.0.0.1 User-Agent: Werkzeug/3.1.3
2025-11-22 06:15:29 [INFO] [app.main] [Worker-44768] [1763788529197] Fetching car with ID: test-id
2025-11-22 06:15:29 [WARNING] [app.main] [Worker-44768] [1763788529197] 404 error: /api/cars/test-id
2025-11-22 06:15:29 [INFO] [app.main] [Worker-44768] [1763788529197] Response: 404 Duration: 0.004s Size: 74 bytes
2025-11-22 06:15:29 [INFO] [app.main] [Worker-44768] [1763788529231] GET /api/brands from 127.0.0.1 User-Agent: Werkzeug/3.1.3
2025-11-22 06:15:29 [INFO] [app.main] [Worker-44768] [1763788529231] Fetching brands
2025-11-22 06:15:29 [INFO] [app.main] [Worker-44768] [1763788529231] Found 0 brands
2025-11-22 06:15:29 [INFO] [app.main] [Worker-44768] [1763788529231] Response: 200 Duration: 0.003s Size: 29 bytes
2025-11-22 06:15:29 [INFO] [app.main] [Worker-44768] [1763788529262] GET /api/brands from 127.0.0.1 User-Agent: Werkzeug/3.1.3
2025-11-22 06:15:29 [INFO] [app.main] [Worker-44768] [1763788529262] Fetching brands
2025-11-22 06:15:29 [INFO] [app.main] [Worker-44768] [1763788529262] Found 0 brands
2025-11-22 06:15:29 [INFO] [app.main] [Worker-44768] [1763788529262] Response: 200 Duration: 0.004s Size: 29 bytes
2025-11-22 06:15:29 [INFO] [app.main] [Worker-44768] [1763788529296] GET /api/brands from 127.0.0.1 User-Agent: Werkzeug/3.1.3
2025-11-22 06:15:29 [INFO] [app.main] [Worker-44768] [1763788529296] Fetching brands
2025-11-22 06:15:29 [INFO] [app.main] [Worker-44768] [1763788529296] Found 0 brands
2025-11-22 06:15:29 [INFO] [app.main] [Worker-44768] [1763788529296] Response: 200 Duration: 0.005s Size: 29 bytes
2025-11-22 06:15:29 [INFO] [app.main] [Worker-44768] [1763788529326] GET /api/filters from 127.0.0.1 User-Agent: Werkzeug/3.1.3
2025-11-22 06:15:29 [INFO] [app.main] [Worker-44768] [1763788529326] Fetching filter options
2025-11-22 06:15:29 [INFO] [app.main] [Worker-44768] [1763788529326] Retrieved all filter options successfully
2025-11-22 06:15:29 [INFO] [app.main] [Worker-44768] [1763788529326] Response: 200 Duration: 0.014s Size: 210 bytes
2025-11-22 06:15:29 [INFO] [app.main] [Worker-44768] [1763788529367] GET /api/filters from 127.0.0.1 User-Agent: Werkzeug/3.1.3
2025-11-22 06:15:29 [INFO] [app.main] [Worker-44768] [1763788529367] Fetching filter options
2025-11-22 06:15:29 [INFO] [app.main] [Worker-44768] [1763788529367] Retrieved all filter options successfully
2025-11-22 06:15:29 [INFO] [app.main] [Worker-44768] [1763788529367] Response: 200 Duration: 0.011s Size: 210 bytes
2025-11-22 06:15:29 [INFO] [app.main] [Worker-44768] [1763788529399] GET /api/filters from 127.0.0.1 User-Agent: Werkzeug/3.1.3
2025-11-22 06:15:29 [INFO] [app.main] [Worker-44768] [1763788529399] Fetching filter options
2025-11-22 06:15:29 [INFO] [app.main] [Worker-44768] [1763788529399] Retrieved all filter options successfully
2025-11-22 06:15:29 [INFO] [app.main] [Worker-44768] [1763788529399] Response: 200 Duration: 0.008s Size: 210 bytes
2025-11-22 06:15:29 [INFO] [app.main] [Worker-44768] [1763788529436] GET /api/predict from 127.0.0.1 User-Agent: Werkzeug/3.1.3
2025-11-22 06:15:29 [WARNING] [app.main] [Worker-44768] [1763788529436] 405 error: GET /api/predict
2025-11-22 06:15:29 [INFO] [app.main] [Worker-44768] [1763788529436] Response: 405 Duration: 0.003s Size: 84 bytes
2025-11-22 06:15:29 [INFO] [app.main] [Worker-44768] [1763788529471] POST /api/predict from 127.0.0.1 User-Agent: Werkzeug/3.1.3
2025-11-22 06:15:29 [INFO] [app.main] [Worker-44768] [1763788529471] Request body: {'brand': 'Toyota', 'model': 'Camry', 'year': 2020, 'mileage': 50000, 'fuel_type': 'Benzin', 'transmission': 'Automatisk', 'body_type': 'Sedan', 'horsepower': 200, 'engine_size': 2.5, 'doors': 4, 'color': 'Black'}
2025-11-22 06:15:29 [INFO] [app.main] [Worker-44768] [1763788529471] Price prediction requested for: Toyota Camry 2020
2025-11-22 06:15:29 [INFO] [app.main] [Worker-44768] [1763788529471] Prediction completed in 0.001s: 136601.59 DKK (confidence: 87.0%)
2025-11-22 06:15:29 [INFO] [app.main] [Worker-44768] [1763788529471] Response: 200 Duration: 0.004s Size: 396 bytes
2025-11-22 06:15:29 [INFO] [app.main] [Worker-44768] [1763788529500] POST /api/predict from 127.0.0.1 User-Agent: Werkzeug/3.1.3
2025-11-22 06:15:29 [WARNING] [app.main] [Worker-44768] [1763788529500] Validation error in predict_price: Request body must be valid JSON
2025-11-22 06:15:29 [INFO] [app.main] [Worker-44768] [1763788529500] Response: 400 Duration: 0.000s Size: 60 bytes
2025-11-22 06:15:29 [INFO] [app.main] [Worker-44768] [1763788529532] POST /api/predict from 127.0.0.1 User-Agent: Werkzeug/3.1.3
2025-11-22 06:15:29 [WARNING] [app.main] [Worker-44768] [1763788529532] Validation error in predict_price: Missing required fields: brand, model, year, mileage, fuel_type, transmission, body_type
2025-11-22 06:15:29 [INFO] [app.main] [Worker-44768] [1763788529532] Response: 400 Duration: 0.001s Size: 117 bytes
2025-11-22 06:15:29 [INFO] [app.main] [Worker-44768] [1763788529565] GET /api/health from 127.0.0.1 User-Agent: Werkzeug/3.1.3
2025-11-22 06:15:29 [WARNING] [app.main] [Worker-44768] [1763788529565] 404 error: /api/health
2025-11-22 06:15:29 [INFO] [app.main] [Worker-44768] [1763788529565] Response: 404 Duration: 0.001s Size: 68 bytes
2025-11-22 06:15:29 [INFO] [app.main] [Worker-44768] [1763788529593] GET /api/models from 127.0.0.1 User-Agent: Werkzeug/3.1.3
2025-11-22 06:15:29 [WARNING] [app.main] [Worker-44768] [1763788529593] 404 error: /api/models
2025-11-22 06:15:29 [INFO] [app.main] [Worker-44768] [1763788529593] Response: 404 Duration: 0.003s Size: 68 bytes
2025-11-22 06:15:29 [INFO] [app.main] [Worker-44768] [1763788529622] GET /api/models from 127.0.0.1 User-Agent: Werkzeug/3.1.3
2025-11-22 06:15:29 [WARNING] [app.main] [Worker-44768] [1763788529622] 404 error: /api/models
2025-11-22 06:15:29 [INFO] [app.main] [Worker-44768] [1763788529622] Response: 404 Duration: 0.002s Size: 68 bytes
2025-11-22 06:15:29 [INFO] [app.main] [Worker-44768] [1763788529654] GET /api/models from 127.0.0.1 User-Agent: Werkzeug/3.1.3
2025-11-22 06:15:29 [WARNING] [app.main] [Worker-44768] [1763788529654] 404 error: /api/models
2025-11-22 06:15:29 [INFO] [app.main] [Worker-44768] [1763788529654] Response: 404 Duration: 0.002s Size: 68 bytes
2025-11-22 06:15:29 [INFO] [app.main] [Worker-44768] [1763788529682] GET /api/stats from 127.0.0.1 User-Agent: Werkzeug/3.1.3
2025-11-22 06:15:29 [INFO] [app.main] [Worker-44768] [1763788529682] Fetching market statistics
2025-11-22 06:15:29 [INFO] [app.main] [Worker-44768] [1763788529682] Statistics: 0 total cars
2025-11-22 06:15:29 [INFO] [app.main] [Worker-44768] [1763788529682] Response: 200 Duration: 0.009s Size: 136 bytes
2025-11-22 06:15:29 [INFO] [app.main] [Worker-44768] [1763788529717] GET /api/stats from 127.0.0.1 User-Agent: Werkzeug/3.1.3
2025-11-22 06:15:29 [INFO] [app.main] [Worker-44768] [1763788529717] Fetching market statistics
2025-11-22 06:15:29 [INFO] [app.main] [Worker-44768] [1763788529717] Statistics: 0 total cars
2025-11-22 06:15:29 [INFO] [app.main] [Worker-44768] [1763788529717] Response: 200 Duration: 0.007s Size: 136 bytes
2025-11-22 06:15:29 [INFO] [app.main] [Worker-44768] [1763788529751] GET /api/queue/status from 127.0.0.1 User-Agent: Werkzeug/3.1.3
2025-11-22 06:15:29 [WARNING] [app.main] [Worker-44768] [1763788529751] 404 error: /api/queue/status
2025-11-22 06:15:29 [INFO] [app.main] [Worker-44768] [1763788529751] Response: 404 Duration: 0.001s Size: 74 bytes
2025-11-22 06:15:29 [INFO] [app.main] [Worker-44768] [1763788529782] GET /api/queue/job/test-job-123 from 127.0.0.1 User-Agent: Werkzeug/3.1.3
2025-11-22 06:15:29 [WARNING] [app.main] [Worker-44768] [1763788529782] 404 error: /api/queue/job/test-job-123
2025-11-22 06:15:29 [INFO] [app.main] [Worker-44768] [1763788529782] Response: 404 Duration: 0.003s Size: 84 bytes
2025-11-22 06:15:29 [INFO] [app.main] [Worker-44768] [1763788529810] GET /api/nonexistent-endpoint from 127.0.0.1 User-Agent: Werkzeug/3.1.3
2025-11-22 06:15:29 [WARNING] [app.main] [Worker-44768] [1763788529810] 404 error: /api/nonexistent-endpoint
2025-11-22 06:15:29 [INFO] [app.main] [Worker-44768] [1763788529810] Response: 404 Duration: 0.001s Size: 82 bytes
2025-11-22 06:15:29 [INFO] [app.main] [Worker-44768] [1763788529839] POST /api/predict from 127.0.0.1 User-Agent: Werkzeug/3.1.3
2025-11-22 06:15:29 [WARNING] [app.main] [Worker-44768] [1763788529839] Validation error in predict_price: Request body must be valid JSON
2025-11-22 06:15:29 [INFO] [app.main] [Worker-44768] [1763788529839] Response: 400 Duration: 0.002s Size: 60 bytes
2025-11-22 06:15:29 [INFO] [app.main] [Worker-44768] [1763788529866] POST /api/predict from 127.0.0.1 User-Agent: Werkzeug/3.1.3
2025-11-22 06:15:29 [WARNING] [app.main] [Worker-44768] [1763788529866] Validation error in predict_price: Request body must be valid JSON
2025-11-22 06:15:29 [INFO] [app.main] [Worker-44768] [1763788529866] Response: 400 Duration: 0.002s Size: 60 bytes
2025-11-22 06:15:29 [INFO] [app.main] [Worker-44768] [1763788529902] PUT /api/cars/913fca07-6a5a-4eec-81a0-bbfd2a355fea from 127.0.0.1 User-Agent: Werkzeug/3.1.3
2025-11-22 06:15:29 [INFO] [app.main] [Worker-44768] [1763788529902] Request body: {'mileage': 60000, 'price': 300000.0}
2025-11-22 06:15:29 [WARNING] [app.main] [Worker-44768] [1763788529902] 405 error: PUT /api/cars/913fca07-6a5a-4eec-81a0-bbfd2a355fea
2025-11-22 06:15:29 [INFO] [app.main] [Worker-44768] [1763788529902] Response: 405 Duration: 0.002s Size: 118 bytes
2025-11-22 06:15:29 [INFO] [app.main] [Worker-44768] [1763788529936] DELETE /api/cars/d3ab8bd1-5af8-4b95-a957-2b63873f7a76 from 127.0.0.1 User-Agent: Werkzeug/3.1.3
2025-11-22 06:15:29 [WARNING] [app.main] [Worker-44768] [1763788529936] 405 error: DELETE /api/cars/d3ab8bd1-5af8-4b95-a957-2b63873f7a76
2025-11-22 06:15:29 [INFO] [app.main] [Worker-44768] [1763788529936] Response: 405 Duration: 0.003s Size: 121 bytes
2025-11-22 06:15:29 [INFO] [app.main] [Worker-44768] [1763788529965] POST /api/predict from 127.0.0.1 User-Agent: Werkzeug/3.1.3
2025-11-22 06:15:29 [INFO] [app.main] [Worker-44768] [1763788529965] Request body: {'body_type': 'Hatchback', 'brand': 'Volkswagen', 'engine_size': 1.4, 'fuel_type': 'Benzin', 'horsepower': 150, 'mileage': 40000, 'model': 'Golf', 'transmission': 'Manual', 'year': 2019}
2025-11-22 06:15:29 [INFO] [app.main] [Worker-44768] [1763788529965] Price prediction requested for: Volkswagen Golf 2019
2025-11-22 06:15:29 [INFO] [app.main] [Worker-44768] [1763788529965] Prediction completed in 0.000s: 105764.6 DKK (confidence: 87.0%)
2025-11-22 06:15:29 [INFO] [app.main] [Worker-44768] [1763788529965] Response: 200 Duration: 0.004s Size: 373 bytes
2025-11-22 06:15:29 [INFO] [app.main] [Worker-44768] [1763788529997] POST /api/predict from 127.0.0.1 User-Agent: Werkzeug/3.1.3
2025-11-22 06:15:29 [INFO] [app.main] [Worker-44768] [1763788529997] Request body: {'body_type': 'Stationcar', 'brand': 'Ford', 'doors': 5, 'fuel_type': 'Diesel', 'horsepower': 120, 'mileage': 70000, 'model': 'Focus', 'seats': 5, 'transmission': 'Automatic', 'year': 2018}
2025-11-22 06:15:29 [INFO] [app.main] [Worker-44768] [1763788529997] Price prediction requested for: Ford Focus 2018
2025-11-22 06:15:30 [INFO] [app.main] [Worker-44768] [1763788529997] Prediction completed in 0.000s: 75874.62 DKK (confidence: 85.0%)
2025-11-22 06:15:30 [INFO] [app.main] [Worker-44768] [1763788529997] Response: 200 Duration: 0.004s Size: 373 bytes
2025-11-22 06:15:30 [INFO] [app.main] [Worker-44768] [1763788530028] POST /api/predict from 127.0.0.1 User-Agent: Werkzeug/3.1.3
2025-11-22 06:15:30 [INFO] [app.main] [Worker-44768] [1763788530028] Request body: {'body_type': 'Hatchback', 'brand': 'Audi', 'engine_size': 'not_a_number', 'fuel_type': 'Diesel', 'mileage': 30000, 'model': 'A3', 'transmission': 'Automatic', 'year': 2020}
2025-11-22 06:15:30 [INFO] [app.main] [Worker-44768] [1763788530028] Price prediction requested for: Audi A3 2020
2025-11-22 06:15:30 [WARNING] [app.main] [Worker-44768] [1763788530028] Validation error in predict_price: engine_size must be numeric
2025-11-22 06:15:30 [INFO] [app.main] [Worker-44768] [1763788530028] Response: 400 Duration: 0.003s Size: 56 bytes
2025-11-22 06:15:30 [INFO] [app.main] [Worker-44768] [1763788530055] POST /api/predict from 127.0.0.1 User-Agent: Werkzeug/3.1.3
2025-11-22 06:15:30 [INFO] [app.main] [Worker-44768] [1763788530055] Request body: {'body_type': 'Hatchback', 'brand': 'Seat', 'fuel_type': 'Benzin', 'horsepower': 'invalid', 'mileage': 50000, 'model': 'Leon', 'transmission': 'Manual', 'year': 2019}
2025-11-22 06:15:30 [INFO] [app.main] [Worker-44768] [1763788530055] Price prediction requested for: Seat Leon 2019
2025-11-22 06:15:30 [WARNING] [app.main] [Worker-44768] [1763788530055] Validation error in predict_price: horsepower must be an integer
2025-11-22 06:15:30 [INFO] [app.main] [Worker-44768] [1763788530055] Response: 400 Duration: 0.001s Size: 58 bytes
2025-11-22 06:15:30 [INFO] [app.main] [Worker-44768] [1763788530085] POST /api/predict from 127.0.0.1 User-Agent: Werkzeug/3.1.3
2025-11-22 06:15:30 [INFO] [app.main] [Worker-44768] [1763788530085] Request body: {'body_type': 'Sedan', 'brand': 'Skoda', 'fuel_type': 'Diesel', 'mileage': 20000, 'model': 'Octavia', 'transmission': 'Automatic', 'year': 2020}
2025-11-22 06:15:30 [INFO] [app.main] [Worker-44768] [1763788530085] Price prediction requested for: Skoda Octavia 2020
2025-11-22 06:15:30 [INFO] [app.main] [Worker-44768] [1763788530085] Prediction completed in 0.000s: 104229.18 DKK (confidence: 82.0%)
2025-11-22 06:15:30 [INFO] [app.main] [Worker-44768] [1763788530085] Response: 200 Duration: 0.004s Size: 336 bytes
2025-11-22 06:15:30 [INFO] [app.main] [Worker-44768] [1763788530116] POST /api/predict from 127.0.0.1 User-Agent: Werkzeug/3.1.3
2025-11-22 06:15:30 [INFO] [app.main] [Worker-44768] [1763788530116] Request body: {'body_type': 'Hatchback', 'brand': 'Renault', 'fuel_type': 'Benzin', 'mileage': 45000, 'model': 'Clio', 'transmission': 'Manual', 'year': 2019}
2025-11-22 06:15:30 [INFO] [app.main] [Worker-44768] [1763788530116] Price prediction requested for: Renault Clio 2019
2025-11-22 06:15:30 [INFO] [app.main] [Worker-44768] [1763788530116] Queued prediction job 1f6de4e8-6e3a-4b30-bbc0-87696db3ece9 (mode=client_force_queue, priority=100, position=0)
2025-11-22 06:15:30 [INFO] [app.main] [Worker-44768] [1763788530116] Response: 202 Duration: 0.019s Size: 403 bytes
2025-11-22 06:15:30 [INFO] [app.main] [Worker-44768] [1763788530165] GET /api/cars/nonexistent-id-12345 from 127.0.0.1 User-Agent: Werkzeug/3.1.3
2025-11-22 06:15:30 [INFO] [app.main] [Worker-44768] [1763788530165] Fetching car with ID: nonexistent-id-12345
2025-11-22 06:15:30 [WARNING] [app.main] [Worker-44768] [1763788530165] 404 error: /api/cars/nonexistent-id-12345
2025-11-22 06:15:30 [INFO] [app.main] [Worker-44768] [1763788530165] Response: 404 Duration: 0.005s Size: 87 bytes
2025-11-22 06:15:30 [INFO] [app.main] [Worker-44768] [1763788530198] POST /api/cars from 127.0.0.1 User-Agent: Werkzeug/3.1.3
2025-11-22 06:15:30 [INFO] [app.main] [Worker-44768] [1763788530198] Request body: {'body_type': 'Hatchback', 'brand': 'Peugeot', 'color': 'Blue', 'dealer_name': 'Test Dealer', 'doors': 5, 'engine_size': 1.2, 'fuel_type': 'Benzin', 'horsepower': 100, 'location': 'Aarhus', 'mileage': 15000, 'model': '208', 'price': 180000.0, 'seats': 5, 'transmission': 'Automatic', 'year': 2021}
2025-11-22 06:15:30 [INFO] [app.main] [Worker-44768] [1763788530198] Creating new car: Peugeot 208
2025-11-22 06:15:30 [INFO] [app.main] [Worker-44768] [1763788530198] Successfully created car with ID: 5f093a01-1697-4700-8810-b94353f39896
2025-11-22 06:15:30 [INFO] [app.main] [Worker-44768] [1763788530198] Response: 201 Duration: 0.008s Size: 1227 bytes
2025-11-22 06:15:30 [INFO] [app.main] [Worker-44768] [1763788530241] GET /api/cars from 127.0.0.1 User-Agent: Werkzeug/3.1.3
2025-11-22 06:15:30 [INFO] [app.main] [Worker-44768] [1763788530241] Fetching cars with filters: ImmutableMultiDict([('brand', 'Toyota'), ('model', 'Camry'), ('fuel_type', 'Benzin'), ('transmission', 'Automatisk'), ('body_type', 'Sedan'), ('min_year', '2015'), ('max_year', '2025'), ('min_price', '100000'), ('max_price', '500000'), ('min_mileage', '0'), ('max_mileage', '100000'), ('page', '1'), ('per_page', '10'), ('sort_by', 'price'), ('sort_order', 'asc')])
2025-11-22 06:15:30 [INFO] [app.main] [Worker-44768] [1763788530241] Found 1 cars, returning page 1/1 with 1 items
2025-11-22 06:15:30 [INFO] [app.main] [Worker-44768] [1763788530241] Response: 200 Duration: 0.041s Size: 1290 bytes
2025-11-22 06:15:30 [INFO] [app.main] [Worker-44768] [1763788530314] POST /api/predict from 127.0.0.1 User-Agent: Werkzeug/3.1.3
2025-11-22 06:15:30 [INFO] [app.main] [Worker-44768] [1763788530314] Request body: {'body_type': 'Hatchback', 'brand': 'Citroen', 'fuel_type': 'Diesel', 'mileage': 'lots', 'model': 'C3', 'transmission': 'Manual', 'year': 2019}
2025-11-22 06:15:30 [INFO] [app.main] [Worker-44768] [1763788530314] Price prediction requested for: Citroen C3 2019
2025-11-22 06:15:30 [WARNING] [app.main] [Worker-44768] [1763788530314] Validation error in predict_price: Mileage must be an integer
2025-11-22 06:15:30 [INFO] [app.main] [Worker-44768] [1763788530314] Response: 400 Duration: 0.003s Size: 55 bytes
2025-11-22 06:15:30 [INFO] [app.main] [Worker-44768] [1763788530352] GET /api/brands from 127.0.0.1 User-Agent: Werkzeug/3.1.3
2025-11-22 06:15:30 [INFO] [app.main] [Worker-44768] [1763788530352] Fetching brands
2025-11-22 06:15:30 [INFO] [app.main] [Worker-44768] [1763788530352] Found 1 brands
2025-11-22 06:15:30 [INFO] [app.main] [Worker-44768] [1763788530352] Response: 200 Duration: 0.005s Size: 56 bytes
2025-11-22 06:15:30 [INFO] [app.main] [Worker-44768] [1763788530394] GET /api/models from 127.0.0.1 User-Agent: Werkzeug/3.1.3
2025-11-22 06:15:30 [WARNING] [app.main] [Worker-44768] [1763788530394] 404 error: /api/models
2025-11-22 06:15:30 [INFO] [app.main] [Worker-44768] [1763788530394] Response: 404 Duration: 0.002s Size: 68 bytes
2025-11-22 06:15:30 [INFO] [app.main] [Worker-44768] [1763788530444] GET /api/filters from 127.0.0.1 User-Agent: Werkzeug/3.1.3
2025-11-22 06:15:30 [INFO] [app.main] [Worker-44768] [1763788530444] Fetching filter options
2025-11-22 06:15:30 [INFO] [app.main] [Worker-44768] [1763788530444] Retrieved all filter options successfully
2025-11-22 06:15:30 [INFO] [app.main] [Worker-44768] [1763788530444] Response: 200 Duration: 0.013s Size: 339 bytes
2025-11-22 06:15:30 [INFO] [app.main] [Worker-44768] [1763788530499] GET /api/cars from 127.0.0.1 User-Agent: Werkzeug/3.1.3
2025-11-22 06:15:30 [INFO] [app.main] [Worker-44768] [1763788530499] Fetching cars with filters: ImmutableMultiDict([('search', 'Toy')])
2025-11-22 06:15:30 [INFO] [app.main] [Worker-44768] [1763788530499] Found 1 cars, returning page 1/1 with 1 items
2025-11-22 06:15:30 [INFO] [app.main] [Worker-44768] [1763788530499] Response: 200 Duration: 0.009s Size: 1290 bytes
2025-11-22 06:15:30 [INFO] [app.main] [Worker-44768] [1763788530541] POST /api/predict from 127.0.0.1 User-Agent: Werkzeug/3.1.3
2025-11-22 06:15:30 [INFO] [app.main] [Worker-44768] [1763788530541] Request body: {'body_type': 'SUV', 'brand': 'Mazda', 'color': 'Red', 'doors': 5, 'engine_size': 2.0, 'fuel_type': 'Benzin', 'horsepower': 165, 'mileage': 25000, 'model': 'CX-5', 'seats': 5, 'transmission': 'Automatic', 'year': 2021}
2025-11-22 06:15:30 [INFO] [app.main] [Worker-44768] [1763788530541] Price prediction requested for: Mazda CX-5 2021
2025-11-22 06:15:30 [INFO] [app.main] [Worker-44768] [1763788530541] Prediction completed in 0.000s: 170278.62 DKK (confidence: 87.0%)
2025-11-22 06:15:30 [INFO] [app.main] [Worker-44768] [1763788530541] Response: 200 Duration: 0.005s Size: 400 bytes
2025-11-22 06:15:30 [INFO] [app.main] [Worker-44768] [1763788530574] POST /api/cars from 127.0.0.1 User-Agent: Werkzeug/3.1.3
2025-11-22 06:15:30 [INFO] [app.main] [Worker-44768] [1763788530574] Request body: {'body_type': 'Hatchback', 'brand': 'Hyundai', 'fuel_type': 'Diesel', 'mileage': 60000, 'model': 'i30', 'price': 140000.0, 'transmission': 'Manual', 'year': 2019}
2025-11-22 06:15:30 [INFO] [app.main] [Worker-44768] [1763788530574] Creating new car: Hyundai i30
2025-11-22 06:15:30 [INFO] [app.main] [Worker-44768] [1763788530574] Successfully created car with ID: 8a080c83-7d15-42dd-b1d2-e7552040a554
2025-11-22 06:15:30 [INFO] [app.main] [Worker-44768] [1763788530574] Response: 201 Duration: 0.006s Size: 1217 bytes
2025-11-22 06:15:30 [INFO] [app.main] [Worker-44768] [1763788530612] GET /api/cars from 127.0.0.1 User-Agent: Werkzeug/3.1.3
2025-11-22 06:15:30 [INFO] [app.main] [Worker-44768] [1763788530612] Fetching cars with filters: ImmutableMultiDict([('min_price', '100000')])
2025-11-22 06:15:30 [INFO] [app.main] [Worker-44768] [1763788530612] Found 1 cars, returning page 1/1 with 1 items
2025-11-22 06:15:30 [INFO] [app.main] [Worker-44768] [1763788530612] Response: 200 Duration: 0.004s Size: 1290 bytes
2025-11-22 06:15:30 [INFO] [app.main] [Worker-44768] [1763788530618] GET /api/cars from 127.0.0.1 User-Agent: Werkzeug/3.1.3
2025-11-22 06:15:30 [INFO] [app.main] [Worker-44768] [1763788530618] Fetching cars with filters: ImmutableMultiDict([('max_price', '500000')])
2025-11-22 06:15:30 [INFO] [app.main] [Worker-44768] [1763788530618] Found 1 cars, returning page 1/1 with 1 items
2025-11-22 06:15:30 [INFO] [app.main] [Worker-44768] [1763788530618] Response: 200 Duration: 0.004s Size: 1290 bytes
2025-11-22 06:15:30 [INFO] [app.main] [Worker-44768] [1763788530653] GET /api/cars from 127.0.0.1 User-Agent: Werkzeug/3.1.3
2025-11-22 06:15:30 [INFO] [app.main] [Worker-44768] [1763788530653] Fetching cars with filters: ImmutableMultiDict([('min_year', '2015')])
2025-11-22 06:15:30 [INFO] [app.main] [Worker-44768] [1763788530653] Found 1 cars, returning page 1/1 with 1 items
2025-11-22 06:15:30 [INFO] [app.main] [Worker-44768] [1763788530653] Response: 200 Duration: 0.006s Size: 1290 bytes
2025-11-22 06:15:30 [INFO] [app.main] [Worker-44768] [1763788530661] GET /api/cars from 127.0.0.1 User-Agent: Werkzeug/3.1.3
2025-11-22 06:15:30 [INFO] [app.main] [Worker-44768] [1763788530661] Fetching cars with filters: ImmutableMultiDict([('max_year', '2025')])
2025-11-22 06:15:30 [INFO] [app.main] [Worker-44768] [1763788530661] Found 1 cars, returning page 1/1 with 1 items
2025-11-22 06:15:30 [INFO] [app.main] [Worker-44768] [1763788530661] Response: 200 Duration: 0.005s Size: 1290 bytes
2025-11-22 06:15:30 [INFO] [app.main] [Worker-44768] [1763788530693] GET /api/health from 127.0.0.1 User-Agent: Werkzeug/3.1.3
2025-11-22 06:15:30 [WARNING] [app.main] [Worker-44768] [1763788530693] 404 error: /api/health
2025-11-22 06:15:30 [INFO] [app.main] [Worker-44768] [1763788530693] Response: 404 Duration: 0.002s Size: 68 bytes
2025-11-22 06:15:30 [INFO] [app.main] [Worker-44768] [1763788530728] GET /api/cars from 127.0.0.1 User-Agent: Werkzeug/3.1.3
2025-11-22 06:15:30 [INFO] [app.main] [Worker-44768] [1763788530728] Fetching cars with filters: ImmutableMultiDict([('min_mileage', '10000'), ('max_mileage', '100000')])
2025-11-22 06:15:30 [INFO] [app.main] [Worker-44768] [1763788530728] Found 1 cars, returning page 1/1 with 1 items
2025-11-22 06:15:30 [INFO] [app.main] [Worker-44768] [1763788530728] Response: 200 Duration: 0.006s Size: 1290 bytes
2025-11-22 06:15:30 [INFO] [app.main] [Worker-44768] [1763788530768] GET /api/cars from 127.0.0.1 User-Agent: Werkzeug/3.1.3
2025-11-22 06:15:30 [INFO] [app.main] [Worker-44768] [1763788530768] Fetching cars with filters: ImmutableMultiDict([('sort_by', 'price'), ('sort_order', 'asc')])
2025-11-22 06:15:30 [INFO] [app.main] [Worker-44768] [1763788530768] Found 3 cars, returning page 1/1 with 3 items
2025-11-22 06:15:30 [INFO] [app.main] [Worker-44768] [1763788530768] Response: 200 Duration: 0.013s Size: 3618 bytes
2025-11-22 06:15:30 [INFO] [app.main] [Worker-44768] [1763788530810] POST /api/predict from 127.0.0.1 User-Agent: Werkzeug/3.1.3
2025-11-22 06:15:30 [INFO] [app.main] [Worker-44768] [1763788530810] Request body: {'body_type': 'Hatchback', 'brand': 'Kia', 'fuel_type': 'Diesel', 'mileage': 35000, 'model': 'Ceed', 'transmission': 'Manual', 'year': 2020}
2025-11-22 06:15:30 [INFO] [app.main] [Worker-44768] [1763788530810] Price prediction requested for: Kia Ceed 2020
2025-11-22 06:15:30 [INFO] [app.main] [Worker-44768] [1763788530810] Prediction completed in 0.000s: 81570.67 DKK (confidence: 82.0%)
2025-11-22 06:15:30 [INFO] [app.main] [Worker-44768] [1763788530810] Response: 200 Duration: 0.005s Size: 330 bytes
2025-11-22 06:15:30 [INFO] [app.main] [Worker-44768] [1763788530846] POST /api/predict from 127.0.0.1 User-Agent: Werkzeug/3.1.3
2025-11-22 06:15:30 [INFO] [app.main] [Worker-44768] [1763788530846] Request body: {'body_type': 'SUV', 'brand': 'Nissan', 'fuel_type': 'Diesel', 'mileage': 50000, 'model': 'Qashqai', 'transmission': 'Automatic', 'year': 2019}
2025-11-22 06:15:30 [INFO] [app.main] [Worker-44768] [1763788530846] Price prediction requested for: Nissan Qashqai 2019
2025-11-22 06:15:30 [INFO] [app.main] [Worker-44768] [1763788530846] Prediction completed in 0.000s: 110120.4 DKK (confidence: 82.0%)
2025-11-22 06:15:30 [INFO] [app.main] [Worker-44768] [1763788530846] Response: 200 Duration: 0.006s Size: 334 bytes
2025-11-22 06:15:30 [INFO] [app.main] [Worker-44768] [1763788530886] GET /api/cars from 127.0.0.1 User-Agent: Werkzeug/3.1.3
2025-11-22 06:15:30 [INFO] [app.main] [Worker-44768] [1763788530886] Fetching cars with filters: ImmutableMultiDict([('model', 'Camry')])
2025-11-22 06:15:30 [INFO] [app.main] [Worker-44768] [1763788530886] Found 1 cars, returning page 1/1 with 1 items
2025-11-22 06:15:30 [INFO] [app.main] [Worker-44768] [1763788530886] Response: 200 Duration: 0.036s Size: 1290 bytes
2025-11-22 06:15:30 [INFO] [app.main] [Worker-44768] [1763788530957] GET /api/cars from 127.0.0.1 User-Agent: Werkzeug/3.1.3
2025-11-22 06:15:30 [INFO] [app.main] [Worker-44768] [1763788530957] Fetching cars with filters: ImmutableMultiDict([('location', 'Copenhagen')])
2025-11-22 06:15:30 [INFO] [app.main] [Worker-44768] [1763788530957] Found 1 cars, returning page 1/1 with 1 items
2025-11-22 06:15:30 [INFO] [app.main] [Worker-44768] [1763788530957] Response: 200 Duration: 0.034s Size: 1290 bytes
2025-11-22 06:15:31 [INFO] [app.main] [Worker-44768] [1763788531019] GET /api/cars from 127.0.0.1 User-Agent: Werkzeug/3.1.3
2025-11-22 06:15:31 [INFO] [app.main] [Worker-44768] [1763788531019] Fetching cars with filters: ImmutableMultiDict([('sort_by', 'year'), ('sort_order', 'desc')])
2025-11-22 06:15:31 [INFO] [app.main] [Worker-44768] [1763788531019] Found 3 cars, returning page 1/1 with 3 items
2025-11-22 06:15:31 [INFO] [app.main] [Worker-44768] [1763788531019] Response: 200 Duration: 0.009s Size: 3618 bytes
2025-11-22 06:15:31 [INFO] [app.main] [Worker-44768] [1763788531054] GET /api/cars from 127.0.0.1 User-Agent: Werkzeug/3.1.3
2025-11-22 06:15:31 [INFO] [app.main] [Worker-44768] [1763788531054] Fetching cars with filters: ImmutableMultiDict([('sort_by', 'mileage'), ('sort_order', 'asc')])
2025-11-22 06:15:31 [INFO] [app.main] [Worker-44768] [1763788531054] Found 3 cars, returning page 1/1 with 3 items
2025-11-22 06:15:31 [INFO] [app.main] [Worker-44768] [1763788531054] Response: 200 Duration: 0.013s Size: 3618 bytes
2025-11-22 06:15:31 [INFO] [app.main] [Worker-44768] [1763788531097] GET /api/cars from 127.0.0.1 User-Agent: Werkzeug/3.1.3
2025-11-22 06:15:31 [INFO] [app.main] [Worker-44768] [1763788531097] Fetching cars with filters: ImmutableMultiDict([('max_mileage', '100000')])
2025-11-22 06:15:31 [INFO] [app.main] [Worker-44768] [1763788531097] Found 1 cars, returning page 1/1 with 1 items
2025-11-22 06:15:31 [INFO] [app.main] [Worker-44768] [1763788531097] Response: 200 Duration: 0.005s Size: 1290 bytes
2025-11-22 06:15:31 [INFO] [app.main] [Worker-44768] [1763788531128] GET /api/cars from 127.0.0.1 User-Agent: Werkzeug/3.1.3
2025-11-22 06:15:31 [INFO] [app.main] [Worker-44768] [1763788531128] Fetching cars with filters: ImmutableMultiDict([('min_mileage', '10000')])
2025-11-22 06:15:31 [INFO] [app.main] [Worker-44768] [1763788531128] Found 1 cars, returning page 1/1 with 1 items
2025-11-22 06:15:31 [INFO] [app.main] [Worker-44768] [1763788531128] Response: 200 Duration: 0.007s Size: 1290 bytes
2025-11-22 06:15:31 [INFO] [app.main] [Worker-44768] [1763788531161] POST /api/predict from 127.0.0.1 User-Agent: Werkzeug/3.1.3
2025-11-22 06:15:31 [INFO] [app.main] [Worker-44768] [1763788531161] Request body: {'body_type': 'Sedan', 'brand': 'Honda', 'fuel_type': 'Benzin', 'mileage': 40000, 'model': 'Civic', 'transmission': 'Manual', 'year': 2020}
2025-11-22 06:15:31 [INFO] [app.main] [Worker-44768] [1763788531161] Price prediction requested for: Honda Civic 2020
2025-11-22 06:15:31 [INFO] [app.main] [Worker-44768] [1763788531161] Prediction completed in 0.000s: 102039.62 DKK (confidence: 82.0%)
2025-11-22 06:15:31 [INFO] [app.main] [Worker-44768] [1763788531161] Response: 200 Duration: 0.003s Size: 330 bytes
2025-11-22 06:15:31 [INFO] [app.main] [Worker-44768] [1763788531196] GET /api/cars from 127.0.0.1 User-Agent: Werkzeug/3.1.3
2025-11-22 06:15:31 [INFO] [app.main] [Worker-44768] [1763788531196] Fetching cars with filters: ImmutableMultiDict([('brand', 'Toyota'), ('model', 'Camry'), ('fuel_type', 'Benzin'), ('transmission', 'Automatisk'), ('body_type', 'Sedan'), ('location', 'Aarhus'), ('min_year', '2015'), ('max_year', '2025')])
2025-11-22 06:15:31 [INFO] [app.main] [Worker-44768] [1763788531196] Found 1 cars, returning page 1/1 with 1 items
2025-11-22 06:15:31 [INFO] [app.main] [Worker-44768] [1763788531196] Response: 200 Duration: 0.029s Size: 1286 bytes
2025-11-22 06:15:31 [INFO] [app.main] [Worker-44768] [1763788531250] POST /api/cars from 127.0.0.1 User-Agent: Werkzeug/3.1.3
2025-11-22 06:15:31 [INFO] [app.main] [Worker-44768] [1763788531250] Request body: {'body_type': 'Sedan', 'brand': 'Subaru', 'fuel_type': 'Benzin', 'mileage': 55000, 'model': 'Impreza', 'price': 'expensive', 'transmission': 'Manual', 'year': 2019}
2025-11-22 06:15:31 [INFO] [app.main] [Worker-44768] [1763788531250] Creating new car: Subaru Impreza
2025-11-22 06:15:31 [WARNING] [app.main] [Worker-44768] [1763788531250] Validation error in create_car: Price must be a number
2025-11-22 06:15:31 [INFO] [app.main] [Worker-44768] [1763788531250] Response: 400 Duration: 0.003s Size: 51 bytes
2025-11-22 06:15:31 [INFO] [app.main] [Worker-44768] [1763788531279] POST /api/cars from 127.0.0.1 User-Agent: Werkzeug/3.1.3
2025-11-22 06:15:31 [INFO] [app.main] [Worker-44768] [1763788531279] Request body: {'body_type': 'SUV', 'brand': 'Mitsubishi', 'fuel_type': 'Diesel', 'mileage': -1000, 'model': 'Outlander', 'price': 280000.0, 'transmission': 'Automatic', 'year': 2020}
2025-11-22 06:15:31 [INFO] [app.main] [Worker-44768] [1763788531279] Creating new car: Mitsubishi Outlander
2025-11-22 06:15:31 [WARNING] [app.main] [Worker-44768] [1763788531279] Validation error in create_car: mileage cannot be negative
2025-11-22 06:15:31 [INFO] [app.main] [Worker-44768] [1763788531279] Response: 400 Duration: 0.003s Size: 55 bytes
2025-11-22 06:15:31 [INFO] [app.main] [Worker-44768] [1763788531310] POST /api/predict from 127.0.0.1 User-Agent: Werkzeug/3.1.3
2025-11-22 06:15:31 [INFO] [app.main] [Worker-44768] [1763788531310] Request body: {'body_type': 'Sedan', 'brand': 'Lexus', 'doors': 'many', 'fuel_type': 'Benzin', 'mileage': 35000, 'model': 'IS', 'transmission': 'Automatic', 'year': 2019}
2025-11-22 06:15:31 [INFO] [app.main] [Worker-44768] [1763788531310] Price prediction requested for: Lexus IS 2019
2025-11-22 06:15:31 [WARNING] [app.main] [Worker-44768] [1763788531310] Validation error in predict_price: doors must be an integer
2025-11-22 06:15:31 [INFO] [app.main] [Worker-44768] [1763788531310] Response: 400 Duration: 0.002s Size: 53 bytes
2025-11-22 06:15:31 [INFO] [app.main] [Worker-44768] [1763788531344] POST /api/predict from 127.0.0.1 User-Agent: Werkzeug/3.1.3
2025-11-22 06:15:31 [INFO] [app.main] [Worker-44768] [1763788531344] Request body: {'body_type': 'SUV', 'brand': 'Jeep', 'fuel_type': 'Benzin', 'mileage': 28000, 'model': 'Cherokee', 'seats': 'lots', 'transmission': 'Automatic', 'year': 2020}
2025-11-22 06:15:31 [INFO] [app.main] [Worker-44768] [1763788531344] Price prediction requested for: Jeep Cherokee 2020
2025-11-22 06:15:31 [WARNING] [app.main] [Worker-44768] [1763788531344] Validation error in predict_price: seats must be an integer
2025-11-22 06:15:31 [INFO] [app.main] [Worker-44768] [1763788531344] Response: 400 Duration: 0.003s Size: 53 bytes
2025-11-22 06:15:31 [INFO] [app.main] [Worker-44768] [1763788531384] GET /api/cars/d67cc882-01d5-4345-b636-6f6491c775af from 127.0.0.1 User-Agent: Werkzeug/3.1.3
2025-11-22 06:15:31 [INFO] [app.main] [Worker-44768] [1763788531384] Fetching car with ID: d67cc882-01d5-4345-b636-6f6491c775af
2025-11-22 06:15:31 [INFO] [app.main] [Worker-44768] [1763788531384] Successfully retrieved car d67cc882-01d5-4345-b636-6f6491c775af
2025-11-22 06:15:31 [INFO] [app.main] [Worker-44768] [1763788531384] Response: 200 Duration: 0.006s Size: 1187 bytes
2025-11-22 06:15:31 [INFO] [app.main] [Worker-44768] [1763788531421] GET /api/cars from 127.0.0.1 User-Agent: Werkzeug/3.1.3
2025-11-22 06:15:31 [INFO] [app.main] [Worker-44768] [1763788531421] Fetching cars with filters: ImmutableMultiDict([('min_price', '100000'), ('max_price', '400000'), ('min_year', '2015'), ('max_year', '2023')])
2025-11-22 06:15:31 [INFO] [app.main] [Worker-44768] [1763788531421] Found 1 cars, returning page 1/1 with 1 items
2025-11-22 06:15:31 [INFO] [app.main] [Worker-44768] [1763788531421] Response: 200 Duration: 0.006s Size: 1290 bytes
2025-11-22 06:15:31 [INFO] [app.ml.predictor] [Worker-44768] Loaded model from C:\Users\Igor Cretu\Desktop\Bachelor\Project\BackEnd\API\app\ml\../../models\best_model_xgboost.pkl
2025-11-22 06:15:31 [INFO] [app.ml.predictor] [Worker-44768] Loaded model from C:\Users\Igor Cretu\Desktop\Bachelor\Project\BackEnd\API\app\ml\../../models\best_model_xgboost.pkl
2025-11-22 06:15:31 [INFO] [app.ml.predictor] [Worker-44768] Loaded model from C:\Users\Igor Cretu\Desktop\Bachelor\Project\BackEnd\API\app\ml\../../models\best_model_xgboost.pkl
2025-11-22 06:15:31 [INFO] [app.ml.predictor] [Worker-44768] Loaded model from C:\Users\Igor Cretu\Desktop\Bachelor\Project\BackEnd\API\app\ml\../../models\best_model_xgboost.pkl
2025-11-22 06:15:31 [INFO] [prediction_worker] [Worker-44768] Completed job df5b2947-9f53-4d86-843c-3fe3603def34
2025-11-22 06:15:50 [INFO] [app.main] [Worker-22728] ================================================================================
2025-11-22 06:15:50 [INFO] [app.main] [Worker-22728] INITIALIZING BPR BACKEND API
2025-11-22 06:15:50 [INFO] [app.main] [Worker-22728] ================================================================================
2025-11-22 06:15:50 [INFO] [app.main] [Worker-22728] CORS locked to: ['https://bpr-g26.netlify.app', 'https://test.bachelorproject26.site', 'https://bachelorproject26.site', 'http://localhost:5173', 'http://127.0.0.1:5173', 'https://carpredict.netlify.app']
2025-11-22 06:15:50 [INFO] [app.main] [Worker-22728] Database URL configured: localhost
2025-11-22 06:15:50 [INFO] [app.main] [Worker-22728] Database initialized with connection pooling
2025-11-22 06:15:50 [INFO] [app.main] [Worker-22728] Initializing ML predictor...
2025-11-22 06:15:52 [INFO] [app.ml.predictor] [Worker-22728] Loaded model from C:\Users\Igor Cretu\Desktop\Bachelor\Project\BackEnd\API\app\ml\../../models\best_model_xgboost.pkl
2025-11-22 06:15:52 [INFO] [app.main] [Worker-22728] ML Predictor initialized: {'version': 'v1.0.0-heuristic', 'loaded': False, 'type': 'heuristic', 'model_name': 'N/A', 'test_r2': 'N/A', 'test_mae': 'N/A', 'features_count': 0}
2025-11-22 06:15:52 [INFO] [app.main] [Worker-22728] Application loaded by WSGI server
2025-11-22 06:15:52 [INFO] [app.main] [Worker-22728] Configuration: {}
2025-11-22 06:15:53 [INFO] [app.main] [Worker-22728] [1763788553362] POST /api/cars from 127.0.0.1 User-Agent: Werkzeug/3.1.3
2025-11-22 06:15:53 [INFO] [app.main] [Worker-22728] [1763788553362] Request body: {'body_type': 'Sedan', 'brand': 'BMW', 'fuel_type': 'Diesel', 'mileage': 50000, 'model': '320d', 'price': 250000.0, 'transmission': 'Automatic', 'year': 2020}
2025-11-22 06:15:53 [INFO] [app.main] [Worker-22728] [1763788553362] Creating new car: BMW 320d
2025-11-22 06:15:53 [INFO] [app.main] [Worker-22728] [1763788553362] Successfully created car with ID: dd7f4702-d223-4539-b45a-3d2f6995bae5
2025-11-22 06:15:53 [INFO] [app.main] [Worker-22728] [1763788553362] Response: 201 Duration: 0.068s Size: 1213 bytes
2025-11-22 06:15:53 [INFO] [app.main] [Worker-22728] [1763788553471] POST /api/cars from 127.0.0.1 User-Agent: Werkzeug/3.1.3
2025-11-22 06:15:53 [INFO] [app.main] [Worker-22728] [1763788553471] Request body: {'brand': 'BMW', 'model': '320d'}
2025-11-22 06:15:53 [WARNING] [app.main] [Worker-22728] [1763788553471] Validation error in create_car: Missing required fields: year, mileage, fuel_type, transmission, body_type, price
2025-11-22 06:15:53 [INFO] [app.main] [Worker-22728] [1763788553471] Response: 400 Duration: 0.005s Size: 110 bytes
2025-11-22 06:15:53 [INFO] [app.main] [Worker-22728] [1763788553508] POST /api/cars from 127.0.0.1 User-Agent: Werkzeug/3.1.3
2025-11-22 06:15:53 [INFO] [app.main] [Worker-22728] [1763788553508] Request body: {'body_type': 'Sedan', 'brand': 'BMW', 'fuel_type': 'Diesel', 'mileage': 50000, 'model': '320d', 'price': 250000.0, 'transmission': 'Automatic', 'year': 'not_a_year'}
2025-11-22 06:15:53 [INFO] [app.main] [Worker-22728] [1763788553508] Creating new car: BMW 320d
2025-11-22 06:15:53 [WARNING] [app.main] [Worker-22728] [1763788553508] Validation error in create_car: Year must be an integer
2025-11-22 06:15:53 [INFO] [app.main] [Worker-22728] [1763788553508] Response: 400 Duration: 0.003s Size: 52 bytes
2025-11-22 06:15:53 [INFO] [app.main] [Worker-22728] [1763788553560] GET /api/cars/test-car-123 from 127.0.0.1 User-Agent: Werkzeug/3.1.3
2025-11-22 06:15:53 [INFO] [app.main] [Worker-22728] [1763788553560] Fetching car with ID: test-car-123
2025-11-22 06:15:53 [INFO] [app.main] [Worker-22728] [1763788553560] Successfully retrieved car test-car-123
2025-11-22 06:15:53 [INFO] [app.main] [Worker-22728] [1763788553560] Response: 200 Duration: 0.011s Size: 1163 bytes
2025-11-22 06:15:53 [INFO] [app.main] [Worker-22728] [1763788553601] POST /api/predict from 127.0.0.1 User-Agent: Werkzeug/3.1.3
2025-11-22 06:15:53 [INFO] [app.main] [Worker-22728] [1763788553601] Request body: {'body_type': 'Sedan', 'brand': 'Audi', 'fuel_type': 'Diesel', 'mileage': 60000, 'model': 'A4', 'transmission': 'Automatic', 'year': 2019}
2025-11-22 06:15:53 [INFO] [app.main] [Worker-22728] [1763788553601] Price prediction requested for: Audi A4 2019
2025-11-22 06:15:53 [INFO] [app.main] [Worker-22728] [1763788553601] Prediction completed in 0.000s: 162121.7 DKK (confidence: 82.0%)
2025-11-22 06:15:53 [INFO] [app.main] [Worker-22728] [1763788553601] Response: 200 Duration: 0.009s Size: 328 bytes
2025-11-22 06:15:53 [INFO] [app.main] [Worker-22728] [1763788553640] GET /api/queue/job/nonexistent-id from 127.0.0.1 User-Agent: Werkzeug/3.1.3
2025-11-22 06:15:53 [WARNING] [app.main] [Worker-22728] [1763788553640] 404 error: /api/queue/job/nonexistent-id
2025-11-22 06:15:53 [INFO] [app.main] [Worker-22728] [1763788553640] Response: 404 Duration: 0.002s Size: 86 bytes
2025-11-22 06:15:53 [INFO] [app.main] [Worker-22728] [1763788553674] GET /api/cars from 127.0.0.1 User-Agent: Werkzeug/3.1.3
2025-11-22 06:15:53 [INFO] [app.main] [Worker-22728] [1763788553674] Fetching cars with filters: ImmutableMultiDict([('brand', 'Toyota'), ('fuel_type', 'Diesel'), ('min_year', '2018')])
2025-11-22 06:15:53 [INFO] [app.main] [Worker-22728] [1763788553674] Found 0 cars, returning page 1/0 with 0 items
2025-11-22 06:15:53 [INFO] [app.main] [Worker-22728] [1763788553674] Response: 200 Duration: 0.109s Size: 127 bytes
2025-11-22 06:15:53 [INFO] [app.main] [Worker-22728] [1763788553808] GET /api/cars from 127.0.0.1 User-Agent: Werkzeug/3.1.3
2025-11-22 06:15:53 [INFO] [app.main] [Worker-22728] [1763788553808] Fetching cars with filters: ImmutableMultiDict([('search', 'Toyota')])
2025-11-22 06:15:53 [INFO] [app.main] [Worker-22728] [1763788553808] Found 1 cars, returning page 1/1 with 1 items
2025-11-22 06:15:53 [INFO] [app.main] [Worker-22728] [1763788553808] Response: 200 Duration: 0.033s Size: 1266 bytes
2025-11-22 06:15:53 [INFO] [app.main] [Worker-22728] [1763788553876] GET /api/cars from 127.0.0.1 User-Agent: Werkzeug/3.1.3
2025-11-22 06:15:53 [INFO] [app.main] [Worker-22728] [1763788553876] Fetching cars with filters: ImmutableMultiDict([('sort_by', 'price'), ('sort_order', 'desc')])
2025-11-22 06:15:53 [INFO] [app.main] [Worker-22728] [1763788553876] Found 3 cars, returning page 1/1 with 3 items
2025-11-22 06:15:53 [INFO] [app.main] [Worker-22728] [1763788553876] Response: 200 Duration: 0.010s Size: 3618 bytes
2025-11-22 06:15:53 [INFO] [app.main] [Worker-22728] [1763788553914] GET /api/brands from 127.0.0.1 User-Agent: Werkzeug/3.1.3
2025-11-22 06:15:53 [INFO] [app.main] [Worker-22728] [1763788553914] Fetching brands
2025-11-22 06:15:53 [INFO] [app.main] [Worker-22728] [1763788553914] Found 1 brands
2025-11-22 06:15:53 [INFO] [app.main] [Worker-22728] [1763788553914] Response: 200 Duration: 0.007s Size: 56 bytes
2025-11-22 06:15:53 [INFO] [app.main] [Worker-22728] [1763788553946] POST /api/predict from 127.0.0.1 User-Agent: Werkzeug/3.1.3
2025-11-22 06:15:53 [INFO] [app.main] [Worker-22728] [1763788553946] Request body: {'body_type': 'Sedan', 'brand': 'Mercedes', 'doors': 4, 'engine_size': 2.0, 'fuel_type': 'Diesel', 'horsepower': 200, 'mileage': 30000, 'model': 'C-Class', 'seats': 5, 'transmission': 'Automatic', 'year': 2021}
2025-11-22 06:15:53 [INFO] [app.main] [Worker-22728] [1763788553946] Price prediction requested for: Mercedes C-Class 2021
2025-11-22 06:15:53 [INFO] [app.main] [Worker-22728] [1763788553946] Prediction completed in 0.002s: 145563.82 DKK (confidence: 87.0%)
2025-11-22 06:15:53 [INFO] [app.main] [Worker-22728] [1763788553946] Response: 200 Duration: 0.005s Size: 394 bytes
2025-11-22 06:15:53 [INFO] [app.main] [Worker-22728] [1763788553981] POST /api/predict from 127.0.0.1 User-Agent: Werkzeug/3.1.3
2025-11-22 06:15:53 [INFO] [app.main] [Worker-22728] [1763788553981] Request body: {'body_type': 'Sedan', 'brand': 'Mercedes', 'fuel_type': 'Diesel', 'mileage': 30000, 'model': 'C-Class', 'transmission': 'Automatic', 'year': 'invalid'}
2025-11-22 06:15:53 [INFO] [app.main] [Worker-22728] [1763788553981] Price prediction requested for: Mercedes C-Class invalid
2025-11-22 06:15:53 [WARNING] [app.main] [Worker-22728] [1763788553981] Validation error in predict_price: Year must be an integer
2025-11-22 06:15:53 [INFO] [app.main] [Worker-22728] [1763788553981] Response: 400 Duration: 0.003s Size: 52 bytes
2025-11-22 06:15:54 [INFO] [app.main] [Worker-22728] [1763788554013] GET /api/cars from 127.0.0.1 User-Agent: Werkzeug/3.1.3
2025-11-22 06:15:54 [INFO] [app.main] [Worker-22728] [1763788554013] Fetching cars with filters: ImmutableMultiDict([('page', '999999')])
2025-11-22 06:15:54 [INFO] [app.main] [Worker-22728] [1763788554013] Found 0 cars, returning page 999999/0 with 0 items
2025-11-22 06:15:54 [INFO] [app.main] [Worker-22728] [1763788554013] Response: 200 Duration: 0.006s Size: 131 bytes
2025-11-22 06:15:54 [INFO] [app.main] [Worker-22728] [1763788554054] GET /api/cars from 127.0.0.1 User-Agent: Werkzeug/3.1.3
2025-11-22 06:15:54 [INFO] [app.main] [Worker-22728] [1763788554054] Fetching cars with filters: ImmutableMultiDict([('per_page', '2')])
2025-11-22 06:15:54 [INFO] [app.main] [Worker-22728] [1763788554054] Found 5 cars, returning page 1/3 with 2 items
2025-11-22 06:15:54 [INFO] [app.main] [Worker-22728] [1763788554054] Response: 200 Duration: 0.006s Size: 2452 bytes
2025-11-22 06:15:54 [INFO] [app.main] [Worker-22728] [1763788554087] GET /api/stats from 127.0.0.1 User-Agent: Werkzeug/3.1.3
2025-11-22 06:15:54 [INFO] [app.main] [Worker-22728] [1763788554087] Fetching market statistics
2025-11-22 06:15:54 [INFO] [app.main] [Worker-22728] [1763788554087] Statistics: 1 total cars
2025-11-22 06:15:54 [INFO] [app.main] [Worker-22728] [1763788554087] Response: 200 Duration: 0.016s Size: 217 bytes
2025-11-22 06:15:54 [INFO] [app.main] [Worker-22728] [1763788554129] GET /api/cars from 127.0.0.1 User-Agent: Werkzeug/3.1.3
2025-11-22 06:15:54 [INFO] [app.main] [Worker-22728] [1763788554129] Fetching cars with filters: ImmutableMultiDict([])
2025-11-22 06:15:54 [INFO] [app.main] [Worker-22728] [1763788554129] Found 0 cars, returning page 1/0 with 0 items
2025-11-22 06:15:54 [INFO] [app.main] [Worker-22728] [1763788554129] Response: 200 Duration: 0.006s Size: 127 bytes
2025-11-22 06:15:54 [INFO] [app.main] [Worker-22728] [1763788554163] GET /api/cars from 127.0.0.1 User-Agent: Werkzeug/3.1.3
2025-11-22 06:15:54 [INFO] [app.main] [Worker-22728] [1763788554163] Fetching cars with filters: ImmutableMultiDict([])
2025-11-22 06:15:54 [INFO] [app.main] [Worker-22728] [1763788554163] Found 0 cars, returning page 1/0 with 0 items
2025-11-22 06:15:54 [INFO] [app.main] [Worker-22728] [1763788554163] Response: 200 Duration: 0.006s Size: 127 bytes
2025-11-22 06:15:54 [INFO] [app.main] [Worker-22728] [1763788554200] GET /api/cars from 127.0.0.1 User-Agent: Werkzeug/3.1.3
2025-11-22 06:15:54 [INFO] [app.main] [Worker-22728] [1763788554200] Fetching cars with filters: ImmutableMultiDict([('page', '1'), ('per_page', '10')])
2025-11-22 06:15:54 [INFO] [app.main] [Worker-22728] [1763788554200] Found 0 cars, returning page 1/0 with 0 items
2025-11-22 06:15:54 [INFO] [app.main] [Worker-22728] [1763788554200] Response: 200 Duration: 0.006s Size: 127 bytes
2025-11-22 06:15:54 [INFO] [app.main] [Worker-22728] [1763788554230] GET /api/cars from 127.0.0.1 User-Agent: Werkzeug/3.1.3
2025-11-22 06:15:54 [INFO] [app.main] [Worker-22728] [1763788554230] Fetching cars with filters: ImmutableMultiDict([('brand', 'Toyota'), ('fuel_type', 'Benzin')])
2025-11-22 06:15:54 [INFO] [app.main] [Worker-22728] [1763788554230] Found 0 cars, returning page 1/0 with 0 items
2025-11-22 06:15:54 [INFO] [app.main] [Worker-22728] [1763788554230] Response: 200 Duration: 0.007s Size: 127 bytes
2025-11-22 06:15:54 [INFO] [app.main] [Worker-22728] [1763788554261] GET /api/cars from 127.0.0.1 User-Agent: Werkzeug/3.1.3
2025-11-22 06:15:54 [INFO] [app.main] [Worker-22728] [1763788554261] Fetching cars with filters: ImmutableMultiDict([('q', 'Toyota')])
2025-11-22 06:15:54 [INFO] [app.main] [Worker-22728] [1763788554261] Found 0 cars, returning page 1/0 with 0 items
2025-11-22 06:15:54 [INFO] [app.main] [Worker-22728] [1763788554261] Response: 200 Duration: 0.031s Size: 127 bytes
2025-11-22 06:15:54 [INFO] [app.main] [Worker-22728] [1763788554321] GET /api/cars from 127.0.0.1 User-Agent: Werkzeug/3.1.3
2025-11-22 06:15:54 [INFO] [app.main] [Worker-22728] [1763788554321] Fetching cars with filters: ImmutableMultiDict([('price_min', '100000'), ('price_max', '500000')])
2025-11-22 06:15:54 [INFO] [app.main] [Worker-22728] [1763788554321] Found 0 cars, returning page 1/0 with 0 items
2025-11-22 06:15:54 [INFO] [app.main] [Worker-22728] [1763788554321] Response: 200 Duration: 0.029s Size: 127 bytes
2025-11-22 06:15:54 [INFO] [app.main] [Worker-22728] [1763788554375] GET /api/cars from 127.0.0.1 User-Agent: Werkzeug/3.1.3
2025-11-22 06:15:54 [INFO] [app.main] [Worker-22728] [1763788554375] Fetching cars with filters: ImmutableMultiDict([('year_min', '2018'), ('year_max', '2022')])
2025-11-22 06:15:54 [INFO] [app.main] [Worker-22728] [1763788554375] Found 0 cars, returning page 1/0 with 0 items
2025-11-22 06:15:54 [INFO] [app.main] [Worker-22728] [1763788554375] Response: 200 Duration: 0.026s Size: 127 bytes
2025-11-22 06:15:54 [INFO] [app.main] [Worker-22728] [1763788554430] GET /api/cars/invalid-id-999999 from 127.0.0.1 User-Agent: Werkzeug/3.1.3
2025-11-22 06:15:54 [INFO] [app.main] [Worker-22728] [1763788554430] Fetching car with ID: invalid-id-999999
2025-11-22 06:15:54 [WARNING] [app.main] [Worker-22728] [1763788554430] 404 error: /api/cars/invalid-id-999999
2025-11-22 06:15:54 [INFO] [app.main] [Worker-22728] [1763788554430] Response: 404 Duration: 0.013s Size: 84 bytes
2025-11-22 06:15:54 [INFO] [app.main] [Worker-22728] [1763788554465] GET /api/cars/test-id from 127.0.0.1 User-Agent: Werkzeug/3.1.3
2025-11-22 06:15:54 [INFO] [app.main] [Worker-22728] [1763788554465] Fetching car with ID: test-id
2025-11-22 06:15:54 [WARNING] [app.main] [Worker-22728] [1763788554465] 404 error: /api/cars/test-id
2025-11-22 06:15:54 [INFO] [app.main] [Worker-22728] [1763788554465] Response: 404 Duration: 0.004s Size: 74 bytes
2025-11-22 06:15:54 [INFO] [app.main] [Worker-22728] [1763788554491] GET /api/brands from 127.0.0.1 User-Agent: Werkzeug/3.1.3
2025-11-22 06:15:54 [INFO] [app.main] [Worker-22728] [1763788554491] Fetching brands
2025-11-22 06:15:54 [INFO] [app.main] [Worker-22728] [1763788554491] Found 0 brands
2025-11-22 06:15:54 [INFO] [app.main] [Worker-22728] [1763788554491] Response: 200 Duration: 0.003s Size: 29 bytes
2025-11-22 06:15:54 [INFO] [app.main] [Worker-22728] [1763788554520] GET /api/brands from 127.0.0.1 User-Agent: Werkzeug/3.1.3
2025-11-22 06:15:54 [INFO] [app.main] [Worker-22728] [1763788554520] Fetching brands
2025-11-22 06:15:54 [INFO] [app.main] [Worker-22728] [1763788554520] Found 0 brands
2025-11-22 06:15:54 [INFO] [app.main] [Worker-22728] [1763788554520] Response: 200 Duration: 0.004s Size: 29 bytes
2025-11-22 06:15:54 [INFO] [app.main] [Worker-22728] [1763788554551] GET /api/brands from 127.0.0.1 User-Agent: Werkzeug/3.1.3
2025-11-22 06:15:54 [INFO] [app.main] [Worker-22728] [1763788554551] Fetching brands
2025-11-22 06:15:54 [INFO] [app.main] [Worker-22728] [1763788554551] Found 0 brands
2025-11-22 06:15:54 [INFO] [app.main] [Worker-22728] [1763788554551] Response: 200 Duration: 0.003s Size: 29 bytes
2025-11-22 06:15:54 [INFO] [app.main] [Worker-22728] [1763788554576] GET /api/filters from 127.0.0.1 User-Agent: Werkzeug/3.1.3
2025-11-22 06:15:54 [INFO] [app.main] [Worker-22728] [1763788554576] Fetching filter options
2025-11-22 06:15:54 [INFO] [app.main] [Worker-22728] [1763788554576] Retrieved all filter options successfully
2025-11-22 06:15:54 [INFO] [app.main] [Worker-22728] [1763788554576] Response: 200 Duration: 0.020s Size: 210 bytes
2025-11-22 06:15:54 [INFO] [app.main] [Worker-22728] [1763788554619] GET /api/filters from 127.0.0.1 User-Agent: Werkzeug/3.1.3
2025-11-22 06:15:54 [INFO] [app.main] [Worker-22728] [1763788554619] Fetching filter options
2025-11-22 06:15:54 [INFO] [app.main] [Worker-22728] [1763788554619] Retrieved all filter options successfully
2025-11-22 06:15:54 [INFO] [app.main] [Worker-22728] [1763788554619] Response: 200 Duration: 0.007s Size: 210 bytes
2025-11-22 06:15:54 [INFO] [app.main] [Worker-22728] [1763788554654] GET /api/filters from 127.0.0.1 User-Agent: Werkzeug/3.1.3
2025-11-22 06:15:54 [INFO] [app.main] [Worker-22728] [1763788554654] Fetching filter options
2025-11-22 06:15:54 [INFO] [app.main] [Worker-22728] [1763788554654] Retrieved all filter options successfully
2025-11-22 06:15:54 [INFO] [app.main] [Worker-22728] [1763788554654] Response: 200 Duration: 0.007s Size: 210 bytes
2025-11-22 06:15:54 [INFO] [app.main] [Worker-22728] [1763788554685] GET /api/predict from 127.0.0.1 User-Agent: Werkzeug/3.1.3
2025-11-22 06:15:54 [WARNING] [app.main] [Worker-22728] [1763788554685] 405 error: GET /api/predict
2025-11-22 06:15:54 [INFO] [app.main] [Worker-22728] [1763788554685] Response: 405 Duration: 0.001s Size: 84 bytes
2025-11-22 06:15:54 [INFO] [app.main] [Worker-22728] [1763788554709] POST /api/predict from 127.0.0.1 User-Agent: Werkzeug/3.1.3
2025-11-22 06:15:54 [INFO] [app.main] [Worker-22728] [1763788554709] Request body: {'brand': 'Toyota', 'model': 'Camry', 'year': 2020, 'mileage': 50000, 'fuel_type': 'Benzin', 'transmission': 'Automatisk', 'body_type': 'Sedan', 'horsepower': 200, 'engine_size': 2.5, 'doors': 4, 'color': 'Black'}
2025-11-22 06:15:54 [INFO] [app.main] [Worker-22728] [1763788554709] Price prediction requested for: Toyota Camry 2020
2025-11-22 06:15:54 [INFO] [app.main] [Worker-22728] [1763788554709] Prediction completed in 0.000s: 136601.59 DKK (confidence: 87.0%)
2025-11-22 06:15:54 [INFO] [app.main] [Worker-22728] [1763788554709] Response: 200 Duration: 0.006s Size: 396 bytes
2025-11-22 06:15:54 [INFO] [app.main] [Worker-22728] [1763788554743] POST /api/predict from 127.0.0.1 User-Agent: Werkzeug/3.1.3
2025-11-22 06:15:54 [WARNING] [app.main] [Worker-22728] [1763788554743] Validation error in predict_price: Request body must be valid JSON
2025-11-22 06:15:54 [INFO] [app.main] [Worker-22728] [1763788554743] Response: 400 Duration: 0.001s Size: 60 bytes
2025-11-22 06:15:54 [INFO] [app.main] [Worker-22728] [1763788554767] POST /api/predict from 127.0.0.1 User-Agent: Werkzeug/3.1.3
2025-11-22 06:15:54 [WARNING] [app.main] [Worker-22728] [1763788554767] Validation error in predict_price: Missing required fields: brand, model, year, mileage, fuel_type, transmission, body_type
2025-11-22 06:15:54 [INFO] [app.main] [Worker-22728] [1763788554767] Response: 400 Duration: 0.002s Size: 117 bytes
2025-11-22 06:15:54 [INFO] [app.main] [Worker-22728] [1763788554794] GET /api/health from 127.0.0.1 User-Agent: Werkzeug/3.1.3
2025-11-22 06:15:54 [WARNING] [app.main] [Worker-22728] [1763788554794] 404 error: /api/health
2025-11-22 06:15:54 [INFO] [app.main] [Worker-22728] [1763788554794] Response: 404 Duration: 0.001s Size: 68 bytes
2025-11-22 06:15:54 [INFO] [app.main] [Worker-22728] [1763788554820] GET /api/models from 127.0.0.1 User-Agent: Werkzeug/3.1.3
2025-11-22 06:15:54 [WARNING] [app.main] [Worker-22728] [1763788554820] 404 error: /api/models
2025-11-22 06:15:54 [INFO] [app.main] [Worker-22728] [1763788554820] Response: 404 Duration: 0.001s Size: 68 bytes
2025-11-22 06:15:54 [INFO] [app.main] [Worker-22728] [1763788554845] GET /api/models from 127.0.0.1 User-Agent: Werkzeug/3.1.3
2025-11-22 06:15:54 [WARNING] [app.main] [Worker-22728] [1763788554845] 404 error: /api/models
2025-11-22 06:15:54 [INFO] [app.main] [Worker-22728] [1763788554845] Response: 404 Duration: 0.002s Size: 68 bytes
2025-11-22 06:15:54 [INFO] [app.main] [Worker-22728] [1763788554870] GET /api/models from 127.0.0.1 User-Agent: Werkzeug/3.1.3
2025-11-22 06:15:54 [WARNING] [app.main] [Worker-22728] [1763788554870] 404 error: /api/models
2025-11-22 06:15:54 [INFO] [app.main] [Worker-22728] [1763788554870] Response: 404 Duration: 0.001s Size: 68 bytes
2025-11-22 06:15:54 [INFO] [app.main] [Worker-22728] [1763788554898] GET /api/stats from 127.0.0.1 User-Agent: Werkzeug/3.1.3
2025-11-22 06:15:54 [INFO] [app.main] [Worker-22728] [1763788554898] Fetching market statistics
2025-11-22 06:15:54 [INFO] [app.main] [Worker-22728] [1763788554898] Statistics: 0 total cars
2025-11-22 06:15:54 [INFO] [app.main] [Worker-22728] [1763788554898] Response: 200 Duration: 0.007s Size: 136 bytes
2025-11-22 06:15:54 [INFO] [app.main] [Worker-22728] [1763788554927] GET /api/stats from 127.0.0.1 User-Agent: Werkzeug/3.1.3
2025-11-22 06:15:54 [INFO] [app.main] [Worker-22728] [1763788554927] Fetching market statistics
2025-11-22 06:15:54 [INFO] [app.main] [Worker-22728] [1763788554927] Statistics: 0 total cars
2025-11-22 06:15:54 [INFO] [app.main] [Worker-22728] [1763788554927] Response: 200 Duration: 0.008s Size: 136 bytes
2025-11-22 06:15:54 [INFO] [app.main] [Worker-22728] [1763788554962] GET /api/queue/status from 127.0.0.1 User-Agent: Werkzeug/3.1.3
2025-11-22 06:15:54 [WARNING] [app.main] [Worker-22728] [1763788554962] 404 error: /api/queue/status
2025-11-22 06:15:54 [INFO] [app.main] [Worker-22728] [1763788554962] Response: 404 Duration: 0.001s Size: 74 bytes
2025-11-22 06:15:54 [INFO] [app.main] [Worker-22728] [1763788554987] GET /api/queue/job/test-job-123 from 127.0.0.1 User-Agent: Werkzeug/3.1.3
2025-11-22 06:15:54 [WARNING] [app.main] [Worker-22728] [1763788554987] 404 error: /api/queue/job/test-job-123
2025-11-22 06:15:54 [INFO] [app.main] [Worker-22728] [1763788554987] Response: 404 Duration: 0.000s Size: 84 bytes
2025-11-22 06:15:55 [INFO] [app.main] [Worker-22728] [1763788555017] GET /api/nonexistent-endpoint from 127.0.0.1 User-Agent: Werkzeug/3.1.3
2025-11-22 06:15:55 [WARNING] [app.main] [Worker-22728] [1763788555017] 404 error: /api/nonexistent-endpoint
2025-11-22 06:15:55 [INFO] [app.main] [Worker-22728] [1763788555017] Response: 404 Duration: 0.002s Size: 82 bytes
2025-11-22 06:15:55 [INFO] [app.main] [Worker-22728] [1763788555041] POST /api/predict from 127.0.0.1 User-Agent: Werkzeug/3.1.3
2025-11-22 06:15:55 [WARNING] [app.main] [Worker-22728] [1763788555041] Validation error in predict_price: Request body must be valid JSON
2025-11-22 06:15:55 [INFO] [app.main] [Worker-22728] [1763788555041] Response: 400 Duration: 0.001s Size: 60 bytes
2025-11-22 06:15:55 [INFO] [app.main] [Worker-22728] [1763788555071] POST /api/predict from 127.0.0.1 User-Agent: Werkzeug/3.1.3
2025-11-22 06:15:55 [WARNING] [app.main] [Worker-22728] [1763788555071] Validation error in predict_price: Request body must be valid JSON
2025-11-22 06:15:55 [INFO] [app.main] [Worker-22728] [1763788555071] Response: 400 Duration: 0.002s Size: 60 bytes
2025-11-22 06:15:55 [INFO] [app.main] [Worker-22728] [1763788555101] PUT /api/cars/0caff2a9-54a3-4ebe-a449-c2f8e8a7e2d3 from 127.0.0.1 User-Agent: Werkzeug/3.1.3
2025-11-22 06:15:55 [INFO] [app.main] [Worker-22728] [1763788555101] Request body: {'mileage': 60000, 'price': 300000.0}
2025-11-22 06:15:55 [WARNING] [app.main] [Worker-22728] [1763788555101] 405 error: PUT /api/cars/0caff2a9-54a3-4ebe-a449-c2f8e8a7e2d3
2025-11-22 06:15:55 [INFO] [app.main] [Worker-22728] [1763788555101] Response: 405 Duration: 0.002s Size: 118 bytes
2025-11-22 06:15:55 [INFO] [app.main] [Worker-22728] [1763788555135] DELETE /api/cars/e8ab74ec-d746-4f55-916e-935b11a0d957 from 127.0.0.1 User-Agent: Werkzeug/3.1.3
2025-11-22 06:15:55 [WARNING] [app.main] [Worker-22728] [1763788555135] 405 error: DELETE /api/cars/e8ab74ec-d746-4f55-916e-935b11a0d957
2025-11-22 06:15:55 [INFO] [app.main] [Worker-22728] [1763788555135] Response: 405 Duration: 0.002s Size: 121 bytes
2025-11-22 06:15:55 [INFO] [app.main] [Worker-22728] [1763788555166] POST /api/predict from 127.0.0.1 User-Agent: Werkzeug/3.1.3
2025-11-22 06:15:55 [INFO] [app.main] [Worker-22728] [1763788555166] Request body: {'body_type': 'Hatchback', 'brand': 'Volkswagen', 'engine_size': 1.4, 'fuel_type': 'Benzin', 'horsepower': 150, 'mileage': 40000, 'model': 'Golf', 'transmission': 'Manual', 'year': 2019}
2025-11-22 06:15:55 [INFO] [app.main] [Worker-22728] [1763788555166] Price prediction requested for: Volkswagen Golf 2019
2025-11-22 06:15:55 [INFO] [app.main] [Worker-22728] [1763788555166] Prediction completed in 0.001s: 105764.6 DKK (confidence: 87.0%)
2025-11-22 06:15:55 [INFO] [app.main] [Worker-22728] [1763788555166] Response: 200 Duration: 0.006s Size: 373 bytes
2025-11-22 06:15:55 [INFO] [app.main] [Worker-22728] [1763788555201] POST /api/predict from 127.0.0.1 User-Agent: Werkzeug/3.1.3
2025-11-22 06:15:55 [INFO] [app.main] [Worker-22728] [1763788555201] Request body: {'body_type': 'Stationcar', 'brand': 'Ford', 'doors': 5, 'fuel_type': 'Diesel', 'horsepower': 120, 'mileage': 70000, 'model': 'Focus', 'seats': 5, 'transmission': 'Automatic', 'year': 2018}
2025-11-22 06:15:55 [INFO] [app.main] [Worker-22728] [1763788555201] Price prediction requested for: Ford Focus 2018
2025-11-22 06:15:55 [INFO] [app.main] [Worker-22728] [1763788555201] Prediction completed in 0.000s: 75874.62 DKK (confidence: 85.0%)
2025-11-22 06:15:55 [INFO] [app.main] [Worker-22728] [1763788555201] Response: 200 Duration: 0.005s Size: 372 bytes
2025-11-22 06:15:55 [INFO] [app.main] [Worker-22728] [1763788555236] POST /api/predict from 127.0.0.1 User-Agent: Werkzeug/3.1.3
2025-11-22 06:15:55 [INFO] [app.main] [Worker-22728] [1763788555236] Request body: {'body_type': 'Hatchback', 'brand': 'Audi', 'engine_size': 'not_a_number', 'fuel_type': 'Diesel', 'mileage': 30000, 'model': 'A3', 'transmission': 'Automatic', 'year': 2020}
2025-11-22 06:15:55 [INFO] [app.main] [Worker-22728] [1763788555236] Price prediction requested for: Audi A3 2020
2025-11-22 06:15:55 [WARNING] [app.main] [Worker-22728] [1763788555236] Validation error in predict_price: engine_size must be numeric
2025-11-22 06:15:55 [INFO] [app.main] [Worker-22728] [1763788555236] Response: 400 Duration: 0.003s Size: 56 bytes
2025-11-22 06:15:55 [INFO] [app.main] [Worker-22728] [1763788555267] POST /api/predict from 127.0.0.1 User-Agent: Werkzeug/3.1.3
2025-11-22 06:15:55 [INFO] [app.main] [Worker-22728] [1763788555267] Request body: {'body_type': 'Hatchback', 'brand': 'Seat', 'fuel_type': 'Benzin', 'horsepower': 'invalid', 'mileage': 50000, 'model': 'Leon', 'transmission': 'Manual', 'year': 2019}
2025-11-22 06:15:55 [INFO] [app.main] [Worker-22728] [1763788555267] Price prediction requested for: Seat Leon 2019
2025-11-22 06:15:55 [WARNING] [app.main] [Worker-22728] [1763788555267] Validation error in predict_price: horsepower must be an integer
2025-11-22 06:15:55 [INFO] [app.main] [Worker-22728] [1763788555267] Response: 400 Duration: 0.002s Size: 58 bytes
2025-11-22 06:15:55 [INFO] [app.main] [Worker-22728] [1763788555297] POST /api/predict from 127.0.0.1 User-Agent: Werkzeug/3.1.3
2025-11-22 06:15:55 [INFO] [app.main] [Worker-22728] [1763788555297] Request body: {'body_type': 'Sedan', 'brand': 'Skoda', 'fuel_type': 'Diesel', 'mileage': 20000, 'model': 'Octavia', 'transmission': 'Automatic', 'year': 2020}
2025-11-22 06:15:55 [INFO] [app.main] [Worker-22728] [1763788555297] Price prediction requested for: Skoda Octavia 2020
2025-11-22 06:15:55 [INFO] [app.main] [Worker-22728] [1763788555297] Prediction completed in 0.000s: 104229.18 DKK (confidence: 82.0%)
2025-11-22 06:15:55 [INFO] [app.main] [Worker-22728] [1763788555297] Response: 200 Duration: 0.005s Size: 335 bytes
2025-11-22 06:15:55 [INFO] [app.main] [Worker-22728] [1763788555331] POST /api/predict from 127.0.0.1 User-Agent: Werkzeug/3.1.3
2025-11-22 06:15:55 [INFO] [app.main] [Worker-22728] [1763788555331] Request body: {'body_type': 'Hatchback', 'brand': 'Renault', 'fuel_type': 'Benzin', 'mileage': 45000, 'model': 'Clio', 'transmission': 'Manual', 'year': 2019}
2025-11-22 06:15:55 [INFO] [app.main] [Worker-22728] [1763788555331] Price prediction requested for: Renault Clio 2019
2025-11-22 06:15:55 [INFO] [app.main] [Worker-22728] [1763788555331] Queued prediction job 4047db0e-eab8-428d-9cb0-131684af88c4 (mode=client_force_queue, priority=100, position=0)
2025-11-22 06:15:55 [INFO] [app.main] [Worker-22728] [1763788555331] Response: 202 Duration: 0.016s Size: 403 bytes
2025-11-22 06:15:55 [INFO] [app.main] [Worker-22728] [1763788555381] GET /api/cars/nonexistent-id-12345 from 127.0.0.1 User-Agent: Werkzeug/3.1.3
2025-11-22 06:15:55 [INFO] [app.main] [Worker-22728] [1763788555381] Fetching car with ID: nonexistent-id-12345
2025-11-22 06:15:55 [WARNING] [app.main] [Worker-22728] [1763788555381] 404 error: /api/cars/nonexistent-id-12345
2025-11-22 06:15:55 [INFO] [app.main] [Worker-22728] [1763788555381] Response: 404 Duration: 0.004s Size: 87 bytes
2025-11-22 06:15:55 [INFO] [app.main] [Worker-22728] [1763788555413] POST /api/cars from 127.0.0.1 User-Agent: Werkzeug/3.1.3
2025-11-22 06:15:55 [INFO] [app.main] [Worker-22728] [1763788555413] Request body: {'body_type': 'Hatchback', 'brand': 'Peugeot', 'color': 'Blue', 'dealer_name': 'Test Dealer', 'doors': 5, 'engine_size': 1.2, 'fuel_type': 'Benzin', 'horsepower': 100, 'location': 'Aarhus', 'mileage': 15000, 'model': '208', 'price': 180000.0, 'seats': 5, 'transmission': 'Automatic', 'year': 2021}
2025-11-22 06:15:55 [INFO] [app.main] [Worker-22728] [1763788555413] Creating new car: Peugeot 208
2025-11-22 06:15:55 [INFO] [app.main] [Worker-22728] [1763788555413] Successfully created car with ID: 5a8aaa79-cfee-47d3-9b3a-bb82bb9df382
2025-11-22 06:15:55 [INFO] [app.main] [Worker-22728] [1763788555413] Response: 201 Duration: 0.008s Size: 1227 bytes
2025-11-22 06:15:55 [INFO] [app.main] [Worker-22728] [1763788555455] GET /api/cars from 127.0.0.1 User-Agent: Werkzeug/3.1.3
2025-11-22 06:15:55 [INFO] [app.main] [Worker-22728] [1763788555455] Fetching cars with filters: ImmutableMultiDict([('brand', 'Toyota'), ('model', 'Camry'), ('fuel_type', 'Benzin'), ('transmission', 'Automatisk'), ('body_type', 'Sedan'), ('min_year', '2015'), ('max_year', '2025'), ('min_price', '100000'), ('max_price', '500000'), ('min_mileage', '0'), ('max_mileage', '100000'), ('page', '1'), ('per_page', '10'), ('sort_by', 'price'), ('sort_order', 'asc')])
2025-11-22 06:15:55 [INFO] [app.main] [Worker-22728] [1763788555455] Found 1 cars, returning page 1/1 with 1 items
2025-11-22 06:15:55 [INFO] [app.main] [Worker-22728] [1763788555455] Response: 200 Duration: 0.032s Size: 1290 bytes
2025-11-22 06:15:55 [INFO] [app.main] [Worker-22728] [1763788555528] POST /api/predict from 127.0.0.1 User-Agent: Werkzeug/3.1.3
2025-11-22 06:15:55 [INFO] [app.main] [Worker-22728] [1763788555528] Request body: {'body_type': 'Hatchback', 'brand': 'Citroen', 'fuel_type': 'Diesel', 'mileage': 'lots', 'model': 'C3', 'transmission': 'Manual', 'year': 2019}
2025-11-22 06:15:55 [INFO] [app.main] [Worker-22728] [1763788555528] Price prediction requested for: Citroen C3 2019
2025-11-22 06:15:55 [WARNING] [app.main] [Worker-22728] [1763788555528] Validation error in predict_price: Mileage must be an integer
2025-11-22 06:15:55 [INFO] [app.main] [Worker-22728] [1763788555528] Response: 400 Duration: 0.005s Size: 55 bytes
2025-11-22 06:15:55 [INFO] [app.main] [Worker-22728] [1763788555576] GET /api/brands from 127.0.0.1 User-Agent: Werkzeug/3.1.3
2025-11-22 06:15:55 [INFO] [app.main] [Worker-22728] [1763788555576] Fetching brands
2025-11-22 06:15:55 [INFO] [app.main] [Worker-22728] [1763788555576] Found 1 brands
2025-11-22 06:15:55 [INFO] [app.main] [Worker-22728] [1763788555576] Response: 200 Duration: 0.005s Size: 56 bytes
2025-11-22 06:15:55 [INFO] [app.main] [Worker-22728] [1763788555616] GET /api/models from 127.0.0.1 User-Agent: Werkzeug/3.1.3
2025-11-22 06:15:55 [WARNING] [app.main] [Worker-22728] [1763788555616] 404 error: /api/models
2025-11-22 06:15:55 [INFO] [app.main] [Worker-22728] [1763788555616] Response: 404 Duration: 0.003s Size: 68 bytes
2025-11-22 06:15:55 [INFO] [app.main] [Worker-22728] [1763788555651] GET /api/filters from 127.0.0.1 User-Agent: Werkzeug/3.1.3
2025-11-22 06:15:55 [INFO] [app.main] [Worker-22728] [1763788555651] Fetching filter options
2025-11-22 06:15:55 [INFO] [app.main] [Worker-22728] [1763788555651] Retrieved all filter options successfully
2025-11-22 06:15:55 [INFO] [app.main] [Worker-22728] [1763788555651] Response: 200 Duration: 0.008s Size: 339 bytes
2025-11-22 06:15:55 [INFO] [app.main] [Worker-22728] [1763788555687] GET /api/cars from 127.0.0.1 User-Agent: Werkzeug/3.1.3
2025-11-22 06:15:55 [INFO] [app.main] [Worker-22728] [1763788555687] Fetching cars with filters: ImmutableMultiDict([('search', 'Toy')])
2025-11-22 06:15:55 [INFO] [app.main] [Worker-22728] [1763788555687] Found 1 cars, returning page 1/1 with 1 items
2025-11-22 06:15:55 [INFO] [app.main] [Worker-22728] [1763788555687] Response: 200 Duration: 0.006s Size: 1290 bytes
2025-11-22 06:15:55 [INFO] [app.main] [Worker-22728] [1763788555722] POST /api/predict from 127.0.0.1 User-Agent: Werkzeug/3.1.3
2025-11-22 06:15:55 [INFO] [app.main] [Worker-22728] [1763788555722] Request body: {'body_type': 'SUV', 'brand': 'Mazda', 'color': 'Red', 'doors': 5, 'engine_size': 2.0, 'fuel_type': 'Benzin', 'horsepower': 165, 'mileage': 25000, 'model': 'CX-5', 'seats': 5, 'transmission': 'Automatic', 'year': 2021}
2025-11-22 06:15:55 [INFO] [app.main] [Worker-22728] [1763788555722] Price prediction requested for: Mazda CX-5 2021
2025-11-22 06:15:55 [INFO] [app.main] [Worker-22728] [1763788555722] Prediction completed in 0.001s: 170278.62 DKK (confidence: 87.0%)
2025-11-22 06:15:55 [INFO] [app.main] [Worker-22728] [1763788555722] Response: 200 Duration: 0.004s Size: 400 bytes
2025-11-22 06:15:55 [INFO] [app.main] [Worker-22728] [1763788555755] POST /api/cars from 127.0.0.1 User-Agent: Werkzeug/3.1.3
2025-11-22 06:15:55 [INFO] [app.main] [Worker-22728] [1763788555755] Request body: {'body_type': 'Hatchback', 'brand': 'Hyundai', 'fuel_type': 'Diesel', 'mileage': 60000, 'model': 'i30', 'price': 140000.0, 'transmission': 'Manual', 'year': 2019}
2025-11-22 06:15:55 [INFO] [app.main] [Worker-22728] [1763788555755] Creating new car: Hyundai i30
2025-11-22 06:15:55 [INFO] [app.main] [Worker-22728] [1763788555755] Successfully created car with ID: 9410629b-795c-4333-b0bf-17b6e44ddaa5
2025-11-22 06:15:55 [INFO] [app.main] [Worker-22728] [1763788555755] Response: 201 Duration: 0.010s Size: 1217 bytes
2025-11-22 06:15:55 [INFO] [app.main] [Worker-22728] [1763788555793] GET /api/cars from 127.0.0.1 User-Agent: Werkzeug/3.1.3
2025-11-22 06:15:55 [INFO] [app.main] [Worker-22728] [1763788555793] Fetching cars with filters: ImmutableMultiDict([('min_price', '100000')])
2025-11-22 06:15:55 [INFO] [app.main] [Worker-22728] [1763788555793] Found 1 cars, returning page 1/1 with 1 items
2025-11-22 06:15:55 [INFO] [app.main] [Worker-22728] [1763788555793] Response: 200 Duration: 0.004s Size: 1290 bytes
2025-11-22 06:15:55 [INFO] [app.main] [Worker-22728] [1763788555798] GET /api/cars from 127.0.0.1 User-Agent: Werkzeug/3.1.3
2025-11-22 06:15:55 [INFO] [app.main] [Worker-22728] [1763788555798] Fetching cars with filters: ImmutableMultiDict([('max_price', '500000')])
2025-11-22 06:15:55 [INFO] [app.main] [Worker-22728] [1763788555798] Found 1 cars, returning page 1/1 with 1 items
2025-11-22 06:15:55 [INFO] [app.main] [Worker-22728] [1763788555798] Response: 200 Duration: 0.005s Size: 1290 bytes
2025-11-22 06:15:55 [INFO] [app.main] [Worker-22728] [1763788555831] GET /api/cars from 127.0.0.1 User-Agent: Werkzeug/3.1.3
2025-11-22 06:15:55 [INFO] [app.main] [Worker-22728] [1763788555831] Fetching cars with filters: ImmutableMultiDict([('min_year', '2015')])
2025-11-22 06:15:55 [INFO] [app.main] [Worker-22728] [1763788555831] Found 1 cars, returning page 1/1 with 1 items
2025-11-22 06:15:55 [INFO] [app.main] [Worker-22728] [1763788555831] Response: 200 Duration: 0.006s Size: 1290 bytes
2025-11-22 06:15:55 [INFO] [app.main] [Worker-22728] [1763788555838] GET /api/cars from 127.0.0.1 User-Agent: Werkzeug/3.1.3
2025-11-22 06:15:55 [INFO] [app.main] [Worker-22728] [1763788555838] Fetching cars with filters: ImmutableMultiDict([('max_year', '2025')])
2025-11-22 06:15:55 [INFO] [app.main] [Worker-22728] [1763788555838] Found 1 cars, returning page 1/1 with 1 items
2025-11-22 06:15:55 [INFO] [app.main] [Worker-22728] [1763788555838] Response: 200 Duration: 0.004s Size: 1290 bytes
2025-11-22 06:15:55 [INFO] [app.main] [Worker-22728] [1763788555869] GET /api/health from 127.0.0.1 User-Agent: Werkzeug/3.1.3
2025-11-22 06:15:55 [WARNING] [app.main] [Worker-22728] [1763788555869] 404 error: /api/health
2025-11-22 06:15:55 [INFO] [app.main] [Worker-22728] [1763788555869] Response: 404 Duration: 0.002s Size: 68 bytes
2025-11-22 06:15:55 [INFO] [app.main] [Worker-22728] [1763788555900] GET /api/cars from 127.0.0.1 User-Agent: Werkzeug/3.1.3
2025-11-22 06:15:55 [INFO] [app.main] [Worker-22728] [1763788555900] Fetching cars with filters: ImmutableMultiDict([('min_mileage', '10000'), ('max_mileage', '100000')])
2025-11-22 06:15:55 [INFO] [app.main] [Worker-22728] [1763788555900] Found 1 cars, returning page 1/1 with 1 items
2025-11-22 06:15:55 [INFO] [app.main] [Worker-22728] [1763788555900] Response: 200 Duration: 0.005s Size: 1290 bytes
2025-11-22 06:15:55 [INFO] [app.main] [Worker-22728] [1763788555959] GET /api/cars from 127.0.0.1 User-Agent: Werkzeug/3.1.3
2025-11-22 06:15:55 [INFO] [app.main] [Worker-22728] [1763788555959] Fetching cars with filters: ImmutableMultiDict([('sort_by', 'price'), ('sort_order', 'asc')])
2025-11-22 06:15:55 [INFO] [app.main] [Worker-22728] [1763788555959] Found 3 cars, returning page 1/1 with 3 items
2025-11-22 06:15:55 [INFO] [app.main] [Worker-22728] [1763788555959] Response: 200 Duration: 0.016s Size: 3618 bytes
2025-11-22 06:15:56 [INFO] [app.main] [Worker-22728] [1763788556012] POST /api/predict from 127.0.0.1 User-Agent: Werkzeug/3.1.3
2025-11-22 06:15:56 [INFO] [app.main] [Worker-22728] [1763788556012] Request body: {'body_type': 'Hatchback', 'brand': 'Kia', 'fuel_type': 'Diesel', 'mileage': 35000, 'model': 'Ceed', 'transmission': 'Manual', 'year': 2020}
2025-11-22 06:15:56 [INFO] [app.main] [Worker-22728] [1763788556012] Price prediction requested for: Kia Ceed 2020
2025-11-22 06:15:56 [INFO] [app.main] [Worker-22728] [1763788556012] Prediction completed in 0.000s: 81570.67 DKK (confidence: 82.0%)
2025-11-22 06:15:56 [INFO] [app.main] [Worker-22728] [1763788556012] Response: 200 Duration: 0.006s Size: 330 bytes
2025-11-22 06:15:56 [INFO] [app.main] [Worker-22728] [1763788556049] POST /api/predict from 127.0.0.1 User-Agent: Werkzeug/3.1.3
2025-11-22 06:15:56 [INFO] [app.main] [Worker-22728] [1763788556049] Request body: {'body_type': 'SUV', 'brand': 'Nissan', 'fuel_type': 'Diesel', 'mileage': 50000, 'model': 'Qashqai', 'transmission': 'Automatic', 'year': 2019}
2025-11-22 06:15:56 [INFO] [app.main] [Worker-22728] [1763788556049] Price prediction requested for: Nissan Qashqai 2019
2025-11-22 06:15:56 [INFO] [app.main] [Worker-22728] [1763788556049] Prediction completed in 0.000s: 110120.4 DKK (confidence: 82.0%)
2025-11-22 06:15:56 [INFO] [app.main] [Worker-22728] [1763788556049] Response: 200 Duration: 0.007s Size: 333 bytes
2025-11-22 06:15:56 [INFO] [app.main] [Worker-22728] [1763788556091] GET /api/cars from 127.0.0.1 User-Agent: Werkzeug/3.1.3
2025-11-22 06:15:56 [INFO] [app.main] [Worker-22728] [1763788556091] Fetching cars with filters: ImmutableMultiDict([('model', 'Camry')])
2025-11-22 06:15:56 [INFO] [app.main] [Worker-22728] [1763788556091] Found 1 cars, returning page 1/1 with 1 items
2025-11-22 06:15:56 [INFO] [app.main] [Worker-22728] [1763788556091] Response: 200 Duration: 0.031s Size: 1290 bytes
2025-11-22 06:15:56 [INFO] [app.main] [Worker-22728] [1763788556155] GET /api/cars from 127.0.0.1 User-Agent: Werkzeug/3.1.3
2025-11-22 06:15:56 [INFO] [app.main] [Worker-22728] [1763788556155] Fetching cars with filters: ImmutableMultiDict([('location', 'Copenhagen')])
2025-11-22 06:15:56 [INFO] [app.main] [Worker-22728] [1763788556155] Found 1 cars, returning page 1/1 with 1 items
2025-11-22 06:15:56 [INFO] [app.main] [Worker-22728] [1763788556155] Response: 200 Duration: 0.033s Size: 1290 bytes
2025-11-22 06:15:56 [INFO] [app.main] [Worker-22728] [1763788556228] GET /api/cars from 127.0.0.1 User-Agent: Werkzeug/3.1.3
2025-11-22 06:15:56 [INFO] [app.main] [Worker-22728] [1763788556228] Fetching cars with filters: ImmutableMultiDict([('sort_by', 'year'), ('sort_order', 'desc')])
2025-11-22 06:15:56 [INFO] [app.main] [Worker-22728] [1763788556228] Found 3 cars, returning page 1/1 with 3 items
2025-11-22 06:15:56 [INFO] [app.main] [Worker-22728] [1763788556228] Response: 200 Duration: 0.025s Size: 3618 bytes
2025-11-22 06:15:56 [INFO] [app.main] [Worker-22728] [1763788556306] GET /api/cars from 127.0.0.1 User-Agent: Werkzeug/3.1.3
2025-11-22 06:15:56 [INFO] [app.main] [Worker-22728] [1763788556306] Fetching cars with filters: ImmutableMultiDict([('sort_by', 'mileage'), ('sort_order', 'asc')])
2025-11-22 06:15:56 [INFO] [app.main] [Worker-22728] [1763788556306] Found 3 cars, returning page 1/1 with 3 items
2025-11-22 06:15:56 [INFO] [app.main] [Worker-22728] [1763788556306] Response: 200 Duration: 0.016s Size: 3618 bytes
2025-11-22 06:15:56 [INFO] [app.main] [Worker-22728] [1763788556358] GET /api/cars from 127.0.0.1 User-Agent: Werkzeug/3.1.3
2025-11-22 06:15:56 [INFO] [app.main] [Worker-22728] [1763788556358] Fetching cars with filters: ImmutableMultiDict([('max_mileage', '100000')])
2025-11-22 06:15:56 [INFO] [app.main] [Worker-22728] [1763788556358] Found 1 cars, returning page 1/1 with 1 items
2025-11-22 06:15:56 [INFO] [app.main] [Worker-22728] [1763788556358] Response: 200 Duration: 0.007s Size: 1290 bytes
2025-11-22 06:15:56 [INFO] [app.main] [Worker-22728] [1763788556400] GET /api/cars from 127.0.0.1 User-Agent: Werkzeug/3.1.3
2025-11-22 06:15:56 [INFO] [app.main] [Worker-22728] [1763788556400] Fetching cars with filters: ImmutableMultiDict([('min_mileage', '10000')])
2025-11-22 06:15:56 [INFO] [app.main] [Worker-22728] [1763788556400] Found 1 cars, returning page 1/1 with 1 items
2025-11-22 06:15:56 [INFO] [app.main] [Worker-22728] [1763788556400] Response: 200 Duration: 0.006s Size: 1290 bytes
2025-11-22 06:15:56 [INFO] [app.main] [Worker-22728] [1763788556436] POST /api/predict from 127.0.0.1 User-Agent: Werkzeug/3.1.3
2025-11-22 06:15:56 [INFO] [app.main] [Worker-22728] [1763788556436] Request body: {'body_type': 'Sedan', 'brand': 'Honda', 'fuel_type': 'Benzin', 'mileage': 40000, 'model': 'Civic', 'transmission': 'Manual', 'year': 2020}
2025-11-22 06:15:56 [INFO] [app.main] [Worker-22728] [1763788556436] Price prediction requested for: Honda Civic 2020
2025-11-22 06:15:56 [INFO] [app.main] [Worker-22728] [1763788556436] Prediction completed in 0.000s: 102039.62 DKK (confidence: 82.0%)
2025-11-22 06:15:56 [INFO] [app.main] [Worker-22728] [1763788556436] Response: 200 Duration: 0.005s Size: 330 bytes
2025-11-22 06:15:56 [INFO] [app.main] [Worker-22728] [1763788556473] GET /api/cars from 127.0.0.1 User-Agent: Werkzeug/3.1.3
2025-11-22 06:15:56 [INFO] [app.main] [Worker-22728] [1763788556473] Fetching cars with filters: ImmutableMultiDict([('brand', 'Toyota'), ('model', 'Camry'), ('fuel_type', 'Benzin'), ('transmission', 'Automatisk'), ('body_type', 'Sedan'), ('location', 'Aarhus'), ('min_year', '2015'), ('max_year', '2025')])
2025-11-22 06:15:56 [INFO] [app.main] [Worker-22728] [1763788556473] Found 1 cars, returning page 1/1 with 1 items
2025-11-22 06:15:56 [INFO] [app.main] [Worker-22728] [1763788556473] Response: 200 Duration: 0.034s Size: 1286 bytes
2025-11-22 06:15:56 [INFO] [app.main] [Worker-22728] [1763788556538] POST /api/cars from 127.0.0.1 User-Agent: Werkzeug/3.1.3
2025-11-22 06:15:56 [INFO] [app.main] [Worker-22728] [1763788556538] Request body: {'body_type': 'Sedan', 'brand': 'Subaru', 'fuel_type': 'Benzin', 'mileage': 55000, 'model': 'Impreza', 'price': 'expensive', 'transmission': 'Manual', 'year': 2019}
2025-11-22 06:15:56 [INFO] [app.main] [Worker-22728] [1763788556538] Creating new car: Subaru Impreza
2025-11-22 06:15:56 [WARNING] [app.main] [Worker-22728] [1763788556538] Validation error in create_car: Price must be a number
2025-11-22 06:15:56 [INFO] [app.main] [Worker-22728] [1763788556538] Response: 400 Duration: 0.002s Size: 51 bytes
2025-11-22 06:15:56 [INFO] [app.main] [Worker-22728] [1763788556571] POST /api/cars from 127.0.0.1 User-Agent: Werkzeug/3.1.3
2025-11-22 06:15:56 [INFO] [app.main] [Worker-22728] [1763788556571] Request body: {'body_type': 'SUV', 'brand': 'Mitsubishi', 'fuel_type': 'Diesel', 'mileage': -1000, 'model': 'Outlander', 'price': 280000.0, 'transmission': 'Automatic', 'year': 2020}
2025-11-22 06:15:56 [INFO] [app.main] [Worker-22728] [1763788556571] Creating new car: Mitsubishi Outlander
2025-11-22 06:15:56 [WARNING] [app.main] [Worker-22728] [1763788556571] Validation error in create_car: mileage cannot be negative
2025-11-22 06:15:56 [INFO] [app.main] [Worker-22728] [1763788556571] Response: 400 Duration: 0.002s Size: 55 bytes
2025-11-22 06:15:56 [INFO] [app.main] [Worker-22728] [1763788556604] POST /api/predict from 127.0.0.1 User-Agent: Werkzeug/3.1.3
2025-11-22 06:15:56 [INFO] [app.main] [Worker-22728] [1763788556604] Request body: {'body_type': 'Sedan', 'brand': 'Lexus', 'doors': 'many', 'fuel_type': 'Benzin', 'mileage': 35000, 'model': 'IS', 'transmission': 'Automatic', 'year': 2019}
2025-11-22 06:15:56 [INFO] [app.main] [Worker-22728] [1763788556604] Price prediction requested for: Lexus IS 2019
2025-11-22 06:15:56 [WARNING] [app.main] [Worker-22728] [1763788556604] Validation error in predict_price: doors must be an integer
2025-11-22 06:15:56 [INFO] [app.main] [Worker-22728] [1763788556604] Response: 400 Duration: 0.003s Size: 53 bytes
2025-11-22 06:15:56 [INFO] [app.main] [Worker-22728] [1763788556641] POST /api/predict from 127.0.0.1 User-Agent: Werkzeug/3.1.3
2025-11-22 06:15:56 [INFO] [app.main] [Worker-22728] [1763788556641] Request body: {'body_type': 'SUV', 'brand': 'Jeep', 'fuel_type': 'Benzin', 'mileage': 28000, 'model': 'Cherokee', 'seats': 'lots', 'transmission': 'Automatic', 'year': 2020}
2025-11-22 06:15:56 [INFO] [app.main] [Worker-22728] [1763788556641] Price prediction requested for: Jeep Cherokee 2020
2025-11-22 06:15:56 [WARNING] [app.main] [Worker-22728] [1763788556641] Validation error in predict_price: seats must be an integer
2025-11-22 06:15:56 [INFO] [app.main] [Worker-22728] [1763788556641] Response: 400 Duration: 0.003s Size: 53 bytes
2025-11-22 06:15:56 [INFO] [app.main] [Worker-22728] [1763788556676] GET /api/cars/5502863e-46dd-42f3-8869-d0546b1fbc7f from 127.0.0.1 User-Agent: Werkzeug/3.1.3
2025-11-22 06:15:56 [INFO] [app.main] [Worker-22728] [1763788556676] Fetching car with ID: 5502863e-46dd-42f3-8869-d0546b1fbc7f
2025-11-22 06:15:56 [INFO] [app.main] [Worker-22728] [1763788556676] Successfully retrieved car 5502863e-46dd-42f3-8869-d0546b1fbc7f
2025-11-22 06:15:56 [INFO] [app.main] [Worker-22728] [1763788556676] Response: 200 Duration: 0.005s Size: 1187 bytes
2025-11-22 06:15:56 [INFO] [app.main] [Worker-22728] [1763788556711] GET /api/cars from 127.0.0.1 User-Agent: Werkzeug/3.1.3
2025-11-22 06:15:56 [INFO] [app.main] [Worker-22728] [1763788556711] Fetching cars with filters: ImmutableMultiDict([('min_price', '100000'), ('max_price', '400000'), ('min_year', '2015'), ('max_year', '2023')])
2025-11-22 06:15:56 [INFO] [app.main] [Worker-22728] [1763788556711] Found 1 cars, returning page 1/1 with 1 items
2025-11-22 06:15:56 [INFO] [app.main] [Worker-22728] [1763788556711] Response: 200 Duration: 0.007s Size: 1290 bytes
2025-11-22 06:15:56 [INFO] [app.ml.predictor] [Worker-22728] Loaded model from C:\Users\Igor Cretu\Desktop\Bachelor\Project\BackEnd\API\app\ml\../../models\best_model_xgboost.pkl
2025-11-22 06:15:56 [INFO] [app.ml.predictor] [Worker-22728] Loaded model from C:\Users\Igor Cretu\Desktop\Bachelor\Project\BackEnd\API\app\ml\../../models\best_model_xgboost.pkl
2025-11-22 06:15:56 [INFO] [app.ml.predictor] [Worker-22728] Loaded model from C:\Users\Igor Cretu\Desktop\Bachelor\Project\BackEnd\API\app\ml\../../models\best_model_xgboost.pkl
2025-11-22 06:15:56 [INFO] [app.ml.predictor] [Worker-22728] Loaded model from C:\Users\Igor Cretu\Desktop\Bachelor\Project\BackEnd\API\app\ml\../../models\best_model_xgboost.pkl
2025-11-22 06:15:57 [INFO] [prediction_worker] [Worker-22728] Completed job 499b4b82-7dcc-47ad-94b2-dcf3b8828245
2025-11-22 06:28:43 [INFO] [app.main] [Worker-39564] ================================================================================
2025-11-22 06:28:43 [INFO] [app.main] [Worker-39564] INITIALIZING BPR BACKEND API
2025-11-22 06:28:43 [INFO] [app.main] [Worker-39564] ================================================================================
2025-11-22 06:28:43 [INFO] [app.main] [Worker-39564] CORS locked to: ['https://bpr-g26.netlify.app', 'https://test.bachelorproject26.site', 'https://bachelorproject26.site', 'http://localhost:5173', 'http://127.0.0.1:5173', 'https://carpredict.netlify.app']
2025-11-22 06:28:43 [INFO] [app.main] [Worker-39564] Database URL configured: localhost
2025-11-22 06:28:43 [INFO] [app.main] [Worker-39564] Database initialized with connection pooling
2025-11-22 06:28:43 [INFO] [app.main] [Worker-39564] Initializing ML predictor...
2025-11-22 06:28:45 [INFO] [app.ml.predictor] [Worker-39564] Loaded model from C:\Users\Igor Cretu\Desktop\Bachelor\Project\BackEnd\API\app\ml\../../models\best_model_xgboost.pkl
2025-11-22 06:28:45 [INFO] [app.main] [Worker-39564] ML Predictor initialized: {'version': 'v1.0.0-heuristic', 'loaded': False, 'type': 'heuristic', 'model_name': 'N/A', 'test_r2': 'N/A', 'test_mae': 'N/A', 'features_count': 0}
2025-11-22 06:28:45 [INFO] [app.main] [Worker-39564] Application loaded by WSGI server
2025-11-22 06:28:45 [INFO] [app.main] [Worker-39564] Configuration: {}
2025-11-22 06:28:46 [INFO] [app.main] [Worker-39564] [1763789326414] POST /api/cars from 127.0.0.1 User-Agent: Werkzeug/3.1.3
2025-11-22 06:28:46 [INFO] [app.main] [Worker-39564] [1763789326414] Request body: {'body_type': 'Sedan', 'brand': 'BMW', 'fuel_type': 'Diesel', 'mileage': 50000, 'model': '320d', 'price': 250000.0, 'transmission': 'Automatic', 'year': 2020}
2025-11-22 06:28:46 [INFO] [app.main] [Worker-39564] [1763789326414] Creating new car: BMW 320d
2025-11-22 06:28:46 [INFO] [app.main] [Worker-39564] [1763789326414] Successfully created car with ID: bdcae04a-af83-4271-a8d0-5dc4e2ba5cc3
2025-11-22 06:28:46 [INFO] [app.main] [Worker-39564] [1763789326414] Response: 201 Duration: 0.053s Size: 1213 bytes
2025-11-22 06:28:46 [INFO] [app.main] [Worker-39564] [1763789326496] POST /api/cars from 127.0.0.1 User-Agent: Werkzeug/3.1.3
2025-11-22 06:28:46 [INFO] [app.main] [Worker-39564] [1763789326496] Request body: {'brand': 'BMW', 'model': '320d'}
2025-11-22 06:28:46 [WARNING] [app.main] [Worker-39564] [1763789326496] Validation error in create_car: Missing required fields: year, mileage, fuel_type, transmission, body_type, price
2025-11-22 06:28:46 [INFO] [app.main] [Worker-39564] [1763789326496] Response: 400 Duration: 0.002s Size: 110 bytes
2025-11-22 06:28:46 [INFO] [app.main] [Worker-39564] [1763789326522] POST /api/cars from 127.0.0.1 User-Agent: Werkzeug/3.1.3
2025-11-22 06:28:46 [INFO] [app.main] [Worker-39564] [1763789326522] Request body: {'body_type': 'Sedan', 'brand': 'BMW', 'fuel_type': 'Diesel', 'mileage': 50000, 'model': '320d', 'price': 250000.0, 'transmission': 'Automatic', 'year': 'not_a_year'}
2025-11-22 06:28:46 [INFO] [app.main] [Worker-39564] [1763789326522] Creating new car: BMW 320d
2025-11-22 06:28:46 [WARNING] [app.main] [Worker-39564] [1763789326522] Validation error in create_car: Year must be an integer
2025-11-22 06:28:46 [INFO] [app.main] [Worker-39564] [1763789326522] Response: 400 Duration: 0.002s Size: 52 bytes
2025-11-22 06:28:46 [INFO] [app.main] [Worker-39564] [1763789326562] GET /api/cars/test-car-123 from 127.0.0.1 User-Agent: Werkzeug/3.1.3
2025-11-22 06:28:46 [INFO] [app.main] [Worker-39564] [1763789326562] Fetching car with ID: test-car-123
2025-11-22 06:28:46 [INFO] [app.main] [Worker-39564] [1763789326562] Successfully retrieved car test-car-123
2025-11-22 06:28:46 [INFO] [app.main] [Worker-39564] [1763789326562] Response: 200 Duration: 0.010s Size: 1163 bytes
2025-11-22 06:28:46 [INFO] [app.main] [Worker-39564] [1763789326595] POST /api/predict from 127.0.0.1 User-Agent: Werkzeug/3.1.3
2025-11-22 06:28:46 [INFO] [app.main] [Worker-39564] [1763789326595] Request body: {'body_type': 'Sedan', 'brand': 'Audi', 'fuel_type': 'Diesel', 'mileage': 60000, 'model': 'A4', 'transmission': 'Automatic', 'year': 2019}
2025-11-22 06:28:46 [INFO] [app.main] [Worker-39564] [1763789326595] Price prediction requested for: Audi A4 2019
2025-11-22 06:28:46 [INFO] [app.main] [Worker-39564] [1763789326595] Prediction completed in 0.002s: 162121.7 DKK (confidence: 82.0%)
2025-11-22 06:28:46 [INFO] [app.main] [Worker-39564] [1763789326595] Response: 200 Duration: 0.007s Size: 328 bytes
2025-11-22 06:28:46 [INFO] [app.main] [Worker-39564] [1763789326627] GET /api/queue/job/nonexistent-id from 127.0.0.1 User-Agent: Werkzeug/3.1.3
2025-11-22 06:28:46 [WARNING] [app.main] [Worker-39564] [1763789326627] 404 error: /api/queue/job/nonexistent-id
2025-11-22 06:28:46 [INFO] [app.main] [Worker-39564] [1763789326627] Response: 404 Duration: 0.002s Size: 86 bytes
2025-11-22 06:28:46 [INFO] [app.main] [Worker-39564] [1763789326653] GET /api/cars from 127.0.0.1 User-Agent: Werkzeug/3.1.3
2025-11-22 06:28:46 [INFO] [app.main] [Worker-39564] [1763789326653] Fetching cars with filters: ImmutableMultiDict([('brand', 'Toyota'), ('fuel_type', 'Diesel'), ('min_year', '2018')])
2025-11-22 06:28:46 [INFO] [app.main] [Worker-39564] [1763789326653] Found 0 cars, returning page 1/0 with 0 items
2025-11-22 06:28:46 [INFO] [app.main] [Worker-39564] [1763789326653] Response: 200 Duration: 0.093s Size: 127 bytes
2025-11-22 06:28:46 [INFO] [app.main] [Worker-39564] [1763789326771] GET /api/cars from 127.0.0.1 User-Agent: Werkzeug/3.1.3
2025-11-22 06:28:46 [INFO] [app.main] [Worker-39564] [1763789326771] Fetching cars with filters: ImmutableMultiDict([('search', 'Toyota')])
2025-11-22 06:28:46 [INFO] [app.main] [Worker-39564] [1763789326771] Found 1 cars, returning page 1/1 with 1 items
2025-11-22 06:28:46 [INFO] [app.main] [Worker-39564] [1763789326771] Response: 200 Duration: 0.026s Size: 1266 bytes
2025-11-22 06:28:46 [INFO] [app.main] [Worker-39564] [1763789326832] GET /api/cars from 127.0.0.1 User-Agent: Werkzeug/3.1.3
2025-11-22 06:28:46 [INFO] [app.main] [Worker-39564] [1763789326832] Fetching cars with filters: ImmutableMultiDict([('sort_by', 'price'), ('sort_order', 'desc')])
2025-11-22 06:28:46 [INFO] [app.main] [Worker-39564] [1763789326832] Found 3 cars, returning page 1/1 with 3 items
2025-11-22 06:28:46 [INFO] [app.main] [Worker-39564] [1763789326832] Response: 200 Duration: 0.010s Size: 3618 bytes
2025-11-22 06:28:46 [INFO] [app.main] [Worker-39564] [1763789326871] GET /api/brands from 127.0.0.1 User-Agent: Werkzeug/3.1.3
2025-11-22 06:28:46 [INFO] [app.main] [Worker-39564] [1763789326871] Fetching brands
2025-11-22 06:28:46 [INFO] [app.main] [Worker-39564] [1763789326871] Found 1 brands
2025-11-22 06:28:46 [INFO] [app.main] [Worker-39564] [1763789326871] Response: 200 Duration: 0.005s Size: 56 bytes
2025-11-22 06:28:46 [INFO] [app.main] [Worker-39564] [1763789326897] POST /api/predict from 127.0.0.1 User-Agent: Werkzeug/3.1.3
2025-11-22 06:28:46 [INFO] [app.main] [Worker-39564] [1763789326897] Request body: {'body_type': 'Sedan', 'brand': 'Mercedes', 'doors': 4, 'engine_size': 2.0, 'fuel_type': 'Diesel', 'horsepower': 200, 'mileage': 30000, 'model': 'C-Class', 'seats': 5, 'transmission': 'Automatic', 'year': 2021}
2025-11-22 06:28:46 [INFO] [app.main] [Worker-39564] [1763789326897] Price prediction requested for: Mercedes C-Class 2021
2025-11-22 06:28:46 [INFO] [app.main] [Worker-39564] [1763789326897] Prediction completed in 0.000s: 145563.82 DKK (confidence: 87.0%)
2025-11-22 06:28:46 [INFO] [app.main] [Worker-39564] [1763789326897] Response: 200 Duration: 0.004s Size: 394 bytes
2025-11-22 06:28:46 [INFO] [app.main] [Worker-39564] [1763789326923] POST /api/predict from 127.0.0.1 User-Agent: Werkzeug/3.1.3
2025-11-22 06:28:46 [INFO] [app.main] [Worker-39564] [1763789326923] Request body: {'body_type': 'Sedan', 'brand': 'Mercedes', 'fuel_type': 'Diesel', 'mileage': 30000, 'model': 'C-Class', 'transmission': 'Automatic', 'year': 'invalid'}
2025-11-22 06:28:46 [INFO] [app.main] [Worker-39564] [1763789326923] Price prediction requested for: Mercedes C-Class invalid
2025-11-22 06:28:46 [WARNING] [app.main] [Worker-39564] [1763789326923] Validation error in predict_price: Year must be an integer
2025-11-22 06:28:46 [INFO] [app.main] [Worker-39564] [1763789326923] Response: 400 Duration: 0.001s Size: 52 bytes
2025-11-22 06:28:46 [INFO] [app.main] [Worker-39564] [1763789326943] GET /api/cars from 127.0.0.1 User-Agent: Werkzeug/3.1.3
2025-11-22 06:28:46 [INFO] [app.main] [Worker-39564] [1763789326943] Fetching cars with filters: ImmutableMultiDict([('page', '999999')])
2025-11-22 06:28:46 [INFO] [app.main] [Worker-39564] [1763789326943] Found 0 cars, returning page 999999/0 with 0 items
2025-11-22 06:28:46 [INFO] [app.main] [Worker-39564] [1763789326943] Response: 200 Duration: 0.005s Size: 131 bytes
2025-11-22 06:28:46 [INFO] [app.main] [Worker-39564] [1763789326975] GET /api/cars from 127.0.0.1 User-Agent: Werkzeug/3.1.3
2025-11-22 06:28:46 [INFO] [app.main] [Worker-39564] [1763789326975] Fetching cars with filters: ImmutableMultiDict([('per_page', '2')])
2025-11-22 06:28:46 [INFO] [app.main] [Worker-39564] [1763789326975] Found 5 cars, returning page 1/3 with 2 items
2025-11-22 06:28:46 [INFO] [app.main] [Worker-39564] [1763789326975] Response: 200 Duration: 0.004s Size: 2452 bytes
2025-11-22 06:28:47 [INFO] [app.main] [Worker-39564] [1763789327002] GET /api/stats from 127.0.0.1 User-Agent: Werkzeug/3.1.3
2025-11-22 06:28:47 [INFO] [app.main] [Worker-39564] [1763789327002] Fetching market statistics
2025-11-22 06:28:47 [INFO] [app.main] [Worker-39564] [1763789327002] Statistics: 1 total cars
2025-11-22 06:28:47 [INFO] [app.main] [Worker-39564] [1763789327002] Response: 200 Duration: 0.011s Size: 217 bytes
2025-11-22 06:28:47 [INFO] [app.main] [Worker-39564] [1763789327040] GET /api/cars from 127.0.0.1 User-Agent: Werkzeug/3.1.3
2025-11-22 06:28:47 [INFO] [app.main] [Worker-39564] [1763789327040] Fetching cars with filters: ImmutableMultiDict([])
2025-11-22 06:28:47 [INFO] [app.main] [Worker-39564] [1763789327040] Found 0 cars, returning page 1/0 with 0 items
2025-11-22 06:28:47 [INFO] [app.main] [Worker-39564] [1763789327040] Response: 200 Duration: 0.004s Size: 127 bytes
2025-11-22 06:28:47 [INFO] [app.main] [Worker-39564] [1763789327068] GET /api/cars from 127.0.0.1 User-Agent: Werkzeug/3.1.3
2025-11-22 06:28:47 [INFO] [app.main] [Worker-39564] [1763789327068] Fetching cars with filters: ImmutableMultiDict([])
2025-11-22 06:28:47 [INFO] [app.main] [Worker-39564] [1763789327068] Found 0 cars, returning page 1/0 with 0 items
2025-11-22 06:28:47 [INFO] [app.main] [Worker-39564] [1763789327068] Response: 200 Duration: 0.005s Size: 127 bytes
2025-11-22 06:28:47 [INFO] [app.main] [Worker-39564] [1763789327097] GET /api/cars from 127.0.0.1 User-Agent: Werkzeug/3.1.3
2025-11-22 06:28:47 [INFO] [app.main] [Worker-39564] [1763789327097] Fetching cars with filters: ImmutableMultiDict([('page', '1'), ('per_page', '10')])
2025-11-22 06:28:47 [INFO] [app.main] [Worker-39564] [1763789327097] Found 0 cars, returning page 1/0 with 0 items
2025-11-22 06:28:47 [INFO] [app.main] [Worker-39564] [1763789327097] Response: 200 Duration: 0.005s Size: 127 bytes
2025-11-22 06:28:47 [INFO] [app.main] [Worker-39564] [1763789327124] GET /api/cars from 127.0.0.1 User-Agent: Werkzeug/3.1.3
2025-11-22 06:28:47 [INFO] [app.main] [Worker-39564] [1763789327124] Fetching cars with filters: ImmutableMultiDict([('brand', 'Toyota'), ('fuel_type', 'Benzin')])
2025-11-22 06:28:47 [INFO] [app.main] [Worker-39564] [1763789327124] Found 0 cars, returning page 1/0 with 0 items
2025-11-22 06:28:47 [INFO] [app.main] [Worker-39564] [1763789327124] Response: 200 Duration: 0.005s Size: 127 bytes
2025-11-22 06:28:47 [INFO] [app.main] [Worker-39564] [1763789327155] GET /api/cars from 127.0.0.1 User-Agent: Werkzeug/3.1.3
2025-11-22 06:28:47 [INFO] [app.main] [Worker-39564] [1763789327155] Fetching cars with filters: ImmutableMultiDict([('q', 'Toyota')])
2025-11-22 06:28:47 [INFO] [app.main] [Worker-39564] [1763789327155] Found 0 cars, returning page 1/0 with 0 items
2025-11-22 06:28:47 [INFO] [app.main] [Worker-39564] [1763789327155] Response: 200 Duration: 0.028s Size: 127 bytes
2025-11-22 06:28:47 [INFO] [app.main] [Worker-39564] [1763789327209] GET /api/cars from 127.0.0.1 User-Agent: Werkzeug/3.1.3
2025-11-22 06:28:47 [INFO] [app.main] [Worker-39564] [1763789327209] Fetching cars with filters: ImmutableMultiDict([('price_min', '100000'), ('price_max', '500000')])
2025-11-22 06:28:47 [INFO] [app.main] [Worker-39564] [1763789327209] Found 0 cars, returning page 1/0 with 0 items
2025-11-22 06:28:47 [INFO] [app.main] [Worker-39564] [1763789327209] Response: 200 Duration: 0.026s Size: 127 bytes
2025-11-22 06:28:47 [INFO] [app.main] [Worker-39564] [1763789327261] GET /api/cars from 127.0.0.1 User-Agent: Werkzeug/3.1.3
2025-11-22 06:28:47 [INFO] [app.main] [Worker-39564] [1763789327261] Fetching cars with filters: ImmutableMultiDict([('year_min', '2018'), ('year_max', '2022')])
2025-11-22 06:28:47 [INFO] [app.main] [Worker-39564] [1763789327261] Found 0 cars, returning page 1/0 with 0 items
2025-11-22 06:28:47 [INFO] [app.main] [Worker-39564] [1763789327261] Response: 200 Duration: 0.026s Size: 127 bytes
2025-11-22 06:28:47 [INFO] [app.main] [Worker-39564] [1763789327314] GET /api/cars/invalid-id-999999 from 127.0.0.1 User-Agent: Werkzeug/3.1.3
2025-11-22 06:28:47 [INFO] [app.main] [Worker-39564] [1763789327314] Fetching car with ID: invalid-id-999999
2025-11-22 06:28:47 [WARNING] [app.main] [Worker-39564] [1763789327314] 404 error: /api/cars/invalid-id-999999
2025-11-22 06:28:47 [INFO] [app.main] [Worker-39564] [1763789327314] Response: 404 Duration: 0.010s Size: 84 bytes
2025-11-22 06:28:47 [INFO] [app.main] [Worker-39564] [1763789327349] GET /api/cars/test-id from 127.0.0.1 User-Agent: Werkzeug/3.1.3
2025-11-22 06:28:47 [INFO] [app.main] [Worker-39564] [1763789327349] Fetching car with ID: test-id
2025-11-22 06:28:47 [WARNING] [app.main] [Worker-39564] [1763789327349] 404 error: /api/cars/test-id
2025-11-22 06:28:47 [INFO] [app.main] [Worker-39564] [1763789327349] Response: 404 Duration: 0.003s Size: 74 bytes
2025-11-22 06:28:47 [INFO] [app.main] [Worker-39564] [1763789327379] GET /api/brands from 127.0.0.1 User-Agent: Werkzeug/3.1.3
2025-11-22 06:28:47 [INFO] [app.main] [Worker-39564] [1763789327379] Fetching brands
2025-11-22 06:28:47 [INFO] [app.main] [Worker-39564] [1763789327379] Found 0 brands
2025-11-22 06:28:47 [INFO] [app.main] [Worker-39564] [1763789327379] Response: 200 Duration: 0.002s Size: 29 bytes
2025-11-22 06:28:47 [INFO] [app.main] [Worker-39564] [1763789327407] GET /api/brands from 127.0.0.1 User-Agent: Werkzeug/3.1.3
2025-11-22 06:28:47 [INFO] [app.main] [Worker-39564] [1763789327407] Fetching brands
2025-11-22 06:28:47 [INFO] [app.main] [Worker-39564] [1763789327407] Found 0 brands
2025-11-22 06:28:47 [INFO] [app.main] [Worker-39564] [1763789327407] Response: 200 Duration: 0.001s Size: 29 bytes
2025-11-22 06:28:47 [INFO] [app.main] [Worker-39564] [1763789327431] GET /api/brands from 127.0.0.1 User-Agent: Werkzeug/3.1.3
2025-11-22 06:28:47 [INFO] [app.main] [Worker-39564] [1763789327431] Fetching brands
2025-11-22 06:28:47 [INFO] [app.main] [Worker-39564] [1763789327431] Found 0 brands
2025-11-22 06:28:47 [INFO] [app.main] [Worker-39564] [1763789327431] Response: 200 Duration: 0.002s Size: 29 bytes
2025-11-22 06:28:47 [INFO] [app.main] [Worker-39564] [1763789327459] GET /api/filters from 127.0.0.1 User-Agent: Werkzeug/3.1.3
2025-11-22 06:28:47 [INFO] [app.main] [Worker-39564] [1763789327459] Fetching filter options
2025-11-22 06:28:47 [INFO] [app.main] [Worker-39564] [1763789327459] Retrieved all filter options successfully
2025-11-22 06:28:47 [INFO] [app.main] [Worker-39564] [1763789327459] Response: 200 Duration: 0.017s Size: 210 bytes
2025-11-22 06:28:47 [INFO] [app.main] [Worker-39564] [1763789327500] GET /api/filters from 127.0.0.1 User-Agent: Werkzeug/3.1.3
2025-11-22 06:28:47 [INFO] [app.main] [Worker-39564] [1763789327500] Fetching filter options
2025-11-22 06:28:47 [INFO] [app.main] [Worker-39564] [1763789327500] Retrieved all filter options successfully
2025-11-22 06:28:47 [INFO] [app.main] [Worker-39564] [1763789327500] Response: 200 Duration: 0.007s Size: 210 bytes
2025-11-22 06:28:47 [INFO] [app.main] [Worker-39564] [1763789327531] GET /api/filters from 127.0.0.1 User-Agent: Werkzeug/3.1.3
2025-11-22 06:28:47 [INFO] [app.main] [Worker-39564] [1763789327531] Fetching filter options
2025-11-22 06:28:47 [INFO] [app.main] [Worker-39564] [1763789327531] Retrieved all filter options successfully
2025-11-22 06:28:47 [INFO] [app.main] [Worker-39564] [1763789327531] Response: 200 Duration: 0.006s Size: 210 bytes
2025-11-22 06:28:47 [INFO] [app.main] [Worker-39564] [1763789327561] GET /api/predict from 127.0.0.1 User-Agent: Werkzeug/3.1.3
2025-11-22 06:28:47 [WARNING] [app.main] [Worker-39564] [1763789327561] 405 error: GET /api/predict
2025-11-22 06:28:47 [INFO] [app.main] [Worker-39564] [1763789327561] Response: 405 Duration: 0.000s Size: 84 bytes
2025-11-22 06:28:47 [INFO] [app.main] [Worker-39564] [1763789327585] POST /api/predict from 127.0.0.1 User-Agent: Werkzeug/3.1.3
2025-11-22 06:28:47 [INFO] [app.main] [Worker-39564] [1763789327585] Request body: {'brand': 'Toyota', 'model': 'Camry', 'year': 2020, 'mileage': 50000, 'fuel_type': 'Benzin', 'transmission': 'Automatisk', 'body_type': 'Sedan', 'horsepower': 200, 'engine_size': 2.5, 'doors': 4, 'color': 'Black'}
2025-11-22 06:28:47 [INFO] [app.main] [Worker-39564] [1763789327585] Price prediction requested for: Toyota Camry 2020
2025-11-22 06:28:47 [INFO] [app.main] [Worker-39564] [1763789327585] Prediction completed in 0.000s: 136601.59 DKK (confidence: 87.0%)
2025-11-22 06:28:47 [INFO] [app.main] [Worker-39564] [1763789327585] Response: 200 Duration: 0.006s Size: 396 bytes
2025-11-22 06:28:47 [INFO] [app.main] [Worker-39564] [1763789327613] POST /api/predict from 127.0.0.1 User-Agent: Werkzeug/3.1.3
2025-11-22 06:28:47 [WARNING] [app.main] [Worker-39564] [1763789327613] Validation error in predict_price: Request body must be valid JSON
2025-11-22 06:28:47 [INFO] [app.main] [Worker-39564] [1763789327613] Response: 400 Duration: 0.002s Size: 60 bytes
2025-11-22 06:28:47 [INFO] [app.main] [Worker-39564] [1763789327639] POST /api/predict from 127.0.0.1 User-Agent: Werkzeug/3.1.3
2025-11-22 06:28:47 [WARNING] [app.main] [Worker-39564] [1763789327639] Validation error in predict_price: Missing required fields: brand, model, year, mileage, fuel_type, transmission, body_type
2025-11-22 06:28:47 [INFO] [app.main] [Worker-39564] [1763789327639] Response: 400 Duration: 0.001s Size: 117 bytes
2025-11-22 06:28:47 [INFO] [app.main] [Worker-39564] [1763789327663] GET /api/health from 127.0.0.1 User-Agent: Werkzeug/3.1.3
2025-11-22 06:28:47 [WARNING] [app.main] [Worker-39564] [1763789327663] 404 error: /api/health
2025-11-22 06:28:47 [INFO] [app.main] [Worker-39564] [1763789327663] Response: 404 Duration: 0.003s Size: 68 bytes
2025-11-22 06:28:47 [INFO] [app.main] [Worker-39564] [1763789327692] GET /api/models from 127.0.0.1 User-Agent: Werkzeug/3.1.3
2025-11-22 06:28:47 [WARNING] [app.main] [Worker-39564] [1763789327692] 404 error: /api/models
2025-11-22 06:28:47 [INFO] [app.main] [Worker-39564] [1763789327692] Response: 404 Duration: 0.002s Size: 68 bytes
2025-11-22 06:28:47 [INFO] [app.main] [Worker-39564] [1763789327714] GET /api/models from 127.0.0.1 User-Agent: Werkzeug/3.1.3
2025-11-22 06:28:47 [WARNING] [app.main] [Worker-39564] [1763789327714] 404 error: /api/models
2025-11-22 06:28:47 [INFO] [app.main] [Worker-39564] [1763789327714] Response: 404 Duration: 0.002s Size: 68 bytes
2025-11-22 06:28:47 [INFO] [app.main] [Worker-39564] [1763789327737] GET /api/models from 127.0.0.1 User-Agent: Werkzeug/3.1.3
2025-11-22 06:28:47 [WARNING] [app.main] [Worker-39564] [1763789327737] 404 error: /api/models
2025-11-22 06:28:47 [INFO] [app.main] [Worker-39564] [1763789327737] Response: 404 Duration: 0.002s Size: 68 bytes
2025-11-22 06:28:47 [INFO] [app.main] [Worker-39564] [1763789327761] GET /api/stats from 127.0.0.1 User-Agent: Werkzeug/3.1.3
2025-11-22 06:28:47 [INFO] [app.main] [Worker-39564] [1763789327761] Fetching market statistics
2025-11-22 06:28:47 [INFO] [app.main] [Worker-39564] [1763789327761] Statistics: 0 total cars
2025-11-22 06:28:47 [INFO] [app.main] [Worker-39564] [1763789327761] Response: 200 Duration: 0.006s Size: 136 bytes
2025-11-22 06:28:47 [INFO] [app.main] [Worker-39564] [1763789327790] GET /api/stats from 127.0.0.1 User-Agent: Werkzeug/3.1.3
2025-11-22 06:28:47 [INFO] [app.main] [Worker-39564] [1763789327790] Fetching market statistics
2025-11-22 06:28:47 [INFO] [app.main] [Worker-39564] [1763789327790] Statistics: 0 total cars
2025-11-22 06:28:47 [INFO] [app.main] [Worker-39564] [1763789327790] Response: 200 Duration: 0.005s Size: 136 bytes
2025-11-22 06:28:47 [INFO] [app.main] [Worker-39564] [1763789327819] GET /api/queue/status from 127.0.0.1 User-Agent: Werkzeug/3.1.3
2025-11-22 06:28:47 [WARNING] [app.main] [Worker-39564] [1763789327819] 404 error: /api/queue/status
2025-11-22 06:28:47 [INFO] [app.main] [Worker-39564] [1763789327819] Response: 404 Duration: 0.002s Size: 74 bytes
2025-11-22 06:28:47 [INFO] [app.main] [Worker-39564] [1763789327848] GET /api/queue/job/test-job-123 from 127.0.0.1 User-Agent: Werkzeug/3.1.3
2025-11-22 06:28:47 [WARNING] [app.main] [Worker-39564] [1763789327848] 404 error: /api/queue/job/test-job-123
2025-11-22 06:28:47 [INFO] [app.main] [Worker-39564] [1763789327848] Response: 404 Duration: 0.001s Size: 84 bytes
2025-11-22 06:28:47 [INFO] [app.main] [Worker-39564] [1763789327874] GET /api/nonexistent-endpoint from 127.0.0.1 User-Agent: Werkzeug/3.1.3
2025-11-22 06:28:47 [WARNING] [app.main] [Worker-39564] [1763789327874] 404 error: /api/nonexistent-endpoint
2025-11-22 06:28:47 [INFO] [app.main] [Worker-39564] [1763789327874] Response: 404 Duration: 0.001s Size: 82 bytes
2025-11-22 06:28:47 [INFO] [app.main] [Worker-39564] [1763789327897] POST /api/predict from 127.0.0.1 User-Agent: Werkzeug/3.1.3
2025-11-22 06:28:47 [WARNING] [app.main] [Worker-39564] [1763789327897] Validation error in predict_price: Request body must be valid JSON
2025-11-22 06:28:47 [INFO] [app.main] [Worker-39564] [1763789327897] Response: 400 Duration: 0.002s Size: 60 bytes
2025-11-22 06:28:47 [INFO] [app.main] [Worker-39564] [1763789327921] POST /api/predict from 127.0.0.1 User-Agent: Werkzeug/3.1.3
2025-11-22 06:28:47 [WARNING] [app.main] [Worker-39564] [1763789327921] Validation error in predict_price: Request body must be valid JSON
2025-11-22 06:28:47 [INFO] [app.main] [Worker-39564] [1763789327921] Response: 400 Duration: 0.002s Size: 60 bytes
2025-11-22 06:28:47 [INFO] [app.main] [Worker-39564] [1763789327947] PUT /api/cars/6db75749-9ef6-431f-9beb-fa23610b67a7 from 127.0.0.1 User-Agent: Werkzeug/3.1.3
2025-11-22 06:28:47 [INFO] [app.main] [Worker-39564] [1763789327947] Request body: {'mileage': 60000, 'price': 300000.0}
2025-11-22 06:28:47 [WARNING] [app.main] [Worker-39564] [1763789327947] 405 error: PUT /api/cars/6db75749-9ef6-431f-9beb-fa23610b67a7
2025-11-22 06:28:47 [INFO] [app.main] [Worker-39564] [1763789327947] Response: 405 Duration: 0.002s Size: 118 bytes
2025-11-22 06:28:47 [INFO] [app.main] [Worker-39564] [1763789327975] DELETE /api/cars/d7c24b95-90e8-4edc-92e6-4c3565079908 from 127.0.0.1 User-Agent: Werkzeug/3.1.3
2025-11-22 06:28:47 [WARNING] [app.main] [Worker-39564] [1763789327975] 405 error: DELETE /api/cars/d7c24b95-90e8-4edc-92e6-4c3565079908
2025-11-22 06:28:47 [INFO] [app.main] [Worker-39564] [1763789327975] Response: 405 Duration: 0.002s Size: 121 bytes
2025-11-22 06:28:48 [INFO] [app.main] [Worker-39564] [1763789328000] POST /api/predict from 127.0.0.1 User-Agent: Werkzeug/3.1.3
2025-11-22 06:28:48 [INFO] [app.main] [Worker-39564] [1763789328000] Request body: {'body_type': 'Hatchback', 'brand': 'Volkswagen', 'engine_size': 1.4, 'fuel_type': 'Benzin', 'horsepower': 150, 'mileage': 40000, 'model': 'Golf', 'transmission': 'Manual', 'year': 2019}
2025-11-22 06:28:48 [INFO] [app.main] [Worker-39564] [1763789328000] Price prediction requested for: Volkswagen Golf 2019
2025-11-22 06:28:48 [INFO] [app.main] [Worker-39564] [1763789328000] Prediction completed in 0.000s: 105764.6 DKK (confidence: 87.0%)
2025-11-22 06:28:48 [INFO] [app.main] [Worker-39564] [1763789328000] Response: 200 Duration: 0.003s Size: 372 bytes
2025-11-22 06:28:48 [INFO] [app.main] [Worker-39564] [1763789328026] POST /api/predict from 127.0.0.1 User-Agent: Werkzeug/3.1.3
2025-11-22 06:28:48 [INFO] [app.main] [Worker-39564] [1763789328026] Request body: {'body_type': 'Stationcar', 'brand': 'Ford', 'doors': 5, 'fuel_type': 'Diesel', 'horsepower': 120, 'mileage': 70000, 'model': 'Focus', 'seats': 5, 'transmission': 'Automatic', 'year': 2018}
2025-11-22 06:28:48 [INFO] [app.main] [Worker-39564] [1763789328026] Price prediction requested for: Ford Focus 2018
2025-11-22 06:28:48 [INFO] [app.main] [Worker-39564] [1763789328026] Prediction completed in 0.000s: 75874.62 DKK (confidence: 85.0%)
2025-11-22 06:28:48 [INFO] [app.main] [Worker-39564] [1763789328026] Response: 200 Duration: 0.004s Size: 372 bytes
2025-11-22 06:28:48 [INFO] [app.main] [Worker-39564] [1763789328057] POST /api/predict from 127.0.0.1 User-Agent: Werkzeug/3.1.3
2025-11-22 06:28:48 [INFO] [app.main] [Worker-39564] [1763789328057] Request body: {'body_type': 'Hatchback', 'brand': 'Audi', 'engine_size': 'not_a_number', 'fuel_type': 'Diesel', 'mileage': 30000, 'model': 'A3', 'transmission': 'Automatic', 'year': 2020}
2025-11-22 06:28:48 [INFO] [app.main] [Worker-39564] [1763789328057] Price prediction requested for: Audi A3 2020
2025-11-22 06:28:48 [WARNING] [app.main] [Worker-39564] [1763789328057] Validation error in predict_price: engine_size must be numeric
2025-11-22 06:28:48 [INFO] [app.main] [Worker-39564] [1763789328057] Response: 400 Duration: 0.002s Size: 56 bytes
2025-11-22 06:28:48 [INFO] [app.main] [Worker-39564] [1763789328085] POST /api/predict from 127.0.0.1 User-Agent: Werkzeug/3.1.3
2025-11-22 06:28:48 [INFO] [app.main] [Worker-39564] [1763789328085] Request body: {'body_type': 'Hatchback', 'brand': 'Seat', 'fuel_type': 'Benzin', 'horsepower': 'invalid', 'mileage': 50000, 'model': 'Leon', 'transmission': 'Manual', 'year': 2019}
2025-11-22 06:28:48 [INFO] [app.main] [Worker-39564] [1763789328085] Price prediction requested for: Seat Leon 2019
2025-11-22 06:28:48 [WARNING] [app.main] [Worker-39564] [1763789328085] Validation error in predict_price: horsepower must be an integer
2025-11-22 06:28:48 [INFO] [app.main] [Worker-39564] [1763789328085] Response: 400 Duration: 0.002s Size: 58 bytes
2025-11-22 06:28:48 [INFO] [app.main] [Worker-39564] [1763789328115] POST /api/predict from 127.0.0.1 User-Agent: Werkzeug/3.1.3
2025-11-22 06:28:48 [INFO] [app.main] [Worker-39564] [1763789328115] Request body: {'body_type': 'Sedan', 'brand': 'Skoda', 'fuel_type': 'Diesel', 'mileage': 20000, 'model': 'Octavia', 'transmission': 'Automatic', 'year': 2020}
2025-11-22 06:28:48 [INFO] [app.main] [Worker-39564] [1763789328115] Price prediction requested for: Skoda Octavia 2020
2025-11-22 06:28:48 [INFO] [app.main] [Worker-39564] [1763789328115] Prediction completed in 0.000s: 104229.18 DKK (confidence: 82.0%)
2025-11-22 06:28:48 [INFO] [app.main] [Worker-39564] [1763789328115] Response: 200 Duration: 0.003s Size: 335 bytes
2025-11-22 06:28:48 [INFO] [app.main] [Worker-39564] [1763789328144] POST /api/predict from 127.0.0.1 User-Agent: Werkzeug/3.1.3
2025-11-22 06:28:48 [INFO] [app.main] [Worker-39564] [1763789328144] Request body: {'body_type': 'Hatchback', 'brand': 'Renault', 'fuel_type': 'Benzin', 'mileage': 45000, 'model': 'Clio', 'transmission': 'Manual', 'year': 2019}
2025-11-22 06:28:48 [INFO] [app.main] [Worker-39564] [1763789328144] Price prediction requested for: Renault Clio 2019
2025-11-22 06:28:48 [INFO] [app.main] [Worker-39564] [1763789328144] Queued prediction job 010dc33c-d7b4-4c12-b80a-f916ad8cbd24 (mode=client_force_queue, priority=100, position=0)
2025-11-22 06:28:48 [INFO] [app.main] [Worker-39564] [1763789328144] Response: 202 Duration: 0.014s Size: 403 bytes
2025-11-22 06:28:48 [INFO] [app.main] [Worker-39564] [1763789328179] GET /api/cars/nonexistent-id-12345 from 127.0.0.1 User-Agent: Werkzeug/3.1.3
2025-11-22 06:28:48 [INFO] [app.main] [Worker-39564] [1763789328179] Fetching car with ID: nonexistent-id-12345
2025-11-22 06:28:48 [WARNING] [app.main] [Worker-39564] [1763789328179] 404 error: /api/cars/nonexistent-id-12345
2025-11-22 06:28:48 [INFO] [app.main] [Worker-39564] [1763789328179] Response: 404 Duration: 0.004s Size: 87 bytes
2025-11-22 06:28:48 [INFO] [app.main] [Worker-39564] [1763789328204] POST /api/cars from 127.0.0.1 User-Agent: Werkzeug/3.1.3
2025-11-22 06:28:48 [INFO] [app.main] [Worker-39564] [1763789328204] Request body: {'body_type': 'Hatchback', 'brand': 'Peugeot', 'color': 'Blue', 'dealer_name': 'Test Dealer', 'doors': 5, 'engine_size': 1.2, 'fuel_type': 'Benzin', 'horsepower': 100, 'location': 'Aarhus', 'mileage': 15000, 'model': '208', 'price': 180000.0, 'seats': 5, 'transmission': 'Automatic', 'year': 2021}
2025-11-22 06:28:48 [INFO] [app.main] [Worker-39564] [1763789328204] Creating new car: Peugeot 208
2025-11-22 06:28:48 [INFO] [app.main] [Worker-39564] [1763789328204] Successfully created car with ID: 334f0ebe-c062-494a-96f0-f9eb5a8871e5
2025-11-22 06:28:48 [INFO] [app.main] [Worker-39564] [1763789328204] Response: 201 Duration: 0.006s Size: 1227 bytes
2025-11-22 06:28:48 [INFO] [app.main] [Worker-39564] [1763789328236] GET /api/cars from 127.0.0.1 User-Agent: Werkzeug/3.1.3
2025-11-22 06:28:48 [INFO] [app.main] [Worker-39564] [1763789328236] Fetching cars with filters: ImmutableMultiDict([('brand', 'Toyota'), ('model', 'Camry'), ('fuel_type', 'Benzin'), ('transmission', 'Automatisk'), ('body_type', 'Sedan'), ('min_year', '2015'), ('max_year', '2025'), ('min_price', '100000'), ('max_price', '500000'), ('min_mileage', '0'), ('max_mileage', '100000'), ('page', '1'), ('per_page', '10'), ('sort_by', 'price'), ('sort_order', 'asc')])
2025-11-22 06:28:48 [INFO] [app.main] [Worker-39564] [1763789328236] Found 1 cars, returning page 1/1 with 1 items
2025-11-22 06:28:48 [INFO] [app.main] [Worker-39564] [1763789328236] Response: 200 Duration: 0.026s Size: 1290 bytes
2025-11-22 06:28:48 [INFO] [app.main] [Worker-39564] [1763789328284] POST /api/predict from 127.0.0.1 User-Agent: Werkzeug/3.1.3
2025-11-22 06:28:48 [INFO] [app.main] [Worker-39564] [1763789328284] Request body: {'body_type': 'Hatchback', 'brand': 'Citroen', 'fuel_type': 'Diesel', 'mileage': 'lots', 'model': 'C3', 'transmission': 'Manual', 'year': 2019}
2025-11-22 06:28:48 [INFO] [app.main] [Worker-39564] [1763789328284] Price prediction requested for: Citroen C3 2019
2025-11-22 06:28:48 [WARNING] [app.main] [Worker-39564] [1763789328284] Validation error in predict_price: Mileage must be an integer
2025-11-22 06:28:48 [INFO] [app.main] [Worker-39564] [1763789328284] Response: 400 Duration: 0.003s Size: 55 bytes
2025-11-22 06:28:48 [INFO] [app.main] [Worker-39564] [1763789328309] GET /api/brands from 127.0.0.1 User-Agent: Werkzeug/3.1.3
2025-11-22 06:28:48 [INFO] [app.main] [Worker-39564] [1763789328309] Fetching brands
2025-11-22 06:28:48 [INFO] [app.main] [Worker-39564] [1763789328309] Found 1 brands
2025-11-22 06:28:48 [INFO] [app.main] [Worker-39564] [1763789328309] Response: 200 Duration: 0.004s Size: 56 bytes
2025-11-22 06:28:48 [INFO] [app.main] [Worker-39564] [1763789328336] GET /api/models from 127.0.0.1 User-Agent: Werkzeug/3.1.3
2025-11-22 06:28:48 [WARNING] [app.main] [Worker-39564] [1763789328336] 404 error: /api/models
2025-11-22 06:28:48 [INFO] [app.main] [Worker-39564] [1763789328336] Response: 404 Duration: 0.002s Size: 68 bytes
2025-11-22 06:28:48 [INFO] [app.main] [Worker-39564] [1763789328366] GET /api/filters from 127.0.0.1 User-Agent: Werkzeug/3.1.3
2025-11-22 06:28:48 [INFO] [app.main] [Worker-39564] [1763789328366] Fetching filter options
2025-11-22 06:28:48 [INFO] [app.main] [Worker-39564] [1763789328366] Retrieved all filter options successfully
2025-11-22 06:28:48 [INFO] [app.main] [Worker-39564] [1763789328366] Response: 200 Duration: 0.008s Size: 339 bytes
2025-11-22 06:28:48 [INFO] [app.main] [Worker-39564] [1763789328400] GET /api/cars from 127.0.0.1 User-Agent: Werkzeug/3.1.3
2025-11-22 06:28:48 [INFO] [app.main] [Worker-39564] [1763789328400] Fetching cars with filters: ImmutableMultiDict([('search', 'Toy')])
2025-11-22 06:28:48 [INFO] [app.main] [Worker-39564] [1763789328400] Found 1 cars, returning page 1/1 with 1 items
2025-11-22 06:28:48 [INFO] [app.main] [Worker-39564] [1763789328400] Response: 200 Duration: 0.004s Size: 1290 bytes
2025-11-22 06:28:48 [INFO] [app.main] [Worker-39564] [1763789328427] POST /api/predict from 127.0.0.1 User-Agent: Werkzeug/3.1.3
2025-11-22 06:28:48 [INFO] [app.main] [Worker-39564] [1763789328427] Request body: {'body_type': 'SUV', 'brand': 'Mazda', 'color': 'Red', 'doors': 5, 'engine_size': 2.0, 'fuel_type': 'Benzin', 'horsepower': 165, 'mileage': 25000, 'model': 'CX-5', 'seats': 5, 'transmission': 'Automatic', 'year': 2021}
2025-11-22 06:28:48 [INFO] [app.main] [Worker-39564] [1763789328427] Price prediction requested for: Mazda CX-5 2021
2025-11-22 06:28:48 [INFO] [app.main] [Worker-39564] [1763789328427] Prediction completed in 0.000s: 170278.62 DKK (confidence: 87.0%)
2025-11-22 06:28:48 [INFO] [app.main] [Worker-39564] [1763789328427] Response: 200 Duration: 0.003s Size: 400 bytes
2025-11-22 06:28:48 [INFO] [app.main] [Worker-39564] [1763789328451] POST /api/cars from 127.0.0.1 User-Agent: Werkzeug/3.1.3
2025-11-22 06:28:48 [INFO] [app.main] [Worker-39564] [1763789328451] Request body: {'body_type': 'Hatchback', 'brand': 'Hyundai', 'fuel_type': 'Diesel', 'mileage': 60000, 'model': 'i30', 'price': 140000.0, 'transmission': 'Manual', 'year': 2019}
2025-11-22 06:28:48 [INFO] [app.main] [Worker-39564] [1763789328451] Creating new car: Hyundai i30
2025-11-22 06:28:48 [INFO] [app.main] [Worker-39564] [1763789328451] Successfully created car with ID: ae51018b-d953-405a-a829-a25890bc9e1b
2025-11-22 06:28:48 [INFO] [app.main] [Worker-39564] [1763789328451] Response: 201 Duration: 0.007s Size: 1217 bytes
2025-11-22 06:28:48 [INFO] [app.main] [Worker-39564] [1763789328483] GET /api/cars from 127.0.0.1 User-Agent: Werkzeug/3.1.3
2025-11-22 06:28:48 [INFO] [app.main] [Worker-39564] [1763789328483] Fetching cars with filters: ImmutableMultiDict([('min_price', '100000')])
2025-11-22 06:28:48 [INFO] [app.main] [Worker-39564] [1763789328483] Found 1 cars, returning page 1/1 with 1 items
2025-11-22 06:28:48 [INFO] [app.main] [Worker-39564] [1763789328483] Response: 200 Duration: 0.004s Size: 1290 bytes
2025-11-22 06:28:48 [INFO] [app.main] [Worker-39564] [1763789328490] GET /api/cars from 127.0.0.1 User-Agent: Werkzeug/3.1.3
2025-11-22 06:28:48 [INFO] [app.main] [Worker-39564] [1763789328490] Fetching cars with filters: ImmutableMultiDict([('max_price', '500000')])
2025-11-22 06:28:48 [INFO] [app.main] [Worker-39564] [1763789328490] Found 1 cars, returning page 1/1 with 1 items
2025-11-22 06:28:48 [INFO] [app.main] [Worker-39564] [1763789328490] Response: 200 Duration: 0.003s Size: 1290 bytes
2025-11-22 06:28:48 [INFO] [app.main] [Worker-39564] [1763789328517] GET /api/cars from 127.0.0.1 User-Agent: Werkzeug/3.1.3
2025-11-22 06:28:48 [INFO] [app.main] [Worker-39564] [1763789328517] Fetching cars with filters: ImmutableMultiDict([('min_year', '2015')])
2025-11-22 06:28:48 [INFO] [app.main] [Worker-39564] [1763789328517] Found 1 cars, returning page 1/1 with 1 items
2025-11-22 06:28:48 [INFO] [app.main] [Worker-39564] [1763789328517] Response: 200 Duration: 0.004s Size: 1290 bytes
2025-11-22 06:28:48 [INFO] [app.main] [Worker-39564] [1763789328523] GET /api/cars from 127.0.0.1 User-Agent: Werkzeug/3.1.3
2025-11-22 06:28:48 [INFO] [app.main] [Worker-39564] [1763789328523] Fetching cars with filters: ImmutableMultiDict([('max_year', '2025')])
2025-11-22 06:28:48 [INFO] [app.main] [Worker-39564] [1763789328523] Found 1 cars, returning page 1/1 with 1 items
2025-11-22 06:28:48 [INFO] [app.main] [Worker-39564] [1763789328523] Response: 200 Duration: 0.003s Size: 1290 bytes
2025-11-22 06:28:48 [INFO] [app.main] [Worker-39564] [1763789328549] GET /api/health from 127.0.0.1 User-Agent: Werkzeug/3.1.3
2025-11-22 06:28:48 [WARNING] [app.main] [Worker-39564] [1763789328549] 404 error: /api/health
2025-11-22 06:28:48 [INFO] [app.main] [Worker-39564] [1763789328549] Response: 404 Duration: 0.002s Size: 68 bytes
2025-11-22 06:28:48 [INFO] [app.main] [Worker-39564] [1763789328580] GET /api/cars from 127.0.0.1 User-Agent: Werkzeug/3.1.3
2025-11-22 06:28:48 [INFO] [app.main] [Worker-39564] [1763789328580] Fetching cars with filters: ImmutableMultiDict([('min_mileage', '10000'), ('max_mileage', '100000')])
2025-11-22 06:28:48 [INFO] [app.main] [Worker-39564] [1763789328580] Found 1 cars, returning page 1/1 with 1 items
2025-11-22 06:28:48 [INFO] [app.main] [Worker-39564] [1763789328580] Response: 200 Duration: 0.005s Size: 1290 bytes
2025-11-22 06:28:48 [INFO] [app.main] [Worker-39564] [1763789328615] GET /api/cars from 127.0.0.1 User-Agent: Werkzeug/3.1.3
2025-11-22 06:28:48 [INFO] [app.main] [Worker-39564] [1763789328615] Fetching cars with filters: ImmutableMultiDict([('sort_by', 'price'), ('sort_order', 'asc')])
2025-11-22 06:28:48 [INFO] [app.main] [Worker-39564] [1763789328615] Found 3 cars, returning page 1/1 with 3 items
2025-11-22 06:28:48 [INFO] [app.main] [Worker-39564] [1763789328615] Response: 200 Duration: 0.012s Size: 3618 bytes
2025-11-22 06:28:48 [INFO] [app.main] [Worker-39564] [1763789328649] POST /api/predict from 127.0.0.1 User-Agent: Werkzeug/3.1.3
2025-11-22 06:28:48 [INFO] [app.main] [Worker-39564] [1763789328649] Request body: {'body_type': 'Hatchback', 'brand': 'Kia', 'fuel_type': 'Diesel', 'mileage': 35000, 'model': 'Ceed', 'transmission': 'Manual', 'year': 2020}
2025-11-22 06:28:48 [INFO] [app.main] [Worker-39564] [1763789328649] Price prediction requested for: Kia Ceed 2020
2025-11-22 06:28:48 [INFO] [app.main] [Worker-39564] [1763789328649] Prediction completed in 0.000s: 81570.67 DKK (confidence: 82.0%)
2025-11-22 06:28:48 [INFO] [app.main] [Worker-39564] [1763789328649] Response: 200 Duration: 0.003s Size: 329 bytes
2025-11-22 06:28:48 [INFO] [app.main] [Worker-39564] [1763789328675] POST /api/predict from 127.0.0.1 User-Agent: Werkzeug/3.1.3
2025-11-22 06:28:48 [INFO] [app.main] [Worker-39564] [1763789328675] Request body: {'body_type': 'SUV', 'brand': 'Nissan', 'fuel_type': 'Diesel', 'mileage': 50000, 'model': 'Qashqai', 'transmission': 'Automatic', 'year': 2019}
2025-11-22 06:28:48 [INFO] [app.main] [Worker-39564] [1763789328675] Price prediction requested for: Nissan Qashqai 2019
2025-11-22 06:28:48 [INFO] [app.main] [Worker-39564] [1763789328675] Prediction completed in 0.000s: 110120.4 DKK (confidence: 82.0%)
2025-11-22 06:28:48 [INFO] [app.main] [Worker-39564] [1763789328675] Response: 200 Duration: 0.004s Size: 334 bytes
2025-11-22 06:28:48 [INFO] [app.main] [Worker-39564] [1763789328705] GET /api/cars from 127.0.0.1 User-Agent: Werkzeug/3.1.3
2025-11-22 06:28:48 [INFO] [app.main] [Worker-39564] [1763789328705] Fetching cars with filters: ImmutableMultiDict([('model', 'Camry')])
2025-11-22 06:28:48 [INFO] [app.main] [Worker-39564] [1763789328705] Found 1 cars, returning page 1/1 with 1 items
2025-11-22 06:28:48 [INFO] [app.main] [Worker-39564] [1763789328705] Response: 200 Duration: 0.025s Size: 1290 bytes
2025-11-22 06:28:48 [INFO] [app.main] [Worker-39564] [1763789328755] GET /api/cars from 127.0.0.1 User-Agent: Werkzeug/3.1.3
2025-11-22 06:28:48 [INFO] [app.main] [Worker-39564] [1763789328755] Fetching cars with filters: ImmutableMultiDict([('location', 'Copenhagen')])
2025-11-22 06:28:48 [INFO] [app.main] [Worker-39564] [1763789328755] Found 1 cars, returning page 1/1 with 1 items
2025-11-22 06:28:48 [INFO] [app.main] [Worker-39564] [1763789328755] Response: 200 Duration: 0.033s Size: 1290 bytes
2025-11-22 06:28:48 [INFO] [app.main] [Worker-39564] [1763789328815] GET /api/cars from 127.0.0.1 User-Agent: Werkzeug/3.1.3
2025-11-22 06:28:48 [INFO] [app.main] [Worker-39564] [1763789328815] Fetching cars with filters: ImmutableMultiDict([('sort_by', 'year'), ('sort_order', 'desc')])
2025-11-22 06:28:48 [INFO] [app.main] [Worker-39564] [1763789328815] Found 3 cars, returning page 1/1 with 3 items
2025-11-22 06:28:48 [INFO] [app.main] [Worker-39564] [1763789328815] Response: 200 Duration: 0.010s Size: 3618 bytes
2025-11-22 06:28:48 [INFO] [app.main] [Worker-39564] [1763789328850] GET /api/cars from 127.0.0.1 User-Agent: Werkzeug/3.1.3
2025-11-22 06:28:48 [INFO] [app.main] [Worker-39564] [1763789328850] Fetching cars with filters: ImmutableMultiDict([('sort_by', 'mileage'), ('sort_order', 'asc')])
2025-11-22 06:28:48 [INFO] [app.main] [Worker-39564] [1763789328850] Found 3 cars, returning page 1/1 with 3 items
2025-11-22 06:28:48 [INFO] [app.main] [Worker-39564] [1763789328850] Response: 200 Duration: 0.011s Size: 3618 bytes
2025-11-22 06:28:48 [INFO] [app.main] [Worker-39564] [1763789328891] GET /api/cars from 127.0.0.1 User-Agent: Werkzeug/3.1.3
2025-11-22 06:28:48 [INFO] [app.main] [Worker-39564] [1763789328891] Fetching cars with filters: ImmutableMultiDict([('max_mileage', '100000')])
2025-11-22 06:28:48 [INFO] [app.main] [Worker-39564] [1763789328891] Found 1 cars, returning page 1/1 with 1 items
2025-11-22 06:28:48 [INFO] [app.main] [Worker-39564] [1763789328891] Response: 200 Duration: 0.007s Size: 1290 bytes
2025-11-22 06:28:48 [INFO] [app.main] [Worker-39564] [1763789328924] GET /api/cars from 127.0.0.1 User-Agent: Werkzeug/3.1.3
2025-11-22 06:28:48 [INFO] [app.main] [Worker-39564] [1763789328924] Fetching cars with filters: ImmutableMultiDict([('min_mileage', '10000')])
2025-11-22 06:28:48 [INFO] [app.main] [Worker-39564] [1763789328924] Found 1 cars, returning page 1/1 with 1 items
2025-11-22 06:28:48 [INFO] [app.main] [Worker-39564] [1763789328924] Response: 200 Duration: 0.005s Size: 1290 bytes
2025-11-22 06:28:48 [INFO] [app.main] [Worker-39564] [1763789328951] POST /api/predict from 127.0.0.1 User-Agent: Werkzeug/3.1.3
2025-11-22 06:28:48 [INFO] [app.main] [Worker-39564] [1763789328951] Request body: {'body_type': 'Sedan', 'brand': 'Honda', 'fuel_type': 'Benzin', 'mileage': 40000, 'model': 'Civic', 'transmission': 'Manual', 'year': 2020}
2025-11-22 06:28:48 [INFO] [app.main] [Worker-39564] [1763789328951] Price prediction requested for: Honda Civic 2020
2025-11-22 06:28:48 [INFO] [app.main] [Worker-39564] [1763789328951] Prediction completed in 0.000s: 102039.62 DKK (confidence: 82.0%)
2025-11-22 06:28:48 [INFO] [app.main] [Worker-39564] [1763789328951] Response: 200 Duration: 0.004s Size: 330 bytes
2025-11-22 06:28:48 [INFO] [app.main] [Worker-39564] [1763789328981] GET /api/cars from 127.0.0.1 User-Agent: Werkzeug/3.1.3
2025-11-22 06:28:48 [INFO] [app.main] [Worker-39564] [1763789328981] Fetching cars with filters: ImmutableMultiDict([('brand', 'Toyota'), ('model', 'Camry'), ('fuel_type', 'Benzin'), ('transmission', 'Automatisk'), ('body_type', 'Sedan'), ('location', 'Aarhus'), ('min_year', '2015'), ('max_year', '2025')])
2025-11-22 06:28:49 [INFO] [app.main] [Worker-39564] [1763789328981] Found 1 cars, returning page 1/1 with 1 items
2025-11-22 06:28:49 [INFO] [app.main] [Worker-39564] [1763789328981] Response: 200 Duration: 0.025s Size: 1286 bytes
2025-11-22 06:28:49 [INFO] [app.main] [Worker-39564] [1763789329028] POST /api/cars from 127.0.0.1 User-Agent: Werkzeug/3.1.3
2025-11-22 06:28:49 [INFO] [app.main] [Worker-39564] [1763789329028] Request body: {'body_type': 'Sedan', 'brand': 'Subaru', 'fuel_type': 'Benzin', 'mileage': 55000, 'model': 'Impreza', 'price': 'expensive', 'transmission': 'Manual', 'year': 2019}
2025-11-22 06:28:49 [INFO] [app.main] [Worker-39564] [1763789329028] Creating new car: Subaru Impreza
2025-11-22 06:28:49 [WARNING] [app.main] [Worker-39564] [1763789329028] Validation error in create_car: Price must be a number
2025-11-22 06:28:49 [INFO] [app.main] [Worker-39564] [1763789329028] Response: 400 Duration: 0.001s Size: 51 bytes
2025-11-22 06:28:49 [INFO] [app.main] [Worker-39564] [1763789329054] POST /api/cars from 127.0.0.1 User-Agent: Werkzeug/3.1.3
2025-11-22 06:28:49 [INFO] [app.main] [Worker-39564] [1763789329054] Request body: {'body_type': 'SUV', 'brand': 'Mitsubishi', 'fuel_type': 'Diesel', 'mileage': -1000, 'model': 'Outlander', 'price': 280000.0, 'transmission': 'Automatic', 'year': 2020}
2025-11-22 06:28:49 [INFO] [app.main] [Worker-39564] [1763789329054] Creating new car: Mitsubishi Outlander
2025-11-22 06:28:49 [WARNING] [app.main] [Worker-39564] [1763789329054] Validation error in create_car: mileage cannot be negative
2025-11-22 06:28:49 [INFO] [app.main] [Worker-39564] [1763789329054] Response: 400 Duration: 0.003s Size: 55 bytes
2025-11-22 06:28:49 [INFO] [app.main] [Worker-39564] [1763789329077] POST /api/predict from 127.0.0.1 User-Agent: Werkzeug/3.1.3
2025-11-22 06:28:49 [INFO] [app.main] [Worker-39564] [1763789329077] Request body: {'body_type': 'Sedan', 'brand': 'Lexus', 'doors': 'many', 'fuel_type': 'Benzin', 'mileage': 35000, 'model': 'IS', 'transmission': 'Automatic', 'year': 2019}
2025-11-22 06:28:49 [INFO] [app.main] [Worker-39564] [1763789329077] Price prediction requested for: Lexus IS 2019
2025-11-22 06:28:49 [WARNING] [app.main] [Worker-39564] [1763789329077] Validation error in predict_price: doors must be an integer
2025-11-22 06:28:49 [INFO] [app.main] [Worker-39564] [1763789329077] Response: 400 Duration: 0.002s Size: 53 bytes
2025-11-22 06:28:49 [INFO] [app.main] [Worker-39564] [1763789329106] POST /api/predict from 127.0.0.1 User-Agent: Werkzeug/3.1.3
2025-11-22 06:28:49 [INFO] [app.main] [Worker-39564] [1763789329106] Request body: {'body_type': 'SUV', 'brand': 'Jeep', 'fuel_type': 'Benzin', 'mileage': 28000, 'model': 'Cherokee', 'seats': 'lots', 'transmission': 'Automatic', 'year': 2020}
2025-11-22 06:28:49 [INFO] [app.main] [Worker-39564] [1763789329106] Price prediction requested for: Jeep Cherokee 2020
2025-11-22 06:28:49 [WARNING] [app.main] [Worker-39564] [1763789329106] Validation error in predict_price: seats must be an integer
2025-11-22 06:28:49 [INFO] [app.main] [Worker-39564] [1763789329106] Response: 400 Duration: 0.001s Size: 53 bytes
2025-11-22 06:28:49 [INFO] [app.main] [Worker-39564] [1763789329136] GET /api/cars/58390416-9644-43fd-a7d8-2e77faacb5cd from 127.0.0.1 User-Agent: Werkzeug/3.1.3
2025-11-22 06:28:49 [INFO] [app.main] [Worker-39564] [1763789329136] Fetching car with ID: 58390416-9644-43fd-a7d8-2e77faacb5cd
2025-11-22 06:28:49 [INFO] [app.main] [Worker-39564] [1763789329136] Successfully retrieved car 58390416-9644-43fd-a7d8-2e77faacb5cd
2025-11-22 06:28:49 [INFO] [app.main] [Worker-39564] [1763789329136] Response: 200 Duration: 0.003s Size: 1187 bytes
2025-11-22 06:28:49 [INFO] [app.main] [Worker-39564] [1763789329166] GET /api/cars from 127.0.0.1 User-Agent: Werkzeug/3.1.3
2025-11-22 06:28:49 [INFO] [app.main] [Worker-39564] [1763789329166] Fetching cars with filters: ImmutableMultiDict([('min_price', '100000'), ('max_price', '400000'), ('min_year', '2015'), ('max_year', '2023')])
2025-11-22 06:28:49 [INFO] [app.main] [Worker-39564] [1763789329166] Found 1 cars, returning page 1/1 with 1 items
2025-11-22 06:28:49 [INFO] [app.main] [Worker-39564] [1763789329166] Response: 200 Duration: 0.005s Size: 1290 bytes
2025-11-22 06:28:49 [INFO] [app.ml.predictor] [Worker-39564] Loaded model from C:\Users\Igor Cretu\Desktop\Bachelor\Project\BackEnd\API\app\ml\../../models\best_model_xgboost.pkl
2025-11-22 06:28:49 [INFO] [app.ml.predictor] [Worker-39564] Loaded model from C:\Users\Igor Cretu\Desktop\Bachelor\Project\BackEnd\API\app\ml\../../models\best_model_xgboost.pkl
2025-11-22 06:28:49 [INFO] [app.ml.predictor] [Worker-39564] Loaded model from C:\Users\Igor Cretu\Desktop\Bachelor\Project\BackEnd\API\app\ml\../../models\best_model_xgboost.pkl
2025-11-22 06:28:49 [INFO] [app.ml.predictor] [Worker-39564] Loaded model from C:\Users\Igor Cretu\Desktop\Bachelor\Project\BackEnd\API\app\ml\../../models\best_model_xgboost.pkl
2025-11-22 06:28:49 [INFO] [prediction_worker] [Worker-39564] Completed job 0787b5cb-7651-49cb-9d45-5a63e3b501e3
2025-11-22 22:05:06 [INFO] [app.main] [Worker-61672] ================================================================================
2025-11-22 22:05:06 [INFO] [app.main] [Worker-61672] INITIALIZING BPR BACKEND API
2025-11-22 22:05:06 [INFO] [app.main] [Worker-61672] ================================================================================
2025-11-22 22:05:06 [INFO] [app.main] [Worker-61672] CORS locked to: ['https://bpr-g26.netlify.app', 'https://test.bachelorproject26.site', 'https://bachelorproject26.site', 'http://localhost:5173', 'http://127.0.0.1:5173', 'https://carpredict.netlify.app']
2025-11-22 22:05:06 [INFO] [app.main] [Worker-61672] Database URL configured: localhost
2025-11-22 22:05:06 [INFO] [app.main] [Worker-61672] Database initialized with connection pooling
2025-11-22 22:05:06 [INFO] [app.main] [Worker-61672] Initializing ML predictor...
2025-11-22 22:05:06 [INFO] [app.main] [Worker-61672] ML Predictor initialized: {'version': 'v1.0.0-heuristic', 'loaded': False, 'type': 'heuristic', 'model_name': 'N/A', 'test_r2': 'N/A', 'test_mae': 'N/A', 'features_count': 0}
2025-11-22 22:05:06 [INFO] [app.main] [Worker-61672] Application loaded by WSGI server
2025-11-22 22:05:06 [INFO] [app.main] [Worker-61672] Configuration: {}
2025-11-22 22:05:07 [INFO] [app.main] [Worker-61672] [1763845507965] POST /api/cars from 127.0.0.1 User-Agent: Werkzeug/3.1.3
2025-11-22 22:05:07 [INFO] [app.main] [Worker-61672] [1763845507965] Request body: {'body_type': 'Sedan', 'brand': 'BMW', 'fuel_type': 'Diesel', 'mileage': 50000, 'model': '320d', 'price': 250000.0, 'transmission': 'Automatic', 'year': 2020}
2025-11-22 22:05:07 [INFO] [app.main] [Worker-61672] [1763845507965] Creating new car: BMW 320d
2025-11-22 22:05:08 [INFO] [app.main] [Worker-61672] [1763845507965] Successfully created car with ID: dbdd14ec-eb0e-4e38-a22a-d1f8c346d68e
2025-11-22 22:05:08 [INFO] [app.main] [Worker-61672] [1763845507965] Response: 201 Duration: 0.045s Size: 1213 bytes
2025-11-22 22:05:08 [INFO] [app.main] [Worker-61672] [1763845508042] POST /api/cars from 127.0.0.1 User-Agent: Werkzeug/3.1.3
2025-11-22 22:05:08 [INFO] [app.main] [Worker-61672] [1763845508042] Request body: {'brand': 'BMW', 'model': '320d'}
2025-11-22 22:05:08 [WARNING] [app.main] [Worker-61672] [1763845508042] Validation error in create_car: Missing required fields: year, mileage, fuel_type, transmission, body_type, price
2025-11-22 22:05:08 [INFO] [app.main] [Worker-61672] [1763845508042] Response: 400 Duration: 0.001s Size: 110 bytes
2025-11-22 22:05:08 [INFO] [app.main] [Worker-61672] [1763845508066] POST /api/cars from 127.0.0.1 User-Agent: Werkzeug/3.1.3
2025-11-22 22:05:08 [INFO] [app.main] [Worker-61672] [1763845508066] Request body: {'body_type': 'Sedan', 'brand': 'BMW', 'fuel_type': 'Diesel', 'mileage': 50000, 'model': '320d', 'price': 250000.0, 'transmission': 'Automatic', 'year': 'not_a_year'}
2025-11-22 22:05:08 [INFO] [app.main] [Worker-61672] [1763845508066] Creating new car: BMW 320d
2025-11-22 22:05:08 [WARNING] [app.main] [Worker-61672] [1763845508066] Validation error in create_car: Year must be an integer
2025-11-22 22:05:08 [INFO] [app.main] [Worker-61672] [1763845508066] Response: 400 Duration: 0.002s Size: 52 bytes
2025-11-22 22:05:08 [INFO] [app.main] [Worker-61672] [1763845508106] GET /api/cars/test-car-123 from 127.0.0.1 User-Agent: Werkzeug/3.1.3
2025-11-22 22:05:08 [INFO] [app.main] [Worker-61672] [1763845508106] Fetching car with ID: test-car-123
2025-11-22 22:05:08 [INFO] [app.main] [Worker-61672] [1763845508106] Successfully retrieved car test-car-123
2025-11-22 22:05:08 [INFO] [app.main] [Worker-61672] [1763845508106] Response: 200 Duration: 0.010s Size: 1163 bytes
2025-11-22 22:05:08 [INFO] [app.main] [Worker-61672] [1763845508137] POST /api/predict from 127.0.0.1 User-Agent: Werkzeug/3.1.3
2025-11-22 22:05:08 [INFO] [app.main] [Worker-61672] [1763845508137] Request body: {'body_type': 'Sedan', 'brand': 'Audi', 'fuel_type': 'Diesel', 'mileage': 60000, 'model': 'A4', 'transmission': 'Automatic', 'year': 2019}
2025-11-22 22:05:08 [INFO] [app.main] [Worker-61672] [1763845508137] Price prediction requested for: Audi A4 2019
2025-11-22 22:05:08 [INFO] [app.main] [Worker-61672] [1763845508137] Prediction completed in 0.000s: 162121.7 DKK (confidence: 82.0%)
2025-11-22 22:05:08 [INFO] [app.main] [Worker-61672] [1763845508137] Response: 200 Duration: 0.006s Size: 327 bytes
2025-11-22 22:05:08 [INFO] [app.main] [Worker-61672] [1763845508166] GET /api/queue/job/nonexistent-id from 127.0.0.1 User-Agent: Werkzeug/3.1.3
2025-11-22 22:05:08 [WARNING] [app.main] [Worker-61672] [1763845508166] 404 error: /api/queue/job/nonexistent-id
2025-11-22 22:05:08 [INFO] [app.main] [Worker-61672] [1763845508166] Response: 404 Duration: 0.002s Size: 86 bytes
2025-11-22 22:05:08 [INFO] [app.main] [Worker-61672] [1763845508192] GET /api/cars from 127.0.0.1 User-Agent: Werkzeug/3.1.3
2025-11-22 22:05:08 [INFO] [app.main] [Worker-61672] [1763845508192] Fetching cars with filters: ImmutableMultiDict([('brand', 'Toyota'), ('fuel_type', 'Diesel'), ('min_year', '2018')])
2025-11-22 22:05:08 [INFO] [app.main] [Worker-61672] [1763845508192] Found 0 cars, returning page 1/0 with 0 items
2025-11-22 22:05:08 [INFO] [app.main] [Worker-61672] [1763845508192] Response: 200 Duration: 0.025s Size: 127 bytes
2025-11-22 22:05:08 [INFO] [app.main] [Worker-61672] [1763845508241] GET /api/cars from 127.0.0.1 User-Agent: Werkzeug/3.1.3
2025-11-22 22:05:08 [INFO] [app.main] [Worker-61672] [1763845508241] Fetching cars with filters: ImmutableMultiDict([('search', 'Toyota')])
2025-11-22 22:05:08 [INFO] [app.main] [Worker-61672] [1763845508241] Found 1 cars, returning page 1/1 with 1 items
2025-11-22 22:05:08 [INFO] [app.main] [Worker-61672] [1763845508241] Response: 200 Duration: 0.024s Size: 1266 bytes
2025-11-22 22:05:08 [INFO] [app.main] [Worker-61672] [1763845508292] GET /api/cars from 127.0.0.1 User-Agent: Werkzeug/3.1.3
2025-11-22 22:05:08 [INFO] [app.main] [Worker-61672] [1763845508292] Fetching cars with filters: ImmutableMultiDict([('sort_by', 'price'), ('sort_order', 'desc')])
2025-11-22 22:05:08 [INFO] [app.main] [Worker-61672] [1763845508292] Found 3 cars, returning page 1/1 with 3 items
2025-11-22 22:05:08 [INFO] [app.main] [Worker-61672] [1763845508292] Response: 200 Duration: 0.008s Size: 3618 bytes
2025-11-22 22:05:08 [INFO] [app.main] [Worker-61672] [1763845508323] GET /api/brands from 127.0.0.1 User-Agent: Werkzeug/3.1.3
2025-11-22 22:05:08 [INFO] [app.main] [Worker-61672] [1763845508323] Fetching brands
2025-11-22 22:05:08 [INFO] [app.main] [Worker-61672] [1763845508323] Found 1 brands
2025-11-22 22:05:08 [INFO] [app.main] [Worker-61672] [1763845508323] Response: 200 Duration: 0.003s Size: 56 bytes
2025-11-22 22:05:08 [INFO] [app.main] [Worker-61672] [1763845508352] POST /api/predict from 127.0.0.1 User-Agent: Werkzeug/3.1.3
2025-11-22 22:05:08 [INFO] [app.main] [Worker-61672] [1763845508352] Request body: {'body_type': 'Sedan', 'brand': 'Mercedes', 'doors': 4, 'engine_size': 2.0, 'fuel_type': 'Diesel', 'horsepower': 200, 'mileage': 30000, 'model': 'C-Class', 'seats': 5, 'transmission': 'Automatic', 'year': 2021}
2025-11-22 22:05:08 [INFO] [app.main] [Worker-61672] [1763845508352] Price prediction requested for: Mercedes C-Class 2021
2025-11-22 22:05:08 [INFO] [app.main] [Worker-61672] [1763845508352] Prediction completed in 0.000s: 145563.82 DKK (confidence: 87.0%)
2025-11-22 22:05:08 [INFO] [app.main] [Worker-61672] [1763845508352] Response: 200 Duration: 0.004s Size: 394 bytes
2025-11-22 22:05:08 [INFO] [app.main] [Worker-61672] [1763845508380] POST /api/predict from 127.0.0.1 User-Agent: Werkzeug/3.1.3
2025-11-22 22:05:08 [INFO] [app.main] [Worker-61672] [1763845508380] Request body: {'body_type': 'Sedan', 'brand': 'Mercedes', 'fuel_type': 'Diesel', 'mileage': 30000, 'model': 'C-Class', 'transmission': 'Automatic', 'year': 'invalid'}
2025-11-22 22:05:08 [INFO] [app.main] [Worker-61672] [1763845508380] Price prediction requested for: Mercedes C-Class invalid
2025-11-22 22:05:08 [WARNING] [app.main] [Worker-61672] [1763845508380] Validation error in predict_price: Year must be an integer
2025-11-22 22:05:08 [INFO] [app.main] [Worker-61672] [1763845508380] Response: 400 Duration: 0.003s Size: 52 bytes
2025-11-22 22:05:08 [INFO] [app.main] [Worker-61672] [1763845508425] GET /api/cars from 127.0.0.1 User-Agent: Werkzeug/3.1.3
2025-11-22 22:05:08 [INFO] [app.main] [Worker-61672] [1763845508425] Fetching cars with filters: ImmutableMultiDict([('page', '999999')])
2025-11-22 22:05:08 [INFO] [app.main] [Worker-61672] [1763845508425] Found 0 cars, returning page 999999/0 with 0 items
2025-11-22 22:05:08 [INFO] [app.main] [Worker-61672] [1763845508425] Response: 200 Duration: 0.010s Size: 131 bytes
2025-11-22 22:05:08 [INFO] [app.main] [Worker-61672] [1763845508480] GET /api/cars from 127.0.0.1 User-Agent: Werkzeug/3.1.3
2025-11-22 22:05:08 [INFO] [app.main] [Worker-61672] [1763845508480] Fetching cars with filters: ImmutableMultiDict([('per_page', '2')])
2025-11-22 22:05:08 [INFO] [app.main] [Worker-61672] [1763845508480] Found 5 cars, returning page 1/3 with 2 items
2025-11-22 22:05:08 [INFO] [app.main] [Worker-61672] [1763845508480] Response: 200 Duration: 0.007s Size: 2452 bytes
2025-11-22 22:05:08 [INFO] [app.main] [Worker-61672] [1763845508512] GET /api/stats from 127.0.0.1 User-Agent: Werkzeug/3.1.3
2025-11-22 22:05:08 [INFO] [app.main] [Worker-61672] [1763845508512] Fetching market statistics
2025-11-22 22:05:08 [INFO] [app.main] [Worker-61672] [1763845508512] Statistics: 1 total cars
2025-11-22 22:05:08 [INFO] [app.main] [Worker-61672] [1763845508512] Response: 200 Duration: 0.013s Size: 217 bytes
2025-11-22 22:05:08 [INFO] [app.main] [Worker-61672] [1763845508548] GET /api/cars from 127.0.0.1 User-Agent: Werkzeug/3.1.3
2025-11-22 22:05:08 [INFO] [app.main] [Worker-61672] [1763845508548] Fetching cars with filters: ImmutableMultiDict([])
2025-11-22 22:05:08 [INFO] [app.main] [Worker-61672] [1763845508548] Found 0 cars, returning page 1/0 with 0 items
2025-11-22 22:05:08 [INFO] [app.main] [Worker-61672] [1763845508548] Response: 200 Duration: 0.003s Size: 127 bytes
2025-11-22 22:05:08 [INFO] [app.main] [Worker-61672] [1763845508572] GET /api/cars from 127.0.0.1 User-Agent: Werkzeug/3.1.3
2025-11-22 22:05:08 [INFO] [app.main] [Worker-61672] [1763845508572] Fetching cars with filters: ImmutableMultiDict([])
2025-11-22 22:05:08 [INFO] [app.main] [Worker-61672] [1763845508572] Found 0 cars, returning page 1/0 with 0 items
2025-11-22 22:05:08 [INFO] [app.main] [Worker-61672] [1763845508572] Response: 200 Duration: 0.004s Size: 127 bytes
2025-11-22 22:05:08 [INFO] [app.main] [Worker-61672] [1763845508595] GET /api/cars from 127.0.0.1 User-Agent: Werkzeug/3.1.3
2025-11-22 22:05:08 [INFO] [app.main] [Worker-61672] [1763845508595] Fetching cars with filters: ImmutableMultiDict([('page', '1'), ('per_page', '10')])
2025-11-22 22:05:08 [INFO] [app.main] [Worker-61672] [1763845508595] Found 0 cars, returning page 1/0 with 0 items
2025-11-22 22:05:08 [INFO] [app.main] [Worker-61672] [1763845508595] Response: 200 Duration: 0.004s Size: 127 bytes
2025-11-22 22:05:08 [INFO] [app.main] [Worker-61672] [1763845508625] GET /api/cars from 127.0.0.1 User-Agent: Werkzeug/3.1.3
2025-11-22 22:05:08 [INFO] [app.main] [Worker-61672] [1763845508625] Fetching cars with filters: ImmutableMultiDict([('brand', 'Toyota'), ('fuel_type', 'Benzin')])
2025-11-22 22:05:08 [INFO] [app.main] [Worker-61672] [1763845508625] Found 0 cars, returning page 1/0 with 0 items
2025-11-22 22:05:08 [INFO] [app.main] [Worker-61672] [1763845508625] Response: 200 Duration: 0.005s Size: 127 bytes
2025-11-22 22:05:08 [INFO] [app.main] [Worker-61672] [1763845508655] GET /api/cars from 127.0.0.1 User-Agent: Werkzeug/3.1.3
2025-11-22 22:05:08 [INFO] [app.main] [Worker-61672] [1763845508655] Fetching cars with filters: ImmutableMultiDict([('q', 'Toyota')])
2025-11-22 22:05:08 [INFO] [app.main] [Worker-61672] [1763845508655] Found 0 cars, returning page 1/0 with 0 items
2025-11-22 22:05:08 [INFO] [app.main] [Worker-61672] [1763845508655] Response: 200 Duration: 0.028s Size: 127 bytes
2025-11-22 22:05:08 [INFO] [app.main] [Worker-61672] [1763845508704] GET /api/cars from 127.0.0.1 User-Agent: Werkzeug/3.1.3
2025-11-22 22:05:08 [INFO] [app.main] [Worker-61672] [1763845508704] Fetching cars with filters: ImmutableMultiDict([('price_min', '100000'), ('price_max', '500000')])
2025-11-22 22:05:08 [INFO] [app.main] [Worker-61672] [1763845508704] Found 0 cars, returning page 1/0 with 0 items
2025-11-22 22:05:08 [INFO] [app.main] [Worker-61672] [1763845508704] Response: 200 Duration: 0.025s Size: 127 bytes
2025-11-22 22:05:08 [INFO] [app.main] [Worker-61672] [1763845508752] GET /api/cars from 127.0.0.1 User-Agent: Werkzeug/3.1.3
2025-11-22 22:05:08 [INFO] [app.main] [Worker-61672] [1763845508752] Fetching cars with filters: ImmutableMultiDict([('year_min', '2018'), ('year_max', '2022')])
2025-11-22 22:05:08 [INFO] [app.main] [Worker-61672] [1763845508752] Found 0 cars, returning page 1/0 with 0 items
2025-11-22 22:05:08 [INFO] [app.main] [Worker-61672] [1763845508752] Response: 200 Duration: 0.023s Size: 127 bytes
2025-11-22 22:05:08 [INFO] [app.main] [Worker-61672] [1763845508800] GET /api/cars/invalid-id-999999 from 127.0.0.1 User-Agent: Werkzeug/3.1.3
2025-11-22 22:05:08 [INFO] [app.main] [Worker-61672] [1763845508800] Fetching car with ID: invalid-id-999999
2025-11-22 22:05:08 [WARNING] [app.main] [Worker-61672] [1763845508800] 404 error: /api/cars/invalid-id-999999
2025-11-22 22:05:08 [INFO] [app.main] [Worker-61672] [1763845508800] Response: 404 Duration: 0.008s Size: 84 bytes
2025-11-22 22:05:08 [INFO] [app.main] [Worker-61672] [1763845508829] GET /api/cars/test-id from 127.0.0.1 User-Agent: Werkzeug/3.1.3
2025-11-22 22:05:08 [INFO] [app.main] [Worker-61672] [1763845508829] Fetching car with ID: test-id
2025-11-22 22:05:08 [WARNING] [app.main] [Worker-61672] [1763845508829] 404 error: /api/cars/test-id
2025-11-22 22:05:08 [INFO] [app.main] [Worker-61672] [1763845508829] Response: 404 Duration: 0.003s Size: 74 bytes
2025-11-22 22:05:08 [INFO] [app.main] [Worker-61672] [1763845508854] GET /api/brands from 127.0.0.1 User-Agent: Werkzeug/3.1.3
2025-11-22 22:05:08 [INFO] [app.main] [Worker-61672] [1763845508854] Fetching brands
2025-11-22 22:05:08 [INFO] [app.main] [Worker-61672] [1763845508854] Found 0 brands
2025-11-22 22:05:08 [INFO] [app.main] [Worker-61672] [1763845508854] Response: 200 Duration: 0.002s Size: 29 bytes
2025-11-22 22:05:08 [INFO] [app.main] [Worker-61672] [1763845508877] GET /api/brands from 127.0.0.1 User-Agent: Werkzeug/3.1.3
2025-11-22 22:05:08 [INFO] [app.main] [Worker-61672] [1763845508877] Fetching brands
2025-11-22 22:05:08 [INFO] [app.main] [Worker-61672] [1763845508877] Found 0 brands
2025-11-22 22:05:08 [INFO] [app.main] [Worker-61672] [1763845508877] Response: 200 Duration: 0.003s Size: 29 bytes
2025-11-22 22:05:08 [INFO] [app.main] [Worker-61672] [1763845508905] GET /api/brands from 127.0.0.1 User-Agent: Werkzeug/3.1.3
2025-11-22 22:05:08 [INFO] [app.main] [Worker-61672] [1763845508905] Fetching brands
2025-11-22 22:05:08 [INFO] [app.main] [Worker-61672] [1763845508905] Found 0 brands
2025-11-22 22:05:08 [INFO] [app.main] [Worker-61672] [1763845508905] Response: 200 Duration: 0.003s Size: 29 bytes
2025-11-22 22:05:08 [INFO] [app.main] [Worker-61672] [1763845508934] GET /api/filters from 127.0.0.1 User-Agent: Werkzeug/3.1.3
2025-11-22 22:05:08 [INFO] [app.main] [Worker-61672] [1763845508934] Fetching filter options
2025-11-22 22:05:08 [INFO] [app.main] [Worker-61672] [1763845508934] Retrieved all filter options successfully
2025-11-22 22:05:08 [INFO] [app.main] [Worker-61672] [1763845508934] Response: 200 Duration: 0.013s Size: 210 bytes
2025-11-22 22:05:08 [INFO] [app.main] [Worker-61672] [1763845508971] GET /api/filters from 127.0.0.1 User-Agent: Werkzeug/3.1.3
2025-11-22 22:05:08 [INFO] [app.main] [Worker-61672] [1763845508971] Fetching filter options
2025-11-22 22:05:08 [INFO] [app.main] [Worker-61672] [1763845508971] Retrieved all filter options successfully
2025-11-22 22:05:08 [INFO] [app.main] [Worker-61672] [1763845508971] Response: 200 Duration: 0.009s Size: 210 bytes
2025-11-22 22:05:09 [INFO] [app.main] [Worker-61672] [1763845509006] GET /api/filters from 127.0.0.1 User-Agent: Werkzeug/3.1.3
2025-11-22 22:05:09 [INFO] [app.main] [Worker-61672] [1763845509006] Fetching filter options
2025-11-22 22:05:09 [INFO] [app.main] [Worker-61672] [1763845509006] Retrieved all filter options successfully
2025-11-22 22:05:09 [INFO] [app.main] [Worker-61672] [1763845509006] Response: 200 Duration: 0.006s Size: 210 bytes
2025-11-22 22:05:09 [INFO] [app.main] [Worker-61672] [1763845509035] GET /api/predict from 127.0.0.1 User-Agent: Werkzeug/3.1.3
2025-11-22 22:05:09 [WARNING] [app.main] [Worker-61672] [1763845509035] 405 error: GET /api/predict
2025-11-22 22:05:09 [INFO] [app.main] [Worker-61672] [1763845509035] Response: 405 Duration: 0.002s Size: 84 bytes
2025-11-22 22:05:09 [INFO] [app.main] [Worker-61672] [1763845509062] POST /api/predict from 127.0.0.1 User-Agent: Werkzeug/3.1.3
2025-11-22 22:05:09 [INFO] [app.main] [Worker-61672] [1763845509062] Request body: {'brand': 'Toyota', 'model': 'Camry', 'year': 2020, 'mileage': 50000, 'fuel_type': 'Benzin', 'transmission': 'Automatisk', 'body_type': 'Sedan', 'horsepower': 200, 'engine_size': 2.5, 'doors': 4, 'color': 'Black'}
2025-11-22 22:05:09 [INFO] [app.main] [Worker-61672] [1763845509062] Price prediction requested for: Toyota Camry 2020
2025-11-22 22:05:09 [INFO] [app.main] [Worker-61672] [1763845509062] Prediction completed in 0.001s: 136601.59 DKK (confidence: 87.0%)
2025-11-22 22:05:09 [INFO] [app.main] [Worker-61672] [1763845509062] Response: 200 Duration: 0.003s Size: 396 bytes
2025-11-22 22:05:09 [INFO] [app.main] [Worker-61672] [1763845509092] POST /api/predict from 127.0.0.1 User-Agent: Werkzeug/3.1.3
2025-11-22 22:05:09 [WARNING] [app.main] [Worker-61672] [1763845509092] Validation error in predict_price: Request body must be valid JSON
2025-11-22 22:05:09 [INFO] [app.main] [Worker-61672] [1763845509092] Response: 400 Duration: 0.001s Size: 60 bytes
2025-11-22 22:05:09 [INFO] [app.main] [Worker-61672] [1763845509119] POST /api/predict from 127.0.0.1 User-Agent: Werkzeug/3.1.3
2025-11-22 22:05:09 [WARNING] [app.main] [Worker-61672] [1763845509119] Validation error in predict_price: Missing required fields: brand, model, year, mileage, fuel_type, transmission, body_type
2025-11-22 22:05:09 [INFO] [app.main] [Worker-61672] [1763845509119] Response: 400 Duration: 0.002s Size: 117 bytes
2025-11-22 22:05:09 [INFO] [app.main] [Worker-61672] [1763845509149] GET /api/health from 127.0.0.1 User-Agent: Werkzeug/3.1.3
2025-11-22 22:05:09 [WARNING] [app.main] [Worker-61672] [1763845509149] 404 error: /api/health
2025-11-22 22:05:09 [INFO] [app.main] [Worker-61672] [1763845509149] Response: 404 Duration: 0.001s Size: 68 bytes
2025-11-22 22:05:09 [INFO] [app.main] [Worker-61672] [1763845509174] GET /api/models from 127.0.0.1 User-Agent: Werkzeug/3.1.3
2025-11-22 22:05:09 [WARNING] [app.main] [Worker-61672] [1763845509174] 404 error: /api/models
2025-11-22 22:05:09 [INFO] [app.main] [Worker-61672] [1763845509174] Response: 404 Duration: 0.001s Size: 68 bytes
2025-11-22 22:05:09 [INFO] [app.main] [Worker-61672] [1763845509200] GET /api/models from 127.0.0.1 User-Agent: Werkzeug/3.1.3
2025-11-22 22:05:09 [WARNING] [app.main] [Worker-61672] [1763845509200] 404 error: /api/models
2025-11-22 22:05:09 [INFO] [app.main] [Worker-61672] [1763845509200] Response: 404 Duration: 0.001s Size: 68 bytes
2025-11-22 22:05:09 [INFO] [app.main] [Worker-61672] [1763845509221] GET /api/models from 127.0.0.1 User-Agent: Werkzeug/3.1.3
2025-11-22 22:05:09 [WARNING] [app.main] [Worker-61672] [1763845509221] 404 error: /api/models
2025-11-22 22:05:09 [INFO] [app.main] [Worker-61672] [1763845509221] Response: 404 Duration: 0.002s Size: 68 bytes
2025-11-22 22:05:09 [INFO] [app.main] [Worker-61672] [1763845509244] GET /api/stats from 127.0.0.1 User-Agent: Werkzeug/3.1.3
2025-11-22 22:05:09 [INFO] [app.main] [Worker-61672] [1763845509244] Fetching market statistics
2025-11-22 22:05:09 [INFO] [app.main] [Worker-61672] [1763845509244] Statistics: 0 total cars
2025-11-22 22:05:09 [INFO] [app.main] [Worker-61672] [1763845509244] Response: 200 Duration: 0.006s Size: 136 bytes
2025-11-22 22:05:09 [INFO] [app.main] [Worker-61672] [1763845509272] GET /api/stats from 127.0.0.1 User-Agent: Werkzeug/3.1.3
2025-11-22 22:05:09 [INFO] [app.main] [Worker-61672] [1763845509272] Fetching market statistics
2025-11-22 22:05:09 [INFO] [app.main] [Worker-61672] [1763845509272] Statistics: 0 total cars
2025-11-22 22:05:09 [INFO] [app.main] [Worker-61672] [1763845509272] Response: 200 Duration: 0.005s Size: 136 bytes
2025-11-22 22:05:09 [INFO] [app.main] [Worker-61672] [1763845509303] GET /api/queue/status from 127.0.0.1 User-Agent: Werkzeug/3.1.3
2025-11-22 22:05:09 [WARNING] [app.main] [Worker-61672] [1763845509303] 404 error: /api/queue/status
2025-11-22 22:05:09 [INFO] [app.main] [Worker-61672] [1763845509303] Response: 404 Duration: 0.001s Size: 74 bytes
2025-11-22 22:05:09 [INFO] [app.main] [Worker-61672] [1763845509330] GET /api/queue/job/test-job-123 from 127.0.0.1 User-Agent: Werkzeug/3.1.3
2025-11-22 22:05:09 [WARNING] [app.main] [Worker-61672] [1763845509330] 404 error: /api/queue/job/test-job-123
2025-11-22 22:05:09 [INFO] [app.main] [Worker-61672] [1763845509330] Response: 404 Duration: 0.001s Size: 84 bytes
2025-11-22 22:05:09 [INFO] [app.main] [Worker-61672] [1763845509358] GET /api/nonexistent-endpoint from 127.0.0.1 User-Agent: Werkzeug/3.1.3
2025-11-22 22:05:09 [WARNING] [app.main] [Worker-61672] [1763845509358] 404 error: /api/nonexistent-endpoint
2025-11-22 22:05:09 [INFO] [app.main] [Worker-61672] [1763845509358] Response: 404 Duration: 0.001s Size: 82 bytes
2025-11-22 22:05:09 [INFO] [app.main] [Worker-61672] [1763845509383] POST /api/predict from 127.0.0.1 User-Agent: Werkzeug/3.1.3
2025-11-22 22:05:09 [WARNING] [app.main] [Worker-61672] [1763845509383] Validation error in predict_price: Request body must be valid JSON
2025-11-22 22:05:09 [INFO] [app.main] [Worker-61672] [1763845509383] Response: 400 Duration: 0.001s Size: 60 bytes
2025-11-22 22:05:09 [INFO] [app.main] [Worker-61672] [1763845509407] POST /api/predict from 127.0.0.1 User-Agent: Werkzeug/3.1.3
2025-11-22 22:05:09 [WARNING] [app.main] [Worker-61672] [1763845509407] Validation error in predict_price: Request body must be valid JSON
2025-11-22 22:05:09 [INFO] [app.main] [Worker-61672] [1763845509407] Response: 400 Duration: 0.001s Size: 60 bytes
2025-11-22 22:05:09 [INFO] [app.main] [Worker-61672] [1763845509438] PUT /api/cars/5fa16635-1a06-43bc-ba5e-bdb5dedc7d9c from 127.0.0.1 User-Agent: Werkzeug/3.1.3
2025-11-22 22:05:09 [INFO] [app.main] [Worker-61672] [1763845509438] Request body: {'mileage': 60000, 'price': 300000.0}
2025-11-22 22:05:09 [WARNING] [app.main] [Worker-61672] [1763845509438] 405 error: PUT /api/cars/5fa16635-1a06-43bc-ba5e-bdb5dedc7d9c
2025-11-22 22:05:09 [INFO] [app.main] [Worker-61672] [1763845509438] Response: 405 Duration: 0.001s Size: 118 bytes
2025-11-22 22:05:09 [INFO] [app.main] [Worker-61672] [1763845509469] DELETE /api/cars/47d1e5fc-70be-4e4f-b270-8f2a2810fb00 from 127.0.0.1 User-Agent: Werkzeug/3.1.3
2025-11-22 22:05:09 [WARNING] [app.main] [Worker-61672] [1763845509469] 405 error: DELETE /api/cars/47d1e5fc-70be-4e4f-b270-8f2a2810fb00
2025-11-22 22:05:09 [INFO] [app.main] [Worker-61672] [1763845509469] Response: 405 Duration: 0.002s Size: 121 bytes
2025-11-22 22:05:09 [INFO] [app.main] [Worker-61672] [1763845509493] POST /api/predict from 127.0.0.1 User-Agent: Werkzeug/3.1.3
2025-11-22 22:05:09 [INFO] [app.main] [Worker-61672] [1763845509493] Request body: {'body_type': 'Hatchback', 'brand': 'Volkswagen', 'engine_size': 1.4, 'fuel_type': 'Benzin', 'horsepower': 150, 'mileage': 40000, 'model': 'Golf', 'transmission': 'Manual', 'year': 2019}
2025-11-22 22:05:09 [INFO] [app.main] [Worker-61672] [1763845509493] Price prediction requested for: Volkswagen Golf 2019
2025-11-22 22:05:09 [INFO] [app.main] [Worker-61672] [1763845509493] Prediction completed in 0.000s: 105764.6 DKK (confidence: 87.0%)
2025-11-22 22:05:09 [INFO] [app.main] [Worker-61672] [1763845509493] Response: 200 Duration: 0.003s Size: 372 bytes
2025-11-22 22:05:09 [INFO] [app.main] [Worker-61672] [1763845509520] POST /api/predict from 127.0.0.1 User-Agent: Werkzeug/3.1.3
2025-11-22 22:05:09 [INFO] [app.main] [Worker-61672] [1763845509520] Request body: {'body_type': 'Stationcar', 'brand': 'Ford', 'doors': 5, 'fuel_type': 'Diesel', 'horsepower': 120, 'mileage': 70000, 'model': 'Focus', 'seats': 5, 'transmission': 'Automatic', 'year': 2018}
2025-11-22 22:05:09 [INFO] [app.main] [Worker-61672] [1763845509520] Price prediction requested for: Ford Focus 2018
2025-11-22 22:05:09 [INFO] [app.main] [Worker-61672] [1763845509520] Prediction completed in 0.000s: 75874.62 DKK (confidence: 85.0%)
2025-11-22 22:05:09 [INFO] [app.main] [Worker-61672] [1763845509520] Response: 200 Duration: 0.004s Size: 373 bytes
2025-11-22 22:05:09 [INFO] [app.main] [Worker-61672] [1763845509546] POST /api/predict from 127.0.0.1 User-Agent: Werkzeug/3.1.3
2025-11-22 22:05:09 [INFO] [app.main] [Worker-61672] [1763845509546] Request body: {'body_type': 'Hatchback', 'brand': 'Audi', 'engine_size': 'not_a_number', 'fuel_type': 'Diesel', 'mileage': 30000, 'model': 'A3', 'transmission': 'Automatic', 'year': 2020}
2025-11-22 22:05:09 [INFO] [app.main] [Worker-61672] [1763845509546] Price prediction requested for: Audi A3 2020
2025-11-22 22:05:09 [WARNING] [app.main] [Worker-61672] [1763845509546] Validation error in predict_price: engine_size must be numeric
2025-11-22 22:05:09 [INFO] [app.main] [Worker-61672] [1763845509546] Response: 400 Duration: 0.002s Size: 56 bytes
2025-11-22 22:05:09 [INFO] [app.main] [Worker-61672] [1763845509571] POST /api/predict from 127.0.0.1 User-Agent: Werkzeug/3.1.3
2025-11-22 22:05:09 [INFO] [app.main] [Worker-61672] [1763845509571] Request body: {'body_type': 'Hatchback', 'brand': 'Seat', 'fuel_type': 'Benzin', 'horsepower': 'invalid', 'mileage': 50000, 'model': 'Leon', 'transmission': 'Manual', 'year': 2019}
2025-11-22 22:05:09 [INFO] [app.main] [Worker-61672] [1763845509571] Price prediction requested for: Seat Leon 2019
2025-11-22 22:05:09 [WARNING] [app.main] [Worker-61672] [1763845509571] Validation error in predict_price: horsepower must be an integer
2025-11-22 22:05:09 [INFO] [app.main] [Worker-61672] [1763845509571] Response: 400 Duration: 0.001s Size: 58 bytes
2025-11-22 22:05:09 [INFO] [app.main] [Worker-61672] [1763845509594] POST /api/predict from 127.0.0.1 User-Agent: Werkzeug/3.1.3
2025-11-22 22:05:09 [INFO] [app.main] [Worker-61672] [1763845509594] Request body: {'body_type': 'Sedan', 'brand': 'Skoda', 'fuel_type': 'Diesel', 'mileage': 20000, 'model': 'Octavia', 'transmission': 'Automatic', 'year': 2020}
2025-11-22 22:05:09 [INFO] [app.main] [Worker-61672] [1763845509594] Price prediction requested for: Skoda Octavia 2020
2025-11-22 22:05:09 [INFO] [app.main] [Worker-61672] [1763845509594] Prediction completed in 0.000s: 104229.18 DKK (confidence: 82.0%)
2025-11-22 22:05:09 [INFO] [app.main] [Worker-61672] [1763845509594] Response: 200 Duration: 0.003s Size: 336 bytes
2025-11-22 22:05:09 [INFO] [app.main] [Worker-61672] [1763845509619] POST /api/predict from 127.0.0.1 User-Agent: Werkzeug/3.1.3
2025-11-22 22:05:09 [INFO] [app.main] [Worker-61672] [1763845509619] Request body: {'body_type': 'Hatchback', 'brand': 'Renault', 'fuel_type': 'Benzin', 'mileage': 45000, 'model': 'Clio', 'transmission': 'Manual', 'year': 2019}
2025-11-22 22:05:09 [INFO] [app.main] [Worker-61672] [1763845509619] Price prediction requested for: Renault Clio 2019
2025-11-22 22:05:09 [INFO] [app.main] [Worker-61672] [1763845509619] Queued prediction job 861f67c0-d6a0-46e5-a3fd-ea7dc177d26f (mode=client_force_queue, priority=100, position=0)
2025-11-22 22:05:09 [INFO] [app.main] [Worker-61672] [1763845509619] Response: 202 Duration: 0.012s Size: 403 bytes
2025-11-22 22:05:09 [INFO] [app.main] [Worker-61672] [1763845509652] GET /api/cars/nonexistent-id-12345 from 127.0.0.1 User-Agent: Werkzeug/3.1.3
2025-11-22 22:05:09 [INFO] [app.main] [Worker-61672] [1763845509652] Fetching car with ID: nonexistent-id-12345
2025-11-22 22:05:09 [WARNING] [app.main] [Worker-61672] [1763845509652] 404 error: /api/cars/nonexistent-id-12345
2025-11-22 22:05:09 [INFO] [app.main] [Worker-61672] [1763845509652] Response: 404 Duration: 0.003s Size: 87 bytes
2025-11-22 22:05:09 [INFO] [app.main] [Worker-61672] [1763845509676] POST /api/cars from 127.0.0.1 User-Agent: Werkzeug/3.1.3
2025-11-22 22:05:09 [INFO] [app.main] [Worker-61672] [1763845509676] Request body: {'body_type': 'Hatchback', 'brand': 'Peugeot', 'color': 'Blue', 'dealer_name': 'Test Dealer', 'doors': 5, 'engine_size': 1.2, 'fuel_type': 'Benzin', 'horsepower': 100, 'location': 'Aarhus', 'mileage': 15000, 'model': '208', 'price': 180000.0, 'seats': 5, 'transmission': 'Automatic', 'year': 2021}
2025-11-22 22:05:09 [INFO] [app.main] [Worker-61672] [1763845509676] Creating new car: Peugeot 208
2025-11-22 22:05:09 [INFO] [app.main] [Worker-61672] [1763845509676] Successfully created car with ID: e4ed4b04-7ba5-43da-976f-178bf7b04110
2025-11-22 22:05:09 [INFO] [app.main] [Worker-61672] [1763845509676] Response: 201 Duration: 0.005s Size: 1227 bytes
2025-11-22 22:05:09 [INFO] [app.main] [Worker-61672] [1763845509709] GET /api/cars from 127.0.0.1 User-Agent: Werkzeug/3.1.3
2025-11-22 22:05:09 [INFO] [app.main] [Worker-61672] [1763845509709] Fetching cars with filters: ImmutableMultiDict([('brand', 'Toyota'), ('model', 'Camry'), ('fuel_type', 'Benzin'), ('transmission', 'Automatisk'), ('body_type', 'Sedan'), ('min_year', '2015'), ('max_year', '2025'), ('min_price', '100000'), ('max_price', '500000'), ('min_mileage', '0'), ('max_mileage', '100000'), ('page', '1'), ('per_page', '10'), ('sort_by', 'price'), ('sort_order', 'asc')])
2025-11-22 22:05:09 [INFO] [app.main] [Worker-61672] [1763845509709] Found 1 cars, returning page 1/1 with 1 items
2025-11-22 22:05:09 [INFO] [app.main] [Worker-61672] [1763845509709] Response: 200 Duration: 0.025s Size: 1290 bytes
2025-11-22 22:05:09 [INFO] [app.main] [Worker-61672] [1763845509756] POST /api/predict from 127.0.0.1 User-Agent: Werkzeug/3.1.3
2025-11-22 22:05:09 [INFO] [app.main] [Worker-61672] [1763845509756] Request body: {'body_type': 'Hatchback', 'brand': 'Citroen', 'fuel_type': 'Diesel', 'mileage': 'lots', 'model': 'C3', 'transmission': 'Manual', 'year': 2019}
2025-11-22 22:05:09 [INFO] [app.main] [Worker-61672] [1763845509756] Price prediction requested for: Citroen C3 2019
2025-11-22 22:05:09 [WARNING] [app.main] [Worker-61672] [1763845509756] Validation error in predict_price: Mileage must be an integer
2025-11-22 22:05:09 [INFO] [app.main] [Worker-61672] [1763845509756] Response: 400 Duration: 0.001s Size: 55 bytes
2025-11-22 22:05:09 [INFO] [app.main] [Worker-61672] [1763845509782] GET /api/brands from 127.0.0.1 User-Agent: Werkzeug/3.1.3
2025-11-22 22:05:09 [INFO] [app.main] [Worker-61672] [1763845509782] Fetching brands
2025-11-22 22:05:09 [INFO] [app.main] [Worker-61672] [1763845509782] Found 1 brands
2025-11-22 22:05:09 [INFO] [app.main] [Worker-61672] [1763845509782] Response: 200 Duration: 0.002s Size: 56 bytes
2025-11-22 22:05:09 [INFO] [app.main] [Worker-61672] [1763845509810] GET /api/models from 127.0.0.1 User-Agent: Werkzeug/3.1.3
2025-11-22 22:05:09 [WARNING] [app.main] [Worker-61672] [1763845509810] 404 error: /api/models
2025-11-22 22:05:09 [INFO] [app.main] [Worker-61672] [1763845509810] Response: 404 Duration: 0.002s Size: 68 bytes
2025-11-22 22:05:09 [INFO] [app.main] [Worker-61672] [1763845509838] GET /api/filters from 127.0.0.1 User-Agent: Werkzeug/3.1.3
2025-11-22 22:05:09 [INFO] [app.main] [Worker-61672] [1763845509838] Fetching filter options
2025-11-22 22:05:09 [INFO] [app.main] [Worker-61672] [1763845509838] Retrieved all filter options successfully
2025-11-22 22:05:09 [INFO] [app.main] [Worker-61672] [1763845509838] Response: 200 Duration: 0.007s Size: 339 bytes
2025-11-22 22:05:09 [INFO] [app.main] [Worker-61672] [1763845509871] GET /api/cars from 127.0.0.1 User-Agent: Werkzeug/3.1.3
2025-11-22 22:05:09 [INFO] [app.main] [Worker-61672] [1763845509871] Fetching cars with filters: ImmutableMultiDict([('search', 'Toy')])
2025-11-22 22:05:09 [INFO] [app.main] [Worker-61672] [1763845509871] Found 1 cars, returning page 1/1 with 1 items
2025-11-22 22:05:09 [INFO] [app.main] [Worker-61672] [1763845509871] Response: 200 Duration: 0.004s Size: 1290 bytes
2025-11-22 22:05:09 [INFO] [app.main] [Worker-61672] [1763845509900] POST /api/predict from 127.0.0.1 User-Agent: Werkzeug/3.1.3
2025-11-22 22:05:09 [INFO] [app.main] [Worker-61672] [1763845509900] Request body: {'body_type': 'SUV', 'brand': 'Mazda', 'color': 'Red', 'doors': 5, 'engine_size': 2.0, 'fuel_type': 'Benzin', 'horsepower': 165, 'mileage': 25000, 'model': 'CX-5', 'seats': 5, 'transmission': 'Automatic', 'year': 2021}
2025-11-22 22:05:09 [INFO] [app.main] [Worker-61672] [1763845509900] Price prediction requested for: Mazda CX-5 2021
2025-11-22 22:05:09 [INFO] [app.main] [Worker-61672] [1763845509900] Prediction completed in 0.000s: 170278.62 DKK (confidence: 87.0%)
2025-11-22 22:05:09 [INFO] [app.main] [Worker-61672] [1763845509900] Response: 200 Duration: 0.003s Size: 400 bytes
2025-11-22 22:05:09 [INFO] [app.main] [Worker-61672] [1763845509926] POST /api/cars from 127.0.0.1 User-Agent: Werkzeug/3.1.3
2025-11-22 22:05:09 [INFO] [app.main] [Worker-61672] [1763845509926] Request body: {'body_type': 'Hatchback', 'brand': 'Hyundai', 'fuel_type': 'Diesel', 'mileage': 60000, 'model': 'i30', 'price': 140000.0, 'transmission': 'Manual', 'year': 2019}
2025-11-22 22:05:09 [INFO] [app.main] [Worker-61672] [1763845509926] Creating new car: Hyundai i30
2025-11-22 22:05:09 [INFO] [app.main] [Worker-61672] [1763845509926] Successfully created car with ID: 75de7b04-8289-47e2-9bbc-e399ca519a63
2025-11-22 22:05:09 [INFO] [app.main] [Worker-61672] [1763845509926] Response: 201 Duration: 0.008s Size: 1217 bytes
2025-11-22 22:05:09 [INFO] [app.main] [Worker-61672] [1763845509960] GET /api/cars from 127.0.0.1 User-Agent: Werkzeug/3.1.3
2025-11-22 22:05:09 [INFO] [app.main] [Worker-61672] [1763845509960] Fetching cars with filters: ImmutableMultiDict([('min_price', '100000')])
2025-11-22 22:05:09 [INFO] [app.main] [Worker-61672] [1763845509960] Found 1 cars, returning page 1/1 with 1 items
2025-11-22 22:05:09 [INFO] [app.main] [Worker-61672] [1763845509960] Response: 200 Duration: 0.005s Size: 1290 bytes
2025-11-22 22:05:09 [INFO] [app.main] [Worker-61672] [1763845509967] GET /api/cars from 127.0.0.1 User-Agent: Werkzeug/3.1.3
2025-11-22 22:05:09 [INFO] [app.main] [Worker-61672] [1763845509967] Fetching cars with filters: ImmutableMultiDict([('max_price', '500000')])
2025-11-22 22:05:09 [INFO] [app.main] [Worker-61672] [1763845509967] Found 1 cars, returning page 1/1 with 1 items
2025-11-22 22:05:09 [INFO] [app.main] [Worker-61672] [1763845509967] Response: 200 Duration: 0.002s Size: 1290 bytes
2025-11-22 22:05:09 [INFO] [app.main] [Worker-61672] [1763845509997] GET /api/cars from 127.0.0.1 User-Agent: Werkzeug/3.1.3
2025-11-22 22:05:09 [INFO] [app.main] [Worker-61672] [1763845509997] Fetching cars with filters: ImmutableMultiDict([('min_year', '2015')])
2025-11-22 22:05:10 [INFO] [app.main] [Worker-61672] [1763845509997] Found 1 cars, returning page 1/1 with 1 items
2025-11-22 22:05:10 [INFO] [app.main] [Worker-61672] [1763845509997] Response: 200 Duration: 0.005s Size: 1290 bytes
2025-11-22 22:05:10 [INFO] [app.main] [Worker-61672] [1763845510004] GET /api/cars from 127.0.0.1 User-Agent: Werkzeug/3.1.3
2025-11-22 22:05:10 [INFO] [app.main] [Worker-61672] [1763845510004] Fetching cars with filters: ImmutableMultiDict([('max_year', '2025')])
2025-11-22 22:05:10 [INFO] [app.main] [Worker-61672] [1763845510004] Found 1 cars, returning page 1/1 with 1 items
2025-11-22 22:05:10 [INFO] [app.main] [Worker-61672] [1763845510004] Response: 200 Duration: 0.003s Size: 1290 bytes
2025-11-22 22:05:10 [INFO] [app.main] [Worker-61672] [1763845510033] GET /api/health from 127.0.0.1 User-Agent: Werkzeug/3.1.3
2025-11-22 22:05:10 [WARNING] [app.main] [Worker-61672] [1763845510033] 404 error: /api/health
2025-11-22 22:05:10 [INFO] [app.main] [Worker-61672] [1763845510033] Response: 404 Duration: 0.001s Size: 68 bytes
2025-11-22 22:05:10 [INFO] [app.main] [Worker-61672] [1763845510067] GET /api/cars from 127.0.0.1 User-Agent: Werkzeug/3.1.3
2025-11-22 22:05:10 [INFO] [app.main] [Worker-61672] [1763845510067] Fetching cars with filters: ImmutableMultiDict([('min_mileage', '10000'), ('max_mileage', '100000')])
2025-11-22 22:05:10 [INFO] [app.main] [Worker-61672] [1763845510067] Found 1 cars, returning page 1/1 with 1 items
2025-11-22 22:05:10 [INFO] [app.main] [Worker-61672] [1763845510067] Response: 200 Duration: 0.005s Size: 1290 bytes
2025-11-22 22:05:10 [INFO] [app.main] [Worker-61672] [1763845510101] GET /api/cars from 127.0.0.1 User-Agent: Werkzeug/3.1.3
2025-11-22 22:05:10 [INFO] [app.main] [Worker-61672] [1763845510101] Fetching cars with filters: ImmutableMultiDict([('sort_by', 'price'), ('sort_order', 'asc')])
2025-11-22 22:05:10 [INFO] [app.main] [Worker-61672] [1763845510101] Found 3 cars, returning page 1/1 with 3 items
2025-11-22 22:05:10 [INFO] [app.main] [Worker-61672] [1763845510101] Response: 200 Duration: 0.009s Size: 3618 bytes
2025-11-22 22:05:10 [INFO] [app.main] [Worker-61672] [1763845510138] POST /api/predict from 127.0.0.1 User-Agent: Werkzeug/3.1.3
2025-11-22 22:05:10 [INFO] [app.main] [Worker-61672] [1763845510138] Request body: {'body_type': 'Hatchback', 'brand': 'Kia', 'fuel_type': 'Diesel', 'mileage': 35000, 'model': 'Ceed', 'transmission': 'Manual', 'year': 2020}
2025-11-22 22:05:10 [INFO] [app.main] [Worker-61672] [1763845510138] Price prediction requested for: Kia Ceed 2020
2025-11-22 22:05:10 [INFO] [app.main] [Worker-61672] [1763845510138] Prediction completed in 0.000s: 81570.67 DKK (confidence: 82.0%)
2025-11-22 22:05:10 [INFO] [app.main] [Worker-61672] [1763845510138] Response: 200 Duration: 0.004s Size: 329 bytes
2025-11-22 22:05:10 [INFO] [app.main] [Worker-61672] [1763845510173] POST /api/predict from 127.0.0.1 User-Agent: Werkzeug/3.1.3
2025-11-22 22:05:10 [INFO] [app.main] [Worker-61672] [1763845510173] Request body: {'body_type': 'SUV', 'brand': 'Nissan', 'fuel_type': 'Diesel', 'mileage': 50000, 'model': 'Qashqai', 'transmission': 'Automatic', 'year': 2019}
2025-11-22 22:05:10 [INFO] [app.main] [Worker-61672] [1763845510173] Price prediction requested for: Nissan Qashqai 2019
2025-11-22 22:05:10 [INFO] [app.main] [Worker-61672] [1763845510173] Prediction completed in 0.000s: 110120.4 DKK (confidence: 82.0%)
2025-11-22 22:05:10 [INFO] [app.main] [Worker-61672] [1763845510173] Response: 200 Duration: 0.005s Size: 333 bytes
2025-11-22 22:05:10 [INFO] [app.main] [Worker-61672] [1763845510209] GET /api/cars from 127.0.0.1 User-Agent: Werkzeug/3.1.3
2025-11-22 22:05:10 [INFO] [app.main] [Worker-61672] [1763845510209] Fetching cars with filters: ImmutableMultiDict([('model', 'Camry')])
2025-11-22 22:05:10 [INFO] [app.main] [Worker-61672] [1763845510209] Found 1 cars, returning page 1/1 with 1 items
2025-11-22 22:05:10 [INFO] [app.main] [Worker-61672] [1763845510209] Response: 200 Duration: 0.027s Size: 1290 bytes
2025-11-22 22:05:10 [INFO] [app.main] [Worker-61672] [1763845510260] GET /api/cars from 127.0.0.1 User-Agent: Werkzeug/3.1.3
2025-11-22 22:05:10 [INFO] [app.main] [Worker-61672] [1763845510260] Fetching cars with filters: ImmutableMultiDict([('location', 'Copenhagen')])
2025-11-22 22:05:10 [INFO] [app.main] [Worker-61672] [1763845510260] Found 1 cars, returning page 1/1 with 1 items
2025-11-22 22:05:10 [INFO] [app.main] [Worker-61672] [1763845510260] Response: 200 Duration: 0.029s Size: 1290 bytes
2025-11-22 22:05:10 [INFO] [app.main] [Worker-61672] [1763845510317] GET /api/cars from 127.0.0.1 User-Agent: Werkzeug/3.1.3
2025-11-22 22:05:10 [INFO] [app.main] [Worker-61672] [1763845510317] Fetching cars with filters: ImmutableMultiDict([('sort_by', 'year'), ('sort_order', 'desc')])
2025-11-22 22:05:10 [INFO] [app.main] [Worker-61672] [1763845510317] Found 3 cars, returning page 1/1 with 3 items
2025-11-22 22:05:10 [INFO] [app.main] [Worker-61672] [1763845510317] Response: 200 Duration: 0.008s Size: 3618 bytes
2025-11-22 22:05:10 [INFO] [app.main] [Worker-61672] [1763845510362] GET /api/cars from 127.0.0.1 User-Agent: Werkzeug/3.1.3
2025-11-22 22:05:10 [INFO] [app.main] [Worker-61672] [1763845510362] Fetching cars with filters: ImmutableMultiDict([('sort_by', 'mileage'), ('sort_order', 'asc')])
2025-11-22 22:05:10 [INFO] [app.main] [Worker-61672] [1763845510362] Found 3 cars, returning page 1/1 with 3 items
2025-11-22 22:05:10 [INFO] [app.main] [Worker-61672] [1763845510362] Response: 200 Duration: 0.015s Size: 3618 bytes
2025-11-22 22:05:10 [INFO] [app.main] [Worker-61672] [1763845510404] GET /api/cars from 127.0.0.1 User-Agent: Werkzeug/3.1.3
2025-11-22 22:05:10 [INFO] [app.main] [Worker-61672] [1763845510404] Fetching cars with filters: ImmutableMultiDict([('max_mileage', '100000')])
2025-11-22 22:05:10 [INFO] [app.main] [Worker-61672] [1763845510404] Found 1 cars, returning page 1/1 with 1 items
2025-11-22 22:05:10 [INFO] [app.main] [Worker-61672] [1763845510404] Response: 200 Duration: 0.004s Size: 1290 bytes
2025-11-22 22:05:10 [INFO] [app.main] [Worker-61672] [1763845510437] GET /api/cars from 127.0.0.1 User-Agent: Werkzeug/3.1.3
2025-11-22 22:05:10 [INFO] [app.main] [Worker-61672] [1763845510437] Fetching cars with filters: ImmutableMultiDict([('min_mileage', '10000')])
2025-11-22 22:05:10 [INFO] [app.main] [Worker-61672] [1763845510437] Found 1 cars, returning page 1/1 with 1 items
2025-11-22 22:05:10 [INFO] [app.main] [Worker-61672] [1763845510437] Response: 200 Duration: 0.005s Size: 1290 bytes
2025-11-22 22:05:10 [INFO] [app.main] [Worker-61672] [1763845510466] POST /api/predict from 127.0.0.1 User-Agent: Werkzeug/3.1.3
2025-11-22 22:05:10 [INFO] [app.main] [Worker-61672] [1763845510466] Request body: {'body_type': 'Sedan', 'brand': 'Honda', 'fuel_type': 'Benzin', 'mileage': 40000, 'model': 'Civic', 'transmission': 'Manual', 'year': 2020}
2025-11-22 22:05:10 [INFO] [app.main] [Worker-61672] [1763845510466] Price prediction requested for: Honda Civic 2020
2025-11-22 22:05:10 [INFO] [app.main] [Worker-61672] [1763845510466] Prediction completed in 0.000s: 102039.62 DKK (confidence: 82.0%)
2025-11-22 22:05:10 [INFO] [app.main] [Worker-61672] [1763845510466] Response: 200 Duration: 0.003s Size: 330 bytes
2025-11-22 22:05:10 [INFO] [app.main] [Worker-61672] [1763845510497] GET /api/cars from 127.0.0.1 User-Agent: Werkzeug/3.1.3
2025-11-22 22:05:10 [INFO] [app.main] [Worker-61672] [1763845510497] Fetching cars with filters: ImmutableMultiDict([('brand', 'Toyota'), ('model', 'Camry'), ('fuel_type', 'Benzin'), ('transmission', 'Automatisk'), ('body_type', 'Sedan'), ('location', 'Aarhus'), ('min_year', '2015'), ('max_year', '2025')])
2025-11-22 22:05:10 [INFO] [app.main] [Worker-61672] [1763845510497] Found 1 cars, returning page 1/1 with 1 items
2025-11-22 22:05:10 [INFO] [app.main] [Worker-61672] [1763845510497] Response: 200 Duration: 0.089s Size: 1286 bytes
2025-11-22 22:05:10 [INFO] [app.main] [Worker-61672] [1763845510613] POST /api/cars from 127.0.0.1 User-Agent: Werkzeug/3.1.3
2025-11-22 22:05:10 [INFO] [app.main] [Worker-61672] [1763845510613] Request body: {'body_type': 'Sedan', 'brand': 'Subaru', 'fuel_type': 'Benzin', 'mileage': 55000, 'model': 'Impreza', 'price': 'expensive', 'transmission': 'Manual', 'year': 2019}
2025-11-22 22:05:10 [INFO] [app.main] [Worker-61672] [1763845510613] Creating new car: Subaru Impreza
2025-11-22 22:05:10 [WARNING] [app.main] [Worker-61672] [1763845510613] Validation error in create_car: Price must be a number
2025-11-22 22:05:10 [INFO] [app.main] [Worker-61672] [1763845510613] Response: 400 Duration: 0.001s Size: 51 bytes
2025-11-22 22:05:10 [INFO] [app.main] [Worker-61672] [1763845510639] POST /api/cars from 127.0.0.1 User-Agent: Werkzeug/3.1.3
2025-11-22 22:05:10 [INFO] [app.main] [Worker-61672] [1763845510639] Request body: {'body_type': 'SUV', 'brand': 'Mitsubishi', 'fuel_type': 'Diesel', 'mileage': -1000, 'model': 'Outlander', 'price': 280000.0, 'transmission': 'Automatic', 'year': 2020}
2025-11-22 22:05:10 [INFO] [app.main] [Worker-61672] [1763845510639] Creating new car: Mitsubishi Outlander
2025-11-22 22:05:10 [WARNING] [app.main] [Worker-61672] [1763845510639] Validation error in create_car: mileage cannot be negative
2025-11-22 22:05:10 [INFO] [app.main] [Worker-61672] [1763845510639] Response: 400 Duration: 0.002s Size: 55 bytes
2025-11-22 22:05:10 [INFO] [app.main] [Worker-61672] [1763845510672] POST /api/predict from 127.0.0.1 User-Agent: Werkzeug/3.1.3
2025-11-22 22:05:10 [INFO] [app.main] [Worker-61672] [1763845510672] Request body: {'body_type': 'Sedan', 'brand': 'Lexus', 'doors': 'many', 'fuel_type': 'Benzin', 'mileage': 35000, 'model': 'IS', 'transmission': 'Automatic', 'year': 2019}
2025-11-22 22:05:10 [INFO] [app.main] [Worker-61672] [1763845510672] Price prediction requested for: Lexus IS 2019
2025-11-22 22:05:10 [WARNING] [app.main] [Worker-61672] [1763845510672] Validation error in predict_price: doors must be an integer
2025-11-22 22:05:10 [INFO] [app.main] [Worker-61672] [1763845510672] Response: 400 Duration: 0.002s Size: 53 bytes
2025-11-22 22:05:10 [INFO] [app.main] [Worker-61672] [1763845510701] POST /api/predict from 127.0.0.1 User-Agent: Werkzeug/3.1.3
2025-11-22 22:05:10 [INFO] [app.main] [Worker-61672] [1763845510701] Request body: {'body_type': 'SUV', 'brand': 'Jeep', 'fuel_type': 'Benzin', 'mileage': 28000, 'model': 'Cherokee', 'seats': 'lots', 'transmission': 'Automatic', 'year': 2020}
2025-11-22 22:05:10 [INFO] [app.main] [Worker-61672] [1763845510701] Price prediction requested for: Jeep Cherokee 2020
2025-11-22 22:05:10 [WARNING] [app.main] [Worker-61672] [1763845510701] Validation error in predict_price: seats must be an integer
2025-11-22 22:05:10 [INFO] [app.main] [Worker-61672] [1763845510701] Response: 400 Duration: 0.002s Size: 53 bytes
2025-11-22 22:05:10 [INFO] [app.main] [Worker-61672] [1763845510736] GET /api/cars/559ee7ba-6e76-462f-aee6-fa4773767e84 from 127.0.0.1 User-Agent: Werkzeug/3.1.3
2025-11-22 22:05:10 [INFO] [app.main] [Worker-61672] [1763845510736] Fetching car with ID: 559ee7ba-6e76-462f-aee6-fa4773767e84
2025-11-22 22:05:10 [INFO] [app.main] [Worker-61672] [1763845510736] Successfully retrieved car 559ee7ba-6e76-462f-aee6-fa4773767e84
2025-11-22 22:05:10 [INFO] [app.main] [Worker-61672] [1763845510736] Response: 200 Duration: 0.003s Size: 1187 bytes
2025-11-22 22:05:10 [INFO] [app.main] [Worker-61672] [1763845510771] GET /api/cars from 127.0.0.1 User-Agent: Werkzeug/3.1.3
2025-11-22 22:05:10 [INFO] [app.main] [Worker-61672] [1763845510771] Fetching cars with filters: ImmutableMultiDict([('min_price', '100000'), ('max_price', '400000'), ('min_year', '2015'), ('max_year', '2023')])
2025-11-22 22:05:10 [INFO] [app.main] [Worker-61672] [1763845510771] Found 1 cars, returning page 1/1 with 1 items
2025-11-22 22:05:10 [INFO] [app.main] [Worker-61672] [1763845510771] Response: 200 Duration: 0.007s Size: 1290 bytes
2025-11-22 22:05:11 [INFO] [prediction_worker] [Worker-61672] Completed job 6e49c1da-0008-462e-9d3a-8955147bac59
2025-11-22 22:12:18 [INFO] [app.main] [Worker-82504] ================================================================================
2025-11-22 22:12:18 [INFO] [app.main] [Worker-82504] INITIALIZING BPR BACKEND API
2025-11-22 22:12:18 [INFO] [app.main] [Worker-82504] ================================================================================
2025-11-22 22:12:18 [INFO] [app.main] [Worker-82504] CORS locked to: ['https://bpr-g26.netlify.app', 'https://test.bachelorproject26.site', 'https://bachelorproject26.site', 'http://localhost:5173', 'http://127.0.0.1:5173', 'https://carpredict.netlify.app']
2025-11-22 22:12:18 [INFO] [app.main] [Worker-82504] Database URL configured: db:5432/car_prediction
2025-11-22 22:12:19 [INFO] [app.main] [Worker-82504] Database initialized with connection pooling
2025-11-22 22:12:19 [INFO] [app.main] [Worker-82504] Initializing ML predictor...
2025-11-22 22:12:19 [INFO] [app.main] [Worker-82504] ML Predictor initialized: {'version': 'v1.0.0-heuristic', 'loaded': False, 'type': 'heuristic', 'model_name': 'N/A', 'test_r2': 'N/A', 'test_mae': 'N/A', 'features_count': 0}
2025-11-22 22:12:19 [INFO] [app.main] [Worker-82504] Application loaded by WSGI server
2025-11-22 22:12:19 [INFO] [app.main] [Worker-82504] Configuration: {'pool_size': 10, 'pool_recycle': 3600, 'pool_pre_ping': True, 'max_overflow': 20}
2025-11-22 22:12:30 [INFO] [app.main] [Worker-37648] ================================================================================
2025-11-22 22:12:30 [INFO] [app.main] [Worker-37648] INITIALIZING BPR BACKEND API
2025-11-22 22:12:30 [INFO] [app.main] [Worker-37648] ================================================================================
2025-11-22 22:12:30 [INFO] [app.main] [Worker-37648] CORS locked to: ['https://bpr-g26.netlify.app', 'https://test.bachelorproject26.site', 'https://bachelorproject26.site', 'http://localhost:5173', 'http://127.0.0.1:5173', 'https://carpredict.netlify.app']
2025-11-22 22:12:30 [INFO] [app.main] [Worker-37648] Database URL configured: db:5432/car_prediction
2025-11-22 22:12:30 [INFO] [app.main] [Worker-37648] Database initialized with connection pooling
2025-11-22 22:12:30 [INFO] [app.main] [Worker-37648] Initializing ML predictor...
2025-11-22 22:12:30 [INFO] [app.main] [Worker-37648] ML Predictor initialized: {'version': 'v1.0.0-heuristic', 'loaded': False, 'type': 'heuristic', 'model_name': 'N/A', 'test_r2': 'N/A', 'test_mae': 'N/A', 'features_count': 0}
2025-11-22 22:12:30 [INFO] [app.main] [Worker-37648] Application loaded by WSGI server
2025-11-22 22:12:30 [INFO] [app.main] [Worker-37648] Configuration: {'pool_size': 10, 'pool_recycle': 3600, 'pool_pre_ping': True, 'max_overflow': 20}
2025-11-22 22:12:57 [INFO] [app.main] [Worker-31952] ================================================================================
2025-11-22 22:12:57 [INFO] [app.main] [Worker-31952] INITIALIZING BPR BACKEND API
2025-11-22 22:12:57 [INFO] [app.main] [Worker-31952] ================================================================================
2025-11-22 22:12:57 [INFO] [app.main] [Worker-31952] CORS locked to: ['https://bpr-g26.netlify.app', 'https://test.bachelorproject26.site', 'https://bachelorproject26.site', 'http://localhost:5173', 'http://127.0.0.1:5173', 'https://carpredict.netlify.app']
2025-11-22 22:12:57 [INFO] [app.main] [Worker-31952] Database URL configured: db:5432/car_prediction
2025-11-22 22:12:58 [INFO] [app.main] [Worker-31952] Database initialized with connection pooling
2025-11-22 22:12:58 [INFO] [app.main] [Worker-31952] Initializing ML predictor...
2025-11-22 22:12:58 [INFO] [app.main] [Worker-31952] ML Predictor initialized: {'version': 'v1.0.0-heuristic', 'loaded': False, 'type': 'heuristic', 'model_name': 'N/A', 'test_r2': 'N/A', 'test_mae': 'N/A', 'features_count': 0}
2025-11-22 22:12:58 [INFO] [app.main] [Worker-31952] Application loaded by WSGI server
2025-11-22 22:12:58 [INFO] [app.main] [Worker-31952] Configuration: {'pool_size': 10, 'pool_recycle': 3600, 'pool_pre_ping': True, 'max_overflow': 20}
2025-11-22 22:12:58 [INFO] [app.main] [Worker-31952] [1763845978050] GET /api/market/statistics from 127.0.0.1 User-Agent: Werkzeug/3.1.3
2025-11-22 22:12:58 [INFO] [app.main] [Worker-31952] [1763845978050] Fetching market statistics
2025-11-22 22:13:00 [ERROR] [app.main] [Worker-31952] [1763845978050] Database error in get_market_statistics: (psycopg2.OperationalError) could not translate host name "db" to address: No such host is known. 

(Background on this error at: https://sqlalche.me/e/20/e3q8)
2025-11-22 22:13:01 [ERROR] [app.main] [Worker-31952] Traceback (most recent call last):
  File "C:\Users\Igor Cretu\AppData\Local\Programs\Python\Python312\Lib\site-packages\sqlalchemy\engine\base.py", line 145, in __init__
    self._dbapi_connection = engine.raw_connection()
                             ^^^^^^^^^^^^^^^^^^^^^^^
  File "C:\Users\Igor Cretu\AppData\Local\Programs\Python\Python312\Lib\site-packages\sqlalchemy\engine\base.py", line 3292, in raw_connection
    return self.pool.connect()
           ^^^^^^^^^^^^^^^^^^^
  File "C:\Users\Igor Cretu\AppData\Local\Programs\Python\Python312\Lib\site-packages\sqlalchemy\pool\base.py", line 452, in connect
    return _ConnectionFairy._checkout(self)
           ^^^^^^^^^^^^^^^^^^^^^^^^^^^^^^^^
  File "C:\Users\Igor Cretu\AppData\Local\Programs\Python\Python312\Lib\site-packages\sqlalchemy\pool\base.py", line 1269, in _checkout
    fairy = _ConnectionRecord.checkout(pool)
            ^^^^^^^^^^^^^^^^^^^^^^^^^^^^^^^^
  File "C:\Users\Igor Cretu\AppData\Local\Programs\Python\Python312\Lib\site-packages\sqlalchemy\pool\base.py", line 716, in checkout
    rec = pool._do_get()
          ^^^^^^^^^^^^^^
  File "C:\Users\Igor Cretu\AppData\Local\Programs\Python\Python312\Lib\site-packages\sqlalchemy\pool\impl.py", line 169, in _do_get
    with util.safe_reraise():
         ^^^^^^^^^^^^^^^^^^^
  File "C:\Users\Igor Cretu\AppData\Local\Programs\Python\Python312\Lib\site-packages\sqlalchemy\util\langhelpers.py", line 146, in __exit__
    raise exc_value.with_traceback(exc_tb)
  File "C:\Users\Igor Cretu\AppData\Local\Programs\Python\Python312\Lib\site-packages\sqlalchemy\pool\impl.py", line 167, in _do_get
    return self._create_connection()
           ^^^^^^^^^^^^^^^^^^^^^^^^^
  File "C:\Users\Igor Cretu\AppData\Local\Programs\Python\Python312\Lib\site-packages\sqlalchemy\pool\base.py", line 393, in _create_connection
    return _ConnectionRecord(self)
           ^^^^^^^^^^^^^^^^^^^^^^^
  File "C:\Users\Igor Cretu\AppData\Local\Programs\Python\Python312\Lib\site-packages\sqlalchemy\pool\base.py", line 678, in __init__
    self.__connect()
  File "C:\Users\Igor Cretu\AppData\Local\Programs\Python\Python312\Lib\site-packages\sqlalchemy\pool\base.py", line 902, in __connect
    with util.safe_reraise():
         ^^^^^^^^^^^^^^^^^^^
  File "C:\Users\Igor Cretu\AppData\Local\Programs\Python\Python312\Lib\site-packages\sqlalchemy\util\langhelpers.py", line 146, in __exit__
    raise exc_value.with_traceback(exc_tb)
  File "C:\Users\Igor Cretu\AppData\Local\Programs\Python\Python312\Lib\site-packages\sqlalchemy\pool\base.py", line 898, in __connect
    self.dbapi_connection = connection = pool._invoke_creator(self)
                                         ^^^^^^^^^^^^^^^^^^^^^^^^^^
  File "C:\Users\Igor Cretu\AppData\Local\Programs\Python\Python312\Lib\site-packages\sqlalchemy\engine\create.py", line 637, in connect
    return dialect.connect(*cargs, **cparams)
           ^^^^^^^^^^^^^^^^^^^^^^^^^^^^^^^^^^
  File "C:\Users\Igor Cretu\AppData\Local\Programs\Python\Python312\Lib\site-packages\sqlalchemy\engine\default.py", line 616, in connect
    return self.loaded_dbapi.connect(*cargs, **cparams)
           ^^^^^^^^^^^^^^^^^^^^^^^^^^^^^^^^^^^^^^^^^^^^
  File "C:\Users\Igor Cretu\AppData\Local\Programs\Python\Python312\Lib\site-packages\psycopg2\__init__.py", line 122, in connect
    conn = _connect(dsn, connection_factory=connection_factory, **kwasync)
           ^^^^^^^^^^^^^^^^^^^^^^^^^^^^^^^^^^^^^^^^^^^^^^^^^^^^^^^^^^^^^^^
psycopg2.OperationalError: could not translate host name "db" to address: No such host is known. 


The above exception was the direct cause of the following exception:

Traceback (most recent call last):
  File "C:\Users\Igor Cretu\Desktop\Bachelor\Project\BackEnd\API\app\main.py", line 233, in decorated_function
    return f(*args, **kwargs)
           ^^^^^^^^^^^^^^^^^^
  File "C:\Users\Igor Cretu\Desktop\Bachelor\Project\BackEnd\API\app\main.py", line 1028, in get_market_statistics
    ).group_by(Car.brand).order_by(desc('total_cars')).limit(15).all()
                                                                 ^^^^^
  File "C:\Users\Igor Cretu\AppData\Local\Programs\Python\Python312\Lib\site-packages\sqlalchemy\orm\query.py", line 2693, in all
    return self._iter().all()  # type: ignore
           ^^^^^^^^^^^^
  File "C:\Users\Igor Cretu\AppData\Local\Programs\Python\Python312\Lib\site-packages\sqlalchemy\orm\query.py", line 2847, in _iter
    result: Union[ScalarResult[_T], Result[_T]] = self.session.execute(
                                                  ^^^^^^^^^^^^^^^^^^^^^
  File "C:\Users\Igor Cretu\AppData\Local\Programs\Python\Python312\Lib\site-packages\sqlalchemy\orm\session.py", line 2308, in execute
    return self._execute_internal(
           ^^^^^^^^^^^^^^^^^^^^^^^
  File "C:\Users\Igor Cretu\AppData\Local\Programs\Python\Python312\Lib\site-packages\sqlalchemy\orm\session.py", line 2180, in _execute_internal
    conn = self._connection_for_bind(bind)
           ^^^^^^^^^^^^^^^^^^^^^^^^^^^^^^^
  File "C:\Users\Igor Cretu\AppData\Local\Programs\Python\Python312\Lib\site-packages\sqlalchemy\orm\session.py", line 2047, in _connection_for_bind
    return trans._connection_for_bind(engine, execution_options)
           ^^^^^^^^^^^^^^^^^^^^^^^^^^^^^^^^^^^^^^^^^^^^^^^^^^^^^
  File "<string>", line 2, in _connection_for_bind
  File "C:\Users\Igor Cretu\AppData\Local\Programs\Python\Python312\Lib\site-packages\sqlalchemy\orm\state_changes.py", line 139, in _go
    ret_value = fn(self, *arg, **kw)
                ^^^^^^^^^^^^^^^^^^^^
  File "C:\Users\Igor Cretu\AppData\Local\Programs\Python\Python312\Lib\site-packages\sqlalchemy\orm\session.py", line 1143, in _connection_for_bind
    conn = bind.connect()
           ^^^^^^^^^^^^^^
  File "C:\Users\Igor Cretu\AppData\Local\Programs\Python\Python312\Lib\site-packages\sqlalchemy\engine\base.py", line 3268, in connect
    return self._connection_cls(self)
           ^^^^^^^^^^^^^^^^^^^^^^^^^^
  File "C:\Users\Igor Cretu\AppData\Local\Programs\Python\Python312\Lib\site-packages\sqlalchemy\engine\base.py", line 147, in __init__
    Connection._handle_dbapi_exception_noconnection(
  File "C:\Users\Igor Cretu\AppData\Local\Programs\Python\Python312\Lib\site-packages\sqlalchemy\engine\base.py", line 2430, in _handle_dbapi_exception_noconnection
    raise sqlalchemy_exception.with_traceback(exc_info[2]) from e
  File "C:\Users\Igor Cretu\AppData\Local\Programs\Python\Python312\Lib\site-packages\sqlalchemy\engine\base.py", line 145, in __init__
    self._dbapi_connection = engine.raw_connection()
                             ^^^^^^^^^^^^^^^^^^^^^^^
  File "C:\Users\Igor Cretu\AppData\Local\Programs\Python\Python312\Lib\site-packages\sqlalchemy\engine\base.py", line 3292, in raw_connection
    return self.pool.connect()
           ^^^^^^^^^^^^^^^^^^^
  File "C:\Users\Igor Cretu\AppData\Local\Programs\Python\Python312\Lib\site-packages\sqlalchemy\pool\base.py", line 452, in connect
    return _ConnectionFairy._checkout(self)
           ^^^^^^^^^^^^^^^^^^^^^^^^^^^^^^^^
  File "C:\Users\Igor Cretu\AppData\Local\Programs\Python\Python312\Lib\site-packages\sqlalchemy\pool\base.py", line 1269, in _checkout
    fairy = _ConnectionRecord.checkout(pool)
            ^^^^^^^^^^^^^^^^^^^^^^^^^^^^^^^^
  File "C:\Users\Igor Cretu\AppData\Local\Programs\Python\Python312\Lib\site-packages\sqlalchemy\pool\base.py", line 716, in checkout
    rec = pool._do_get()
          ^^^^^^^^^^^^^^
  File "C:\Users\Igor Cretu\AppData\Local\Programs\Python\Python312\Lib\site-packages\sqlalchemy\pool\impl.py", line 169, in _do_get
    with util.safe_reraise():
         ^^^^^^^^^^^^^^^^^^^
  File "C:\Users\Igor Cretu\AppData\Local\Programs\Python\Python312\Lib\site-packages\sqlalchemy\util\langhelpers.py", line 146, in __exit__
    raise exc_value.with_traceback(exc_tb)
  File "C:\Users\Igor Cretu\AppData\Local\Programs\Python\Python312\Lib\site-packages\sqlalchemy\pool\impl.py", line 167, in _do_get
    return self._create_connection()
           ^^^^^^^^^^^^^^^^^^^^^^^^^
  File "C:\Users\Igor Cretu\AppData\Local\Programs\Python\Python312\Lib\site-packages\sqlalchemy\pool\base.py", line 393, in _create_connection
    return _ConnectionRecord(self)
           ^^^^^^^^^^^^^^^^^^^^^^^
  File "C:\Users\Igor Cretu\AppData\Local\Programs\Python\Python312\Lib\site-packages\sqlalchemy\pool\base.py", line 678, in __init__
    self.__connect()
  File "C:\Users\Igor Cretu\AppData\Local\Programs\Python\Python312\Lib\site-packages\sqlalchemy\pool\base.py", line 902, in __connect
    with util.safe_reraise():
         ^^^^^^^^^^^^^^^^^^^
  File "C:\Users\Igor Cretu\AppData\Local\Programs\Python\Python312\Lib\site-packages\sqlalchemy\util\langhelpers.py", line 146, in __exit__
    raise exc_value.with_traceback(exc_tb)
  File "C:\Users\Igor Cretu\AppData\Local\Programs\Python\Python312\Lib\site-packages\sqlalchemy\pool\base.py", line 898, in __connect
    self.dbapi_connection = connection = pool._invoke_creator(self)
                                         ^^^^^^^^^^^^^^^^^^^^^^^^^^
  File "C:\Users\Igor Cretu\AppData\Local\Programs\Python\Python312\Lib\site-packages\sqlalchemy\engine\create.py", line 637, in connect
    return dialect.connect(*cargs, **cparams)
           ^^^^^^^^^^^^^^^^^^^^^^^^^^^^^^^^^^
  File "C:\Users\Igor Cretu\AppData\Local\Programs\Python\Python312\Lib\site-packages\sqlalchemy\engine\default.py", line 616, in connect
    return self.loaded_dbapi.connect(*cargs, **cparams)
           ^^^^^^^^^^^^^^^^^^^^^^^^^^^^^^^^^^^^^^^^^^^^
  File "C:\Users\Igor Cretu\AppData\Local\Programs\Python\Python312\Lib\site-packages\psycopg2\__init__.py", line 122, in connect
    conn = _connect(dsn, connection_factory=connection_factory, **kwasync)
           ^^^^^^^^^^^^^^^^^^^^^^^^^^^^^^^^^^^^^^^^^^^^^^^^^^^^^^^^^^^^^^^
sqlalchemy.exc.OperationalError: (psycopg2.OperationalError) could not translate host name "db" to address: No such host is known. 

(Background on this error at: https://sqlalche.me/e/20/e3q8)

2025-11-22 22:13:01 [INFO] [app.main] [Worker-31952] [1763845978050] Response: 500 Duration: 2.982s Size: 66 bytes
